path,size,sha256
assets/Animations/Mocap/Objects/Phone/SM_Prop_Phone.fbx,28240,1c5111569f5d714ad7d9ae1bb0d7711c9cdb4255e5a7f6a4895dc4cd65b7728e
assets/Animations/Mocap/RootMotion/Conversation/AM_Stand_Conv_Listen_01_Generic.fbx,1897872,45fae79809d0f1d0776bc22fe379b1fc9001d0eb7b9f5b0dd843212ddbe40f96
assets/Animations/Mocap/RootMotion/Conversation/AM_Stand_Conv_Talk_01.fbx,1676640,2ad6a597d793bdc3f71e315a43958216671eb0d2d52d1b6d015a29a4722dbb89
assets/Animations/Mocap/RootMotion/Conversation/AM_Stand_Conv_Talk_02_Happy.fbx,1748736,5c72d2c4532e4f6b234183deb958355ce6f44ff99dc83de69b74aaa7366b8091
assets/Animations/Mocap/RootMotion/Conversation/AM_Stand_Conv_Talk_03_Angry.fbx,1884736,27c849b400d5e048743ffdbc32388773cde744fa1d6c3a531d91fb6a6a420036
assets/Animations/Mocap/RootMotion/Conversation/AM_Stand_Conv_Talk_04_Angry.fbx,1965008,32273a2543942450cbd79faf8bbb866fd8493c88224728ac530cb3e692c99e3b
assets/Animations/Mocap/RootMotion/Conversation/AM_Stand_Conv_Talk_05_Generic.fbx,2784928,ec74a60815b4c98064abb06a63678ae12e64e5bffb9f7ec2b01f8743813dcd97
assets/Animations/Mocap/RootMotion/Conversation/AM_Stand_Conv_Talk_06_Generic.fbx,2326272,b963f331b075186c8462cc7019120b4efb3bb6bada302cdb84aa2364886d8aff
assets/Animations/Mocap/RootMotion/Conversation/AM_Stand_Conv_Talk_07_Happy.fbx,2228192,37fb50b52d91a5e4a101180b237ade7edbf5cca30ec3c56ff9dade39254bb774
assets/Animations/Mocap/RootMotion/Conversation/AM_Stand_Conv_Talk_08_Generic.fbx,2398352,a534bc33019e3cfcb10615967da5454affcbc92c634f43bb9993292d3d1a579b
assets/Animations/Mocap/RootMotion/Crouch/AM_Crouch_Idle_01.fbx,1748704,b697ad686f34530dcd1a14d62c37ee71af63a9bb8dfa00db9d5022a15f2c16f1
assets/Animations/Mocap/RootMotion/Crouch/AM_Crouch_Idle_02.fbx,1582896,7f108874a37d4c5f0bad3dc24cf040d87a29bdebe1129495e0fc0aada4c17a16
assets/Animations/Mocap/RootMotion/Crouch/AM_Crouch_Idle_03_Look_Left.fbx,1102320,899a59a1e8caebb4328b55e24a930ccee1f50b4103f8551c79e7acef017ffd1f
assets/Animations/Mocap/RootMotion/Crouch/AM_Crouch_Idle_04_Look_Around.fbx,1390688,a76ad23bad278c534502952dbaef18248a081e4d4207debb20ffaab8a075bc75
assets/Animations/Mocap/RootMotion/Crouch/AM_Crouch_Idle_05_Look_Behind.fbx,1294560,bf35f50b3459be1e2941c175173420fad9c2c3aedbf295a2303e61b06a747c0b
assets/Animations/Mocap/RootMotion/Crouch/AM_Crouch_Idle_06_Look_Behind.fbx,1246512,2faf852c7353e70effa14ac8892e6bb1e70a57895cf429286eb37ed8425e32c7
assets/Animations/Mocap/RootMotion/Crouch/AM_Crouch_Idle_07_Look_Around.fbx,1630992,73dce0d70885473c0880a505117ccfb6aec9ede487554ecc1577199486270520
assets/Animations/Mocap/RootMotion/Crouch/AM_Crouch_Idle_Trans_Stand_01.fbx,1006208,866adfe549fb6f7c2f5199eacd5a9dedae6a307c6833c9b3717e0e447733ea69
assets/Animations/Mocap/RootMotion/Crouch/AM_Crouch_Idle_Trans_Stand_02.fbx,1727104,3cb1b665df0f5ab22d6a839192719ceafc1123a0e527f036575beb8d39e08508
assets/Animations/Mocap/RootMotion/Crouch/AM_Crouch_Idle_Turn_L045.fbx,910080,fab195ab09a136109413b081698c1ee55098343d686649e6a7bebb4222321bb6
assets/Animations/Mocap/RootMotion/Crouch/AM_Crouch_Idle_Turn_L090.fbx,958128,da39346df11408e0affe9de938559d427f013b42034e0b0f909c2838343d2d6f
assets/Animations/Mocap/RootMotion/Crouch/AM_Crouch_Idle_Turn_L135.fbx,1246496,6f43213497da336db491ef9c4aea2b9efa220ca5e0ec54328b27d32a0aa7b585
assets/Animations/Mocap/RootMotion/Crouch/AM_Crouch_Idle_Turn_L180.fbx,1246496,69d5ac7da10ca74c36be52e542b159c2a20bbee4664792e01369c98a335776d9
assets/Animations/Mocap/RootMotion/Crouch/AM_Crouch_Idle_Turn_R045.fbx,910080,034b02c6eccde5cf51a6e60be55d687b38f17c1ca71b47af75e13a9f6945e6fe
assets/Animations/Mocap/RootMotion/Crouch/AM_Crouch_Idle_Turn_R090.fbx,958128,d29d46ba368ca005ca234eba4b74707814efb1644120ea2e1cf64b7c49c0e14d
assets/Animations/Mocap/RootMotion/Crouch/AM_Crouch_Idle_Turn_R135.fbx,1150368,ca5cfab1fd5c41290256af06801aaa14c54c86b5f5b412b4adadbbd42a17c26f
assets/Animations/Mocap/RootMotion/Crouch/AM_Crouch_Idle_Turn_R180.fbx,1150368,c87caefda48b63703e68492767ae36d9e45de96d9d36b92f51b3558d04059b1e
assets/Animations/Mocap/RootMotion/Crouch/AM_Crouch_Trans_Ready.fbx,1054256,61b6c1671007712df43dde9fe01f773b4aadd756c089bc1e390af68ce261e548
assets/Animations/Mocap/RootMotion/Crouch/AM_Ready_Trans_Crouch.fbx,958128,ac8c961fc2570193695cab63e8191a5a2f9e1cd9a3b214f0040f14387f5f530c
assets/Animations/Mocap/RootMotion/Crouch/AM_Stand_Idle_Trans_Crouch_01.fbx,1054272,aa086a9ad889770978039db15702608fdd6e56f7d2e5fc4409787a8e0c7e98fa
assets/Animations/Mocap/RootMotion/Crouch/AM_Stand_Idle_Trans_Crouch_02.fbx,862032,18abfe980188fb9effec3bcf2a1f07d7966b45fa7158cd586f375361be41df39
assets/Animations/Mocap/RootMotion/Dance/AM_Dance_Basic_01.fbx,2414608,ed2db77b8af28f9af2e7983f1b6219e9bf75cce1badc8ed083d07da83e4549d9
assets/Animations/Mocap/RootMotion/Dance/AM_Dance_Basic_02.fbx,2936640,75c49a276a4226f8a75ff32cb86a963e909cc4b30dad4e77061d08761fb8f1de
assets/Animations/Mocap/RootMotion/Dance/AM_Dance_Basic_03_Arm_Flare.fbx,1171184,5d8ad863fecc5ebf9b9656f31896dccfd96bfec148f0ce7ebd9ee76586b30aec
assets/Animations/Mocap/RootMotion/Dance/AM_Dance_Basic_Trans_Stand.fbx,1122048,95d493c5892aecbf6841bf7899e902616d784a21c4531793e7a18d714c6f9532
assets/Animations/Mocap/RootMotion/Dance/AM_Stand_Dance_01_Loop.fbx,2361488,6e48877e11031806ebf523de8dc95e28defa7b6cc53fadb6aa4fec1b0c8cacaa
assets/Animations/Mocap/RootMotion/Dance/AM_Stand_Dance_01_Start.fbx,910080,6306eab4708cb78936292088b69195543f27d9911745d8f7c435cd7853e668ce
assets/Animations/Mocap/RootMotion/Dance/AM_Stand_Dance_01_Stop.fbx,1246496,862279931c8c87d7d0d5728f959b95c4e9653c8af136b844784083b662401d8e
assets/Animations/Mocap/RootMotion/Dance/AM_Stand_Dance_02.fbx,2231664,0496491d6908e1376133236ecc299db94e7a83c7ed6e5379f3c8912fbe849705
assets/Animations/Mocap/RootMotion/Dance/AM_Stand_Trans_Dance_Basic.fbx,1416880,7bff92bd4fb8a4c753a5bce8b02db938e434e0a2152cbda874065f65ebcdfe6a
assets/Animations/Mocap/RootMotion/Idle/AF_Stand_Idle_01.fbx,2353536,4bf6caa5e9773cc1dd5b78be15827f154853657119092091a181324bb1eeada8
assets/Animations/Mocap/RootMotion/Idle/AF_Stand_Idle_02_Weight_Shift.fbx,1960992,f8b12ff79c63ff7746664f9be14cdb3ad9baf338f8a10d91134ba416116c46d9
assets/Animations/Mocap/RootMotion/Idle/AF_Stand_Idle_03_Look_Right.fbx,2167936,f7ad3827de797dd27ab8f4173cc224e5239838ceb834111118e0da78c473b574
assets/Animations/Mocap/RootMotion/Idle/AF_Stand_Idle_04_Look_Left.fbx,2008624,2403a531549be2e4a361306dc96e1907c8a721712f14d44ae4ac7b57d2e89d79
assets/Animations/Mocap/RootMotion/Idle/AF_Stand_Idle_05_Weight_Shift.fbx,2415952,e12ff1467bbe8cf1c5b744c5d659a486acc10dd2ecac0e390fa996aefbc428a8
assets/Animations/Mocap/RootMotion/Idle/AF_Stand_Idle_06_Look_Floor.fbx,2212000,1043962d426a2db1fcc0a0809111528e9e3823022cd29684baefc8f9a0f48bbe
assets/Animations/Mocap/RootMotion/Idle/AF_Stand_Idle_07_Look_Behind.fbx,2394320,6909094c8458a37753698fdccd13eda470ca134cd176498109b1c6521886da0b
assets/Animations/Mocap/RootMotion/Idle/AF_Stand_Idle_08_Look_Behind.fbx,1997024,bf1c825cd27640838065a27a3901fd6db9057b408aa58f2617c87bde1fe4a555
assets/Animations/Mocap/RootMotion/Idle/AF_Stand_Idle_09_Thigh_Tap.fbx,1936192,d561c0b6489c4a6798efa14b63582d36de33a3c56d3b2666f4126aeb6de9e1b4
assets/Animations/Mocap/RootMotion/Idle/AF_Stand_Idle_10_Hip_Left_Hand.fbx,2039776,9d96b88cc819953e37d6e66d5738c900e36411ef6ecf645c6d686f0e0a5b017f
assets/Animations/Mocap/RootMotion/Idle/AF_Stand_Idle_11_Hip_Right_Hand.fbx,2420640,c739c2742a8c28fc319c13241c892c712c32293023e57ef02927caa26830d402
assets/Animations/Mocap/RootMotion/Idle/AF_Stand_Idle_12_Hip_Hans.fbx,2925872,4ba53c8bcb3241f2cbfe27ea3645d8b3f67019f0cde34a2bcc876b803b44f902
assets/Animations/Mocap/RootMotion/Idle/AM_Stand_Idle_01.fbx,1856672,3b594af2f09f38555b0f6766fc02e7aee2afd8740253daf8c16cf96a835c7ed7
assets/Animations/Mocap/RootMotion/Idle/AM_Stand_Idle_02.fbx,2298112,b9181cd8bfb600d6123b8596897a6ab88613fcb11d23692e1aa6a4293a568707
assets/Animations/Mocap/RootMotion/Idle/AM_Stand_Idle_03_Look_Around.fbx,1676640,18e2af69201d48d1b2bd32b859b77208a652ebd40438679652516405005d82b6
assets/Animations/Mocap/RootMotion/Idle/AM_Stand_Idle_04_Look_Around.fbx,2180464,0c9a9256c075cdc5707b9580b75b75ec88fe93967394e41a0c2e726933dd4fb4
assets/Animations/Mocap/RootMotion/Idle/AM_Stand_Idle_05_Hands_Hips_Loop.fbx,1820816,62841578cb2b6f3193feab630e267b021fca0ca569345c2b011e5d9199715b6e
assets/Animations/Mocap/RootMotion/Idle/AM_Stand_Idle_05_Hands_Hips_Start.fbx,1524448,d42bb97e3ae3fdf87bb62bc5c0f48ea882e04449d3025f4ff2ea0d3964797f95
assets/Animations/Mocap/RootMotion/Idle/AM_Stand_Idle_05_Hands_Hips_Stop.fbx,1246512,b988c8c122c91f8ac777db40f7ecb3015a91de7b47b1bd289f39da1873643f6f
assets/Animations/Mocap/RootMotion/Idle/AM_Stand_Idle_06_Scratch_Arm.fbx,1596528,9b596a8a0d1020ecc7007411713974fdd85a23fc33b9b24f9a017cda0490d6d1
assets/Animations/Mocap/RootMotion/Idle/AM_Stand_Idle_07_Scratch_Leg.fbx,1714288,5943bc83fb065221d408abb0cc25b4639de9768c66e86f815064efad1e6cb646
assets/Animations/Mocap/RootMotion/Idle/AM_Stand_Idle_08_Thigh_Tap.fbx,1534848,cf41e96b9c9cbf079e9176e81f76eebf329e5363686db5ba6c29c10998631043
assets/Animations/Mocap/RootMotion/Idle/AM_Stand_Idle_09_Finger_Guns.fbx,1486800,5df666d5a023d9a4ce3cc9a33bd7f2ee512b4db63e1d5d85c2cc8420d1fbd288
assets/Animations/Mocap/RootMotion/Idle/AM_Stand_Idle_10_Finger_Guns.fbx,1582912,54cda1faa790b7d17f12195a11588d7d57eb1dbd51da2863ca3d74276291b9f9
assets/Animations/Mocap/RootMotion/Idle/AM_Stand_Idle_11_Point.fbx,1534848,ee13e8dae0cecf16d05c476a709d6e540a42cb8e61f05d8586ea4c33520a332f
assets/Animations/Mocap/RootMotion/Jump/AM_Jump.fbx,775472,1008a07eed3970966429825f26a62d34141011faeac07f1fcc00b0b07f3b3fcd
assets/Animations/Mocap/RootMotion/Jump/AM_Jump_Fall_Loop.fbx,1381040,a1920c8e4ad2771c082a32ca70a89bc61b512bb4ced4478057836eae3284d53e
assets/Animations/Mocap/RootMotion/Jump/AM_Jump_Land_Recovery.fbx,890848,85077777dfa28eee8ce86fe840f88fccf8c83dd54bffbd39fc87e23ad7f0df71
assets/Animations/Mocap/RootMotion/Kneel/AM_Kneel_B_Idle_01.fbx,1747744,4b522f21eb8c80125573e9399c983875f51b2fa8e621aad1060a437bba4329db
assets/Animations/Mocap/RootMotion/Kneel/AM_Kneel_B_Idle_02_Look_At_Floor.fbx,1711728,1ca786e6b8097ab3549bcfb3bf9b4d4977c3d320fd4314f3f53906e59b0d6934
assets/Animations/Mocap/RootMotion/Kneel/AM_Kneel_B_Trans_Stand.fbx,1171184,6e5ebcb1bdb3cde9d22a87c3ec09f40e51fd1b0af2bf7b11309509b1ea20a6a9
assets/Animations/Mocap/RootMotion/Kneel/AM_Stand_Trans_Knee_B.fbx,1122032,e070b1f9ecfde3c293f58de74f08feec2c5c4e5999d86580537aa1bb385c16d0
assets/Animations/Mocap/RootMotion/Locomotion/AF_Loco_Jog_Bwd.fbx,781104,0d8e31c297c17feb631bd09b66ad588b4884b439269612f2e58c927ac63535c2
assets/Animations/Mocap/RootMotion/Locomotion/AF_Loco_Jog_Bwd_Left.fbx,781104,05d25e5c8dc1f226c94476e225979e4ac38e8cf9e13f152bf3fab73ef04a5792
assets/Animations/Mocap/RootMotion/Locomotion/AF_Loco_Jog_Bwd_Right.fbx,781104,7a03ce196411bacd32359a0110772eb499b9d7085423f5f91d62f0a6b924dc5a
assets/Animations/Mocap/RootMotion/Locomotion/AF_Loco_Jog_Fwd.fbx,781104,4d5b7d2c58c58847bc8a38ab47f9f02e9d9d02960df7c612053fec182c671a0d
assets/Animations/Mocap/RootMotion/Locomotion/AF_Loco_Jog_Fwd_Left.fbx,781104,6a11eed397368303e8f86ef94d351bb388d8f5db68fc7e73d1ed91268303d42e
assets/Animations/Mocap/RootMotion/Locomotion/AF_Loco_Jog_Fwd_Right.fbx,781104,484fb10f040d4128fa60a8c897e7730d1363d88247b0c8334c3bc37183e3a4ec
assets/Animations/Mocap/RootMotion/Locomotion/AF_Loco_Jog_Left.fbx,781104,7af60eb9573060448bec30c7672757fc1322721c031bcdec792c23822536a547
assets/Animations/Mocap/RootMotion/Locomotion/AF_Loco_Jog_Right.fbx,781104,53222ed43ac304afb71a926554395ec83b2b83847957f9378d1ad495b8a7a851
assets/Animations/Mocap/RootMotion/Locomotion/AF_Loco_Walk_Bwd.fbx,915664,edd5859c0d63b2c8a6c9f158e3d5b0183fe6631caca36be43a604decd7d95331
assets/Animations/Mocap/RootMotion/Locomotion/AF_Loco_Walk_Bwd_Left.fbx,915680,d0867122094d1f38554b9ddd3e8ca4df00c7a121153119d74e9656ffcccc4de8
assets/Animations/Mocap/RootMotion/Locomotion/AF_Loco_Walk_Bwd_Right.fbx,915680,2ba07cc6935e08a83154e4395c4d462dec8d4e83a491ef480df977dccf6607b2
assets/Animations/Mocap/RootMotion/Locomotion/AF_Loco_Walk_Fwd.fbx,915664,813a3a76a28ba258019d7e294f675c31ca514b3ef68a0482480eedea23cb69d0
assets/Animations/Mocap/RootMotion/Locomotion/AF_Loco_Walk_Fwd_Left.fbx,915680,fc749ff6dda7f85aa9adfb3461f62b8de8e43d6297881b03813101c05c3f1005
assets/Animations/Mocap/RootMotion/Locomotion/AF_Loco_Walk_Fwd_Right.fbx,915680,9017b49609a5b840130bb80ff8f4cfe1c2e3a722fc8dfa47f0a4821e255edb8e
assets/Animations/Mocap/RootMotion/Locomotion/AF_Loco_Walk_Left.fbx,915680,0b1d701cd597555b0646d9ae43be4e9b47e3539f01aa92471a5cf0307ae4e6e5
assets/Animations/Mocap/RootMotion/Locomotion/AF_Loco_Walk_Right.fbx,915680,ba9f61a306496a1bb8356b3d4aaabfb07700cd0e27cf9dedca76139aaa6709f6
assets/Animations/Mocap/RootMotion/Locomotion/AM_Crouch_Loco_Walk_Bwd.fbx,1054256,2d6e8bc79e604b0a95aad5bf842e027e915e40094a460758a4064c53485ae4fb
assets/Animations/Mocap/RootMotion/Locomotion/AM_Crouch_Loco_Walk_Bwd_Left.fbx,1054272,ce0e202d6d51bee6d3e63ae779e7624c381ed11edc590a43623b452bc87ee940
assets/Animations/Mocap/RootMotion/Locomotion/AM_Crouch_Loco_Walk_Bwd_Right.fbx,1054272,0684f83962815be5432a034e13d47e1401e934232bc675f66b47ce528023bef0
assets/Animations/Mocap/RootMotion/Locomotion/AM_Crouch_Loco_Walk_Fwd.fbx,1054256,ff868dfef242b4d841711131d5adcdf863a0fe91f5c677cefe4af9202c3ae7db
assets/Animations/Mocap/RootMotion/Locomotion/AM_Crouch_Loco_Walk_Fwd_Left.fbx,1054272,e402df7f25c9ddc5c10e01f3fdb58ba8a253e374c6745601fb4213b6ad54587c
assets/Animations/Mocap/RootMotion/Locomotion/AM_Crouch_Loco_Walk_Fwd_Right.fbx,1054272,9e8302f8bb90129f5f0465fdbb4c662d5f50edac1a30fe32bc67d28f24641108
assets/Animations/Mocap/RootMotion/Locomotion/AM_Crouch_Loco_Walk_Left.fbx,1054272,d3667b37af49d6b4ff7da247ca2b9072b55432dd36c0a629b3cd80068ac52441
assets/Animations/Mocap/RootMotion/Locomotion/AM_Crouch_Loco_Walk_Right.fbx,1054272,a62b0a6144813a98748ae81d392c16c323b5d64c644eb33efbfdb045e6bfea2d
assets/Animations/Mocap/RootMotion/Locomotion/AM_Loco_Jog_01.fbx,958128,0160acb6f077e46dac53ca15d46642741250887b096a09f39b0d1813fd061590
assets/Animations/Mocap/RootMotion/Locomotion/AM_Loco_Jog_Bwd.fbx,746656,cc1218be6319cb27e96dba567f7ce2c4d3bf6bfd8d5b5bbe31b3c6e9d88f5780
assets/Animations/Mocap/RootMotion/Locomotion/AM_Loco_Jog_Bwd_Left.fbx,746672,996e29dab9deb49f7ae9db2bdb2150244ca97e52beb658d8e6dc8a8310febc7e
assets/Animations/Mocap/RootMotion/Locomotion/AM_Loco_Jog_Bwd_Right.fbx,746672,1dfe5f1dfb5f69b7a10863d9f745829ec5f46adb35c55034de5a409d58dd43eb
assets/Animations/Mocap/RootMotion/Locomotion/AM_Loco_Jog_Fwd.fbx,746656,ec09697fdb19a34c7d1c5e09c237326bd92974f941bd099ef8226656f6a1e97f
assets/Animations/Mocap/RootMotion/Locomotion/AM_Loco_Jog_Fwd_Left.fbx,746672,4e3fc8ddcd2f840c9d34677eb17a450f2ff64a205a3aaed5e3548f7f0a88e641
assets/Animations/Mocap/RootMotion/Locomotion/AM_Loco_Jog_Fwd_Right.fbx,746672,4cab4ee76c7ef43c4eb5b7369f7dd06cc5f75e0568908aa0db039fde89b9eb7d
assets/Animations/Mocap/RootMotion/Locomotion/AM_Loco_Jog_Left.fbx,746672,6a6b594079f3abe5998ac4f58e3bc3a31193b17ceb6f34e215e171a17b1717d4
assets/Animations/Mocap/RootMotion/Locomotion/AM_Loco_Jog_Right.fbx,746672,1e633ad508c266bf903831b1ee3dc1980e3098d85dbeed0e5f4976673c690cf7
assets/Animations/Mocap/RootMotion/Locomotion/AM_Loco_Run_01.fbx,717824,d2cab861a88cceea227fe39ff781bd6cc0589741ec1b485b6a3490225f6f9404
assets/Animations/Mocap/RootMotion/Locomotion/AM_Loco_Run_Fast_01.fbx,679392,ddf21b2ab36eccadde1bca0fe49c9380fc2d8829ebc71d74eeff7f0fc67d4ad3
assets/Animations/Mocap/RootMotion/Locomotion/AM_Loco_Walk_01.fbx,876336,8c4e69dd61f5a25b96ff0f937a3b7bbe70cd4217e17d0006d39c0ccb9adc061b
assets/Animations/Mocap/RootMotion/Locomotion/AM_Loco_Walk_Bwd.fbx,862016,88644068087053c1eee85bd6cdeebcf24aba3cf0e27c84a6b4280b6f59539644
assets/Animations/Mocap/RootMotion/Locomotion/AM_Loco_Walk_Bwd_Left.fbx,862016,d78c335fa6e7b8d12df40babb2cd9699790272b8cb591c912b39c04dcbc1092b
assets/Animations/Mocap/RootMotion/Locomotion/AM_Loco_Walk_Bwd_Right.fbx,862016,0f6afa3db7eb155e44b5a30a4533735a9047eef045c2afd791d0cc8b219ad189
assets/Animations/Mocap/RootMotion/Locomotion/AM_Loco_Walk_Fwd.fbx,862016,04d406085261041734b48bbf2f13d2c53aef2af288455968498db12a1410b483
assets/Animations/Mocap/RootMotion/Locomotion/AM_Loco_Walk_Fwd_Left.fbx,862016,f016b1c999f2bff9453c84a66b7b62e641d18707bd9462b35c1a9d2f3ad3e41c
assets/Animations/Mocap/RootMotion/Locomotion/AM_Loco_Walk_Fwd_Right.fbx,862016,31d7273facb2fa07a553cd97e051d96188599c3ee048f9653c8c75153870a40d
assets/Animations/Mocap/RootMotion/Locomotion/AM_Loco_Walk_Left.fbx,862016,edffb71f90cf3f2ea2c5cbc1182c8e65a6acfea05fb34e52a95c53787f285251
assets/Animations/Mocap/RootMotion/Locomotion/AM_Loco_Walk_Right.fbx,862016,c4d7ef59c1e8d1cdf0567a38e4f121b8d08663504d4066a26e9a5dced48698d4
assets/Animations/Mocap/RootMotion/Locomotion/AM_Ready_Idle_Step_Bwd_R_Foot.fbx,958160,399d046cbb678f6c6c918459ed3766941b100de994f4e5c607e350c1ab34621d
assets/Animations/Mocap/RootMotion/Locomotion/AM_Ready_Idle_Step_Fwd_L_Foot.fbx,1054272,fd171e3dff0ab100897b46f27a4237de74f30b6168ee0ddf808a8a75b20169e2
assets/Animations/Mocap/RootMotion/Locomotion/AM_Ready_Idle_Step_Left.fbx,910080,0f0a2cb71da0feae3970421b35a28e382cbada9ed98bb6865031cd7ce5be781f
assets/Animations/Mocap/RootMotion/Locomotion/AM_Ready_Idle_Step_Right.fbx,1006208,6c766773204f6991b24257b0fd95f6d08751fc18d5d2b8992a404f33fccba84c
assets/Animations/Mocap/RootMotion/Locomotion/AM_Stand_Idle_Step_Bwd_L_Foot.fbx,1006208,2d735e7d6ca55fb6e4dc809cc94c0e20ddab469603888de79dfbb7673720daae
assets/Animations/Mocap/RootMotion/Locomotion/AM_Stand_Idle_Step_Bwd_R_Foot.fbx,1006208,bc29795ee200a8bac3318dfcdcfd0a0d2f611ca0786339f925fc36fb647a5216
assets/Animations/Mocap/RootMotion/Locomotion/AM_Stand_Idle_Step_Fwd_L_Foot.fbx,1054272,346ed672eb55e213ddb105ea28246a1d3dbfe68850d0b4770fd960291d0da6df
assets/Animations/Mocap/RootMotion/Locomotion/AM_Stand_Idle_Step_Fwd_R_Foot.fbx,1006208,03c0feb372c59a89c96c3621ecc2e078e0f2cb635b1119481269a74c3da54ee2
assets/Animations/Mocap/RootMotion/Locomotion/AM_Stand_Idle_Step_Left.fbx,958144,9e18380c32abd96baac23624b958e032f20bf5e481a95eec0c9c3d34c7722246
assets/Animations/Mocap/RootMotion/Locomotion/AM_Stand_Idle_Step_Right.fbx,910080,1b8231a30f32137bb1ea33d3f94ba4b96dd55d69dfc5234d9f9a5798a9648517
assets/Animations/Mocap/RootMotion/Locomotion/Locomotion_Mirror/AF_Loco_Jog_Bwd_Left_Mirror.fbx,781152,80687a3e7086fe9edf9e1c49ea21f4cd6a3caed1df7be43283428683059bbb41
assets/Animations/Mocap/RootMotion/Locomotion/Locomotion_Mirror/AF_Loco_Jog_Bwd_Mirror.fbx,781152,9392c7de8d73f0628ac40db6766c4960e6ed04d25e639ac11cdb5fe109ea64e4
assets/Animations/Mocap/RootMotion/Locomotion/Locomotion_Mirror/AF_Loco_Jog_Bwd_Right_Mirror.fbx,781152,4f72cf7c2e52937faa0d93b93cfb2888f6052f8e08522dc7825e6bc14ced6b97
assets/Animations/Mocap/RootMotion/Locomotion/Locomotion_Mirror/AF_Loco_Jog_Fwd_Left_Mirror.fbx,781152,c728255bb33d2381785bb7f39e97f0e1c54ae48fc9992941e38526da27a8a3aa
assets/Animations/Mocap/RootMotion/Locomotion/Locomotion_Mirror/AF_Loco_Jog_Fwd_Mirror.fbx,781152,df9d5447b3e328745f78e759626d76cba8435a87ec4e6a6b1153363fd122833a
assets/Animations/Mocap/RootMotion/Locomotion/Locomotion_Mirror/AF_Loco_Jog_Fwd_Right_Mirror.fbx,781152,26410a6b5f9439b4004ef1869643591308ecc1b7f9219cc98b04a30493c478da
assets/Animations/Mocap/RootMotion/Locomotion/Locomotion_Mirror/AF_Loco_Jog_Left_Mirror.fbx,781152,e6116cacaeb83a39b109253d38066edff59c8a622a5f2f4d1c28cc6a731d1584
assets/Animations/Mocap/RootMotion/Locomotion/Locomotion_Mirror/AF_Loco_Jog_Right_Mirror.fbx,781152,01a92ee44568fd2e0f5544cbadb4390b42b963e33aeadab8b7337b20c8babd18
assets/Animations/Mocap/RootMotion/Locomotion/Locomotion_Mirror/AF_Loco_Walk_Bwd_Left_Mirror.fbx,915728,7d0142ea90a18e52a6055aedc4ac5df7ea2d94712f443cc683228937aeec9689
assets/Animations/Mocap/RootMotion/Locomotion/Locomotion_Mirror/AF_Loco_Walk_Bwd_Mirror.fbx,915712,5eacea760f3a61b2dd1349559ea0462cee8beb3f25b0659cf0a5ee3777b2607c
assets/Animations/Mocap/RootMotion/Locomotion/Locomotion_Mirror/AF_Loco_Walk_Bwd_Right_Mirror.fbx,915728,bb1ee2a117f594321f10400fab61e205fd7cb4d19bc657e490dff3f87f4c0890
assets/Animations/Mocap/RootMotion/Locomotion/Locomotion_Mirror/AF_Loco_Walk_Fwd_Left_Mirror.fbx,915728,1776dbb2987d271aa4d3abc47d3dec0fb6978a84b4d9aeecf459efa368bbb3bb
assets/Animations/Mocap/RootMotion/Locomotion/Locomotion_Mirror/AF_Loco_Walk_Fwd_Mirror.fbx,915712,eecd7a1e5badef2762c617eb4f12fdeda2a6282e824435639690616d03e01a18
assets/Animations/Mocap/RootMotion/Locomotion/Locomotion_Mirror/AF_Loco_Walk_Fwd_Right_Mirror.fbx,915728,9fa5f8dd281452f67a6929d23659e177f7b409e20a742bb36cf031cd7b5c5a13
assets/Animations/Mocap/RootMotion/Locomotion/Locomotion_Mirror/AF_Loco_Walk_Left_Mirror.fbx,915728,0cee0ed01de947c9f9ae1ad50cd005d0c3d00113ca3d1b6dc3e8aa6a50b64aac
assets/Animations/Mocap/RootMotion/Locomotion/Locomotion_Mirror/AF_Loco_Walk_Right_Mirror.fbx,915728,dec658bd0db20d6f8e1a33c845152d0a2d27be558f9f100d04b2cbc1392506b1
assets/Animations/Mocap/RootMotion/Locomotion/Locomotion_Mirror/AM_Crouch_Loco_Walk_Bwd_Left_Mirror.fbx,1054320,8f5d3d3757b58a84d0d38617b57ffdb32c1e76cbe2922e78264cfc2e2f540fe4
assets/Animations/Mocap/RootMotion/Locomotion/Locomotion_Mirror/AM_Crouch_Loco_Walk_Bwd_Mirror.fbx,1054304,58296247110e11a4779bab47736b6604b6026c0a7076bd3eb68dd781a3d10972
assets/Animations/Mocap/RootMotion/Locomotion/Locomotion_Mirror/AM_Crouch_Loco_Walk_Bwd_Right_Mirror.fbx,1054320,9be33eb9deacc82b229089ed4591e46c472fc84b694bedb5da55fb879172de01
assets/Animations/Mocap/RootMotion/Locomotion/Locomotion_Mirror/AM_Crouch_Loco_Walk_Fwd_Left_Mirror.fbx,1054320,e04c1f537a10ea7a4aa742136d48907207c6554bc90b91e9efde97560467ae84
assets/Animations/Mocap/RootMotion/Locomotion/Locomotion_Mirror/AM_Crouch_Loco_Walk_Fwd_Mirror.fbx,1054304,78ee3058598984a1af74f01d9d26c94b22b0e7d88d7d6b36d8f14df27bcb3b09
assets/Animations/Mocap/RootMotion/Locomotion/Locomotion_Mirror/AM_Crouch_Loco_Walk_Fwd_R_Ight_Mirror.fbx,1054320,a1626d721f37d9c0320a6a80ea9b12a4be27b7e53986958dacbe6e73eaf1a616
assets/Animations/Mocap/RootMotion/Locomotion/Locomotion_Mirror/AM_Crouch_Loco_Walk_Left_Mirror.fbx,1054320,bfe98bbfa6be980cf7b0d72fefebfad570bd2bcd810a38e56196f5e9af5924fe
assets/Animations/Mocap/RootMotion/Locomotion/Locomotion_Mirror/AM_Crouch_Loco_Walk_Right_Mirror.fbx,1054320,5ca0ed79ff9cd72e5690080603c10ea897c5cef0dfc5a0eba04d1bc07a6de522
assets/Animations/Mocap/RootMotion/Locomotion/Locomotion_Mirror/AM_Loco_Jog_Bwd_Left_Mirror.fbx,746720,bc456f414751a520a4f0472ec77d023695a58f5f0c912f0f61be74064595a687
assets/Animations/Mocap/RootMotion/Locomotion/Locomotion_Mirror/AM_Loco_Jog_Bwd_Mirror.fbx,746704,ae9b5a8c36dc63098e06ae09a2be2148135e05660c50b3f6852c077078cf603f
assets/Animations/Mocap/RootMotion/Locomotion/Locomotion_Mirror/AM_Loco_Jog_Bwd_Right_Mirror.fbx,746720,d26d59c17050b4a2c8b01461c00c5c90e097d9f32bfecde655aecc0de87ad130
assets/Animations/Mocap/RootMotion/Locomotion/Locomotion_Mirror/AM_Loco_Jog_Fwd_Left_Mirror.fbx,746720,01a9c121ff676f9bbb5f4e1954567cae68c7a802b421ba16b37d9a54d27fbbce
assets/Animations/Mocap/RootMotion/Locomotion/Locomotion_Mirror/AM_Loco_Jog_Fwd_Mirror.fbx,746704,91bc16f4c6bd3da957645b98e5df7d446362966a7cc3d576ea7cafdcec148633
assets/Animations/Mocap/RootMotion/Locomotion/Locomotion_Mirror/AM_Loco_Jog_Fwd_Right_Mirror.fbx,746720,988e0d18b46e9765b0b66ff798395a127aa4d864b1d67399c10e68244c96e61d
assets/Animations/Mocap/RootMotion/Locomotion/Locomotion_Mirror/AM_Loco_Jog_Left_Mirror.fbx,746720,317c8381f40329773d2b5c6faa80ff940a5a594024c55346972437aa2a0605a7
assets/Animations/Mocap/RootMotion/Locomotion/Locomotion_Mirror/AM_Loco_Jog_Right_Mirror.fbx,746720,3529763cf81100ad8022e5148920c04f5928718227a6f9f3ca0a58643180a530
assets/Animations/Mocap/RootMotion/Locomotion/Locomotion_Mirror/AM_Loco_Walk_Bwd_Left_Mirror.fbx,862064,d6af0430df303a773b58b7833567de409b1c147204c49bcb51833824760253ad
assets/Animations/Mocap/RootMotion/Locomotion/Locomotion_Mirror/AM_Loco_Walk_Bwd_Mirror.fbx,862064,76021edc1d92c426f8d0e90cb9721c72eb84f732b1e0805f1edc99c7573184be
assets/Animations/Mocap/RootMotion/Locomotion/Locomotion_Mirror/AM_Loco_Walk_Bwd_Right_Mirror.fbx,862064,404731a61793c39f4c0f4ec50c63c30bd5f0341563c3396792f72acd992babda
assets/Animations/Mocap/RootMotion/Locomotion/Locomotion_Mirror/AM_Loco_Walk_Fwd_Left_Mirror.fbx,862064,ba93c420cada193fd78bd694365599b9999e15da294637fa2def4fd8e614521e
assets/Animations/Mocap/RootMotion/Locomotion/Locomotion_Mirror/AM_Loco_Walk_Fwd_Mirror.fbx,862064,585275ed5256baec63848d871e9c60ef44bc99ceae039a9b5c6835ef0852f8e4
assets/Animations/Mocap/RootMotion/Locomotion/Locomotion_Mirror/AM_Loco_Walk_Fwd_Right_Mirror.fbx,862064,ded72d7f2464af7aac795b791b99f7659f594f92b08f9f85c5c03f2925b10a9b
assets/Animations/Mocap/RootMotion/Locomotion/Locomotion_Mirror/AM_Loco_Walk_Left_Mirror.fbx,862064,4e197847a7144678a50f1f36dc880da605a9f42dbca2bc1585ec0826aff448d7
assets/Animations/Mocap/RootMotion/Locomotion/Locomotion_Mirror/AM_Loco_Walk_Right_Mirror.fbx,862064,29df7bd1c40e550603d7a4da350e86d6162f67e5ca5ad311b2f9755c039a90ab
assets/Animations/Mocap/RootMotion/Locomotion_V2/AF_Jog/AF_Loco_Jog_Bwd.fbx,896464,541d067d7479a6e26f6989550d33ea62c9f2aca2384729e90c73eee79183012d
assets/Animations/Mocap/RootMotion/Locomotion_V2/AF_Jog/AF_Loco_Jog_Bwd_Left.fbx,896464,ffe9d462ea7558201552ca438c8ead48ca00939318fe624fa6f6d37d8aea8590
assets/Animations/Mocap/RootMotion/Locomotion_V2/AF_Jog/AF_Loco_Jog_Bwd_Pivot.fbx,1405904,95792b312f8906d012bbaa645f617e8537e5087d87e2b87bee747d563cdb61ff
assets/Animations/Mocap/RootMotion/Locomotion_V2/AF_Jog/AF_Loco_Jog_Bwd_Right.fbx,896480,16661236025b3680a704db0a2f8404e2973cb3157c14902f11ee007a4f6a079e
assets/Animations/Mocap/RootMotion/Locomotion_V2/AF_Jog/AF_Loco_Jog_Bwd_Start.fbx,1040656,35bf6c9c96a4ffc5d331e80aa89ff0b8f822837bba948ae6b9fc5eb7822c329a
assets/Animations/Mocap/RootMotion/Locomotion_V2/AF_Jog/AF_Loco_Jog_Bwd_Stop.fbx,1502032,13513ab67f2889527e9d19bcaa346c34ebb67052d8b0521681cae6baf2607c37
assets/Animations/Mocap/RootMotion/Locomotion_V2/AF_Jog/AF_Loco_Jog_Fwd.fbx,954128,da6194aa8df9c3112b7427f0384b13dd4154078b49547e7b942075f3b8adf74a
assets/Animations/Mocap/RootMotion/Locomotion_V2/AF_Jog/AF_Loco_Jog_Fwd_Left.fbx,954144,240059637e3c95457e4c0bb2148ae7b863cc9aac24075d61419bfc4294a6b6d3
assets/Animations/Mocap/RootMotion/Locomotion_V2/AF_Jog/AF_Loco_Jog_Fwd_Pivot.fbx,1271344,fd57a2cd71bb07a3bd59f84084a8b5eb39ef6de836fed2bbbd793983766a7f35
assets/Animations/Mocap/RootMotion/Locomotion_V2/AF_Jog/AF_Loco_Jog_Fwd_Right.fbx,954144,dcb58b2a52f3fb9f03d2404734419ba0f20060d1695e026734981fc22e7df417
assets/Animations/Mocap/RootMotion/Locomotion_V2/AF_Jog/AF_Loco_Jog_Fwd_Start.fbx,1079104,377a9653c690841f8f9dfc1bd1e0ebbbcdc82cb2be15d2c0312c0d3664fb787b
assets/Animations/Mocap/RootMotion/Locomotion_V2/AF_Jog/AF_Loco_Jog_Fwd_Stop.fbx,1204064,744421f475c605ef985baae78376f19649ad13d61bd4dd125c59d31ae693f7cd
assets/Animations/Mocap/RootMotion/Locomotion_V2/AF_Jog/AF_Loco_Jog_Left.fbx,896464,0a009745b0b9db27c2c8ceb3db6d03d8a430ae4612cf151b7e97d76fea5697a5
assets/Animations/Mocap/RootMotion/Locomotion_V2/AF_Jog/AF_Loco_Jog_Left_Pivot.fbx,1405920,2bbbbb422e6cd2fba790073dc04b4f4b8b49d7e0951192e378d22f0f8f78eac1
assets/Animations/Mocap/RootMotion/Locomotion_V2/AF_Jog/AF_Loco_Jog_Left_Start.fbx,1040656,b3e8eac010874a405b2eabf33f200116c821a58373375f81ff204f7a4740ff2b
assets/Animations/Mocap/RootMotion/Locomotion_V2/AF_Jog/AF_Loco_Jog_Left_Stop.fbx,1502032,f13fbea1787c1d5ae0e1b202f88cbab09705ed987977fe85ff677f4739426b70
assets/Animations/Mocap/RootMotion/Locomotion_V2/AF_Jog/AF_Loco_Jog_Right.fbx,954144,d1d07ad5d91eff8c4f3934dfe63b14f03a7f728fdfbe2de633e79f90cff4737a
assets/Animations/Mocap/RootMotion/Locomotion_V2/AF_Jog/AF_Loco_Jog_Right_Pivot.fbx,1271344,c54579e1e6e22030ca0381de7d89500b149b4a5427eb6d02d9a13f87e28f7b5e
assets/Animations/Mocap/RootMotion/Locomotion_V2/AF_Jog/AF_Loco_Jog_Right_Start.fbx,1079104,78767cc9208494a251232035f389d1d960c9f72f2b9d44925d831bc2142c815c
assets/Animations/Mocap/RootMotion/Locomotion_V2/AF_Jog/AF_Loco_Jog_Right_Stop.fbx,1204064,c2c3c4fcd50e401e20862995b1e8747d72fcfb8dc7219b9eb53d411afc243acb
assets/Animations/Mocap/RootMotion/Locomotion_V2/AF_Jog/AF_Loco_Jog_Start_Turn_L045_Lfoot.fbx,1194464,0bb3bce4ddde80607a831af93cbc76b3fd307b6eb42f73466e3fb1f27dccebfd
assets/Animations/Mocap/RootMotion/Locomotion_V2/AF_Jog/AF_Loco_Jog_Start_Turn_L090_Lfoot.fbx,1194464,fceaf0fdab5f2847d1630d9c6538d24165916c9b5fc9b7e5cb0cf502babb91a2
assets/Animations/Mocap/RootMotion/Locomotion_V2/AF_Jog/AF_Loco_Jog_Start_Turn_L135_Lfoot.fbx,1184864,cee9c41d8c527035da60aff1a1e20e2609562a2a702bb54cdc2baa6c7484bbdf
assets/Animations/Mocap/RootMotion/Locomotion_V2/AF_Jog/AF_Loco_Jog_Start_Turn_L180_Lfoot.fbx,1184864,ce3a1b689ce31b592c7b534b8d451e4a557679af9ecd285a44164342d98b98a5
assets/Animations/Mocap/RootMotion/Locomotion_V2/AF_Jog/AF_Loco_Jog_Start_Turn_R045_Rfoot.fbx,1261760,be3a84efeafbc303daa80f022de51b45586d2e185857774a2d32928117dbd377
assets/Animations/Mocap/RootMotion/Locomotion_V2/AF_Jog/AF_Loco_Jog_Start_Turn_R090_Rfoot.fbx,1261760,a3b33724fdedcc8f71694a81c724492745b50c680cc1c33c771e0dc0acdce2b2
assets/Animations/Mocap/RootMotion/Locomotion_V2/AF_Jog/AF_Loco_Jog_Start_Turn_R135_Rfoot.fbx,1117568,1fa15470c1cdf7a811fb4aec9d1752dd67962366c4858ade2d1579f5a6b2cecf
assets/Animations/Mocap/RootMotion/Locomotion_V2/AF_Jog/AF_Loco_Jog_Start_Turn_R180_Rfoot.fbx,1117568,9c955ac01c1748ae85662ccefc374017fd73a704778ee7041258163adb536fa6
assets/Animations/Mocap/RootMotion/Locomotion_V2/AF_Run/AF_Loco_Run_Fwd.fbx,1434736,f35cf9383c469a7a29fd6b0f3d30fa6a9b49deff404897803fc9f936d83e157a
assets/Animations/Mocap/RootMotion/Locomotion_V2/AF_Run/AF_Loco_Run_Fwd_Start.fbx,1002208,c8c4b08c6e1daa22c5ddf837c0f7a5d81ad21d31bc3c86857e80066c3bd465c2
assets/Animations/Mocap/RootMotion/Locomotion_V2/AF_Run/AF_Loco_Run_Fwd_Stop.fbx,2828192,58c32d82e3b2f3a739a93d6f0ca04a02ffb9708cd980a8a13e807ed64510d0f3
assets/Animations/Mocap/RootMotion/Locomotion_V2/AF_Run/AF_Loco_Run_Start_Turn_L045_Lfoot.fbx,1069520,4e6c15f7d056cbd62f31d3cafc8466d8eff1c9ab95b4698e550fe66b50138ed8
assets/Animations/Mocap/RootMotion/Locomotion_V2/AF_Run/AF_Loco_Run_Start_Turn_L090_Lfoot.fbx,1069520,60a090ccee2bd6dd292732acb0e9601e2026482e2c7d2573851d4bd903f5196f
assets/Animations/Mocap/RootMotion/Locomotion_V2/AF_Run/AF_Loco_Run_Start_Turn_L135_Lfoot.fbx,1280976,928b7fab139e51ba1481482a111d2a8ea6aaf4c505f092c59d1ae95c3b221406
assets/Animations/Mocap/RootMotion/Locomotion_V2/AF_Run/AF_Loco_Run_Start_Turn_L180_Lfoot.fbx,1280976,9e772b1cdd5c230e723a4697e96526639b49907a1e1d112a012e7a64238f2c2f
assets/Animations/Mocap/RootMotion/Locomotion_V2/AF_Run/AF_Loco_Run_Start_Turn_R045_Rfoot.fbx,1136800,40ad087b24f7faf1e42fa215eaa1bd9914c9f73f1824a69ccfe3f92dd73261e3
assets/Animations/Mocap/RootMotion/Locomotion_V2/AF_Run/AF_Loco_Run_Start_Turn_R090_Rfoot.fbx,1136800,4cf205f0ffa6696d2a1085c0d6c7fbe38d031e785a7892d134772412fb207b8f
assets/Animations/Mocap/RootMotion/Locomotion_V2/AF_Run/AF_Loco_Run_Start_Turn_R135_Rfoot.fbx,1194464,47cad1367a7531faaf4066451a9a0b5485d9f64f03b26e4a665c4425c9751456
assets/Animations/Mocap/RootMotion/Locomotion_V2/AF_Run/AF_Loco_Run_Start_Turn_R180_Rfoot.fbx,1194464,16aaf28b07a4257c3942264f556c1ad783f2621b9443bdeb6086a45882a1d073
assets/Animations/Mocap/RootMotion/Locomotion_V2/AF_Walk/AF_Loco_Walk_Bwd.fbx,1050256,fd5f0e8f9e2ba778004bf8575a289eebed989d88b8c67ee20f2f8d88784f418a
assets/Animations/Mocap/RootMotion/Locomotion_V2/AF_Walk/AF_Loco_Walk_Bwd_Left.fbx,1050272,b48bba6e9c19d65e64316b0c0922d8ecded08dec0fd81b1b066f85af2f5def5d
assets/Animations/Mocap/RootMotion/Locomotion_V2/AF_Walk/AF_Loco_Walk_Bwd_Pivot.fbx,1684656,1e91ea213d908c9c39eb6b98e2e300bfaaa6d42def6faf16c46fbf756ef8c836
assets/Animations/Mocap/RootMotion/Locomotion_V2/AF_Walk/AF_Loco_Walk_Bwd_Right.fbx,1050272,e07914273e21f7da3858596c2701e2f7e20de0505a91a3b70ed217163d4e6244
assets/Animations/Mocap/RootMotion/Locomotion_V2/AF_Walk/AF_Loco_Walk_Bwd_Start.fbx,1194448,1d8cb313e3b1a4382cca824d058640e6b8bc427ebb52d6bd9d01cb2ddb76f074
assets/Animations/Mocap/RootMotion/Locomotion_V2/AF_Walk/AF_Loco_Walk_Bwd_Stop.fbx,1655824,df4c754fc24c9cb4e992b69ad2dc8f8f7e602ec552e8f4d68927a3769e14707a
assets/Animations/Mocap/RootMotion/Locomotion_V2/AF_Walk/AF_Loco_Walk_Fwd.fbx,1069488,c07f028d8cfe4099fb634f70530aa8254622c0df9bfb3cd58a9e943c6d7f3546
assets/Animations/Mocap/RootMotion/Locomotion_V2/AF_Walk/AF_Loco_Walk_Fwd_Left.fbx,1069488,eebe7e9bf2472dfedc4c7a49b0d80cec1fdc75d6198576be00d6e255428ff55b
assets/Animations/Mocap/RootMotion/Locomotion_V2/AF_Walk/AF_Loco_Walk_Fwd_Pivot.fbx,1415520,b4caf60435625edc264360de5f577475567ffd3147fc8d00771101c8a0e3d250
assets/Animations/Mocap/RootMotion/Locomotion_V2/AF_Walk/AF_Loco_Walk_Fwd_Right.fbx,1069488,2b7a55fcc3eac4d92c27935766a3de38017f25c3e688227f14767a2ad7de40e8
assets/Animations/Mocap/RootMotion/Locomotion_V2/AF_Walk/AF_Loco_Walk_Fwd_Start.fbx,1242512,d1dbbeaacdb94424fdd18a5ea01565a5ca1901108ddb15eaeb3703ca8ae85612
assets/Animations/Mocap/RootMotion/Locomotion_V2/AF_Walk/AF_Loco_Walk_Fwd_Stop.fbx,1505232,40eaa83960cc644be6b24f6d623d933f06c6b248539c794ce5943719bfd56ddc
assets/Animations/Mocap/RootMotion/Locomotion_V2/AF_Walk/AF_Loco_Walk_Left.fbx,1050256,a45f88109ed5a3448fac2de7cca4ea96513d15be8dc572028fe79a9bf5e4bd67
assets/Animations/Mocap/RootMotion/Locomotion_V2/AF_Walk/AF_Loco_Walk_Left_Pivot.fbx,1723120,0bc8d0da66a10022b408c2c300d6e264fed1eddbeaeab5bb1d55b4a9d79551c6
assets/Animations/Mocap/RootMotion/Locomotion_V2/AF_Walk/AF_Loco_Walk_Left_Start.fbx,1165616,353a589026db91d0fd0dea0b0cd311a9d5cdd3ffa96baabb0ca2f0989c917e65
assets/Animations/Mocap/RootMotion/Locomotion_V2/AF_Walk/AF_Loco_Walk_Left_Stop.fbx,1319408,dea15e5356e0e43239468082a1e8cc1245b80ebeb7c2f1cfae42ed6be7ad1aab
assets/Animations/Mocap/RootMotion/Locomotion_V2/AF_Walk/AF_Loco_Walk_Right.fbx,1117552,b4ad0648e90d8b5f425d779f63fd9f9ef1e6d04187a6721cecbb59c7ae86905f
assets/Animations/Mocap/RootMotion/Locomotion_V2/AF_Walk/AF_Loco_Walk_Right_Pivot.fbx,1684672,66158621c922a93a3a2a5b97a8edb75c7208b79f441ae08a81923808fc3a0568
assets/Animations/Mocap/RootMotion/Locomotion_V2/AF_Walk/AF_Loco_Walk_Right_Start.fbx,1242512,856808471e193ff350274aa136fea2367fcfcbc94337fee620e245a42987da94
assets/Animations/Mocap/RootMotion/Locomotion_V2/AF_Walk/AF_Loco_Walk_Right_Stop.fbx,1463584,f113b52a50983e0f95ad6f1a6cd8e9fe306ff5233cf305895bcedf5b23318bbb
assets/Animations/Mocap/RootMotion/Locomotion_V2/AF_Walk/AF_Loco_Walk_Start_Turn_L045_Lfoot.fbx,1271376,3efca1517065fab2d80dd7f37c6b35ff7cb5854a8a6a10203297044a74f39220
assets/Animations/Mocap/RootMotion/Locomotion_V2/AF_Walk/AF_Loco_Walk_Start_Turn_L090_Lfoot.fbx,1271376,83bae06ddbd08ca52423c3237872489fa6f3ec4ec400e5ef997dedb00e66352d
assets/Animations/Mocap/RootMotion/Locomotion_V2/AF_Walk/AF_Loco_Walk_Start_Turn_L135_Lfoot.fbx,1242528,b17fe84ccd6e17913392a1033d7f70a84e0b8e723f230ea0fd23da6d53a56894
assets/Animations/Mocap/RootMotion/Locomotion_V2/AF_Walk/AF_Loco_Walk_Start_Turn_L180_Lfoot.fbx,1242528,9b331e400b390be5aa8bbab049af891dd799db4192ae81da9a793c387ff816ac
assets/Animations/Mocap/RootMotion/Locomotion_V2/AF_Walk/AF_Loco_Walk_Start_Turn_R045_Rfoot.fbx,1396320,b1c51011ddaafea9a0df020709c2d73fe557dae50a9167025afc389b4805d070
assets/Animations/Mocap/RootMotion/Locomotion_V2/AF_Walk/AF_Loco_Walk_Start_Turn_R090_Rfoot.fbx,1396320,3152cd3d61f7861a7473ef7455acc4499e122a6ce4f80f77e695a32eec7bc87d
assets/Animations/Mocap/RootMotion/Locomotion_V2/AF_Walk/AF_Loco_Walk_Start_Turn_R135_Rfoot.fbx,1213696,c2be2822dd6e659bd909c1863f33280c41847bfb2f7ab82ead0e6d8579947105
assets/Animations/Mocap/RootMotion/Locomotion_V2/AF_Walk/AF_Loco_Walk_Start_Turn_R180_Rfoot.fbx,1213696,7d4fc68d5c42824ad148b14bfa9faa6de3458b0ca5527eb53c6f16cd01ca0b34
assets/Animations/Mocap/RootMotion/Locomotion_V2/AM_Crouch_Walk/AM_Crouch_Loco_Walk_Bwd.fbx,1466064,333f1462f3c7b314524a6a90cc32d69ab9ab79c60fb224aef484d3472aadc895
assets/Animations/Mocap/RootMotion/Locomotion_V2/AM_Crouch_Walk/AM_Crouch_Loco_Walk_Bwd_Left.fbx,1466064,f7cfd49e2d6462d8136292d05e5c83d31d700f609b39d19bdd3143831fafa64f
assets/Animations/Mocap/RootMotion/Locomotion_V2/AM_Crouch_Walk/AM_Crouch_Loco_Walk_Bwd_Pivot.fbx,1387456,0fddfd393acf8a5d053a710c3500321013058e50c8f165b55ac62811deec0c95
assets/Animations/Mocap/RootMotion/Locomotion_V2/AM_Crouch_Walk/AM_Crouch_Loco_Walk_Bwd_Right.fbx,1466080,beeeaa295e4a6e314087edf2316dd3f2fa5c1f8fa39a9315fe4ab4314f1d7da7
assets/Animations/Mocap/RootMotion/Locomotion_V2/AM_Crouch_Walk/AM_Crouch_Loco_Walk_Bwd_Start.fbx,1367792,51acf7c714bd9cafa4c1414d9afc6c3c4a52ee24c67f2692d426983a293327e8
assets/Animations/Mocap/RootMotion/Locomotion_V2/AM_Crouch_Walk/AM_Crouch_Loco_Walk_Bwd_Stop.fbx,1298992,ecc4fb8e9c22100e3ca9caf99509ce35414b536d6b8b57ba2398111c3a57dbdd
assets/Animations/Mocap/RootMotion/Locomotion_V2/AM_Crouch_Walk/AM_Crouch_Loco_Walk_Fwd.fbx,1475888,f4f6000f2c9b569e9520af4da7a792f75ebd9540a369079dce9ebc3afe3d93e8
assets/Animations/Mocap/RootMotion/Locomotion_V2/AM_Crouch_Walk/AM_Crouch_Loco_Walk_Fwd_Left.fbx,1475904,33440a245c60afbfda4d056e8b06a078c54414d35f8bb347716836eb05bfe9b6
assets/Animations/Mocap/RootMotion/Locomotion_V2/AM_Crouch_Walk/AM_Crouch_Loco_Walk_Fwd_Pivot.fbx,1387456,e85a45a0669f133e8996ba242a4edb8c9cb8ebb89115516fb8dee762d48aab3f
assets/Animations/Mocap/RootMotion/Locomotion_V2/AM_Crouch_Walk/AM_Crouch_Loco_Walk_Fwd_Right.fbx,1475904,09a861626afe09e7e99fd3fe3340cd6a656861615f449f613b8a01aee6b744b7
assets/Animations/Mocap/RootMotion/Locomotion_V2/AM_Crouch_Walk/AM_Crouch_Loco_Walk_Fwd_Start.fbx,1141744,d4a51410331229d22eccd5d14c0e7900068fa39cbcbd0b5687579d2227950b92
assets/Animations/Mocap/RootMotion/Locomotion_V2/AM_Crouch_Walk/AM_Crouch_Loco_Walk_Fwd_Stop.fbx,1407104,a9e9e8bf65ae3ef442770fbe555372d176575a7ee723ead8e7d201b4030a3daf
assets/Animations/Mocap/RootMotion/Locomotion_V2/AM_Crouch_Walk/AM_Crouch_Loco_Walk_Left.fbx,1426752,066a1a4e2a38da83de41d9d4afae3a65875af2436c1ec1c125f6e0db365927d0
assets/Animations/Mocap/RootMotion/Locomotion_V2/AM_Crouch_Walk/AM_Crouch_Loco_Walk_Left_Pivot.fbx,1377632,004dd663d2b5e3ad1a7cb6876e3078a46d1e23a6885602557ef28423e26231b2
assets/Animations/Mocap/RootMotion/Locomotion_V2/AM_Crouch_Walk/AM_Crouch_Loco_Walk_Left_Start.fbx,1112272,7131cbc07e891f45c7879e5afb7dfdc60bdbf617faa4b64ef59342d67879c5b0
assets/Animations/Mocap/RootMotion/Locomotion_V2/AM_Crouch_Walk/AM_Crouch_Loco_Walk_Left_Stop.fbx,1525040,8a78932ffcf0492e89067ff4b188db3479118d86767e1b9400162dda4e414346
assets/Animations/Mocap/RootMotion/Locomotion_V2/AM_Crouch_Walk/AM_Crouch_Loco_Walk_Right.fbx,1446416,ce43a7b3867ce7cb59588dac6d5759438a7c9cea354141f5fb2c10598d97e287
assets/Animations/Mocap/RootMotion/Locomotion_V2/AM_Crouch_Walk/AM_Crouch_Loco_Walk_Right_Pivot.fbx,1553712,791126b51636e3b415426e0d7d12c59f2f315b7949cb24600a7975ff1dbbe222
assets/Animations/Mocap/RootMotion/Locomotion_V2/AM_Crouch_Walk/AM_Crouch_Loco_Walk_Right_Start.fbx,1367792,6f53677a4942369e0687c2e1c55af32c6812da7fa79eabc0bdf23a932dcd2560
assets/Animations/Mocap/RootMotion/Locomotion_V2/AM_Crouch_Walk/AM_Crouch_Loco_Walk_Right_Stop.fbx,1338320,c384f7c1d7dd20b531542529ee6f6dc12c0641cbd8446378b7cc623247fdda71
assets/Animations/Mocap/RootMotion/Locomotion_V2/AM_Crouch_Walk/AM_Crouch_Loco_Walk_Start_Turn_L045_Lfoot.fbx,1770768,aeada352961747498485c94ec55125dfcc5629266d4934f3b3719468a73fa9b6
assets/Animations/Mocap/RootMotion/Locomotion_V2/AM_Crouch_Walk/AM_Crouch_Loco_Walk_Start_Turn_L090_Lfoot.fbx,1770768,6a87543da28c50954c51f46c6b644bbc37a809de32acde5cee24c9d4f2d36653
assets/Animations/Mocap/RootMotion/Locomotion_V2/AM_Crouch_Walk/AM_Crouch_Loco_Walk_Start_Turn_L135_Lfoot.fbx,1951760,62d577bd74a680af41296f25a74cd79a886a2175bab8ff6da225c90c2922ac59
assets/Animations/Mocap/RootMotion/Locomotion_V2/AM_Crouch_Walk/AM_Crouch_Loco_Walk_Start_Turn_L180_Lfoot.fbx,1951760,db728c4776be5f644c1ca12fd01bae44c59646ade9f8120ee8981293bc1acc22
assets/Animations/Mocap/RootMotion/Locomotion_V2/AM_Crouch_Walk/AM_Crouch_Loco_Walk_Start_Turn_R045_Lfoot.fbx,1770768,88244e40cdf6f10c565a1c53db73c1237b3630282186115275713cc52c3722db
assets/Animations/Mocap/RootMotion/Locomotion_V2/AM_Crouch_Walk/AM_Crouch_Loco_Walk_Start_Turn_R090_Lfoot.fbx,1770768,15e53cf1319349553515c5ede8fef917ea487afb006bb035ceffe1e667f0232f
assets/Animations/Mocap/RootMotion/Locomotion_V2/AM_Crouch_Walk/AM_Crouch_Loco_Walk_Start_Turn_R135_Rfoot.fbx,1695424,d62e76519248511b25bc2a64ab865d16890e5a19f38a536fe24ff8642f7b1583
assets/Animations/Mocap/RootMotion/Locomotion_V2/AM_Crouch_Walk/AM_Crouch_Loco_Walk_Start_Turn_R180_Rfoot.fbx,1695424,71e8b760f22ad6e6581e46c0a4e6ff0c005a76d166c62153b45f642f22f0b08a
assets/Animations/Mocap/RootMotion/Locomotion_V2/AM_Jog/AM_Loco_Jog_Bwd.fbx,935328,990f6fb73dd2686cc56d943ded20a5d0bc54e1642eabe944f1a0f17d3420cb61
assets/Animations/Mocap/RootMotion/Locomotion_V2/AM_Jog/AM_Loco_Jog_Bwd_Left.fbx,935328,ef56811f1e881e46b4d735dff30cbab3f6a0c47f917a67dcc2731842a320ae35
assets/Animations/Mocap/RootMotion/Locomotion_V2/AM_Jog/AM_Loco_Jog_Bwd_Pivot.fbx,1407072,46d68a5b02d797ccd1c6782ba904692d08c308b2bf1c459df5375b53b38d4f32
assets/Animations/Mocap/RootMotion/Locomotion_V2/AM_Jog/AM_Loco_Jog_Bwd_Right.fbx,935328,567c24eacbef0eb9556052abc64b4af4878e2ffe5f6471a90d567df2ffd206dc
assets/Animations/Mocap/RootMotion/Locomotion_V2/AM_Jog/AM_Loco_Jog_Bwd_Start.fbx,1023792,2866fb00fe45cfcca61423272cdfe10b9bdcd45475b46921a22e4db0cd50fb08
assets/Animations/Mocap/RootMotion/Locomotion_V2/AM_Jog/AM_Loco_Jog_Bwd_Stop.fbx,1102400,45f26f47efada968fbc298d9977a131642816c4e25f1738633d3a17cb3897122
assets/Animations/Mocap/RootMotion/Locomotion_V2/AM_Jog/AM_Loco_Jog_Fwd.fbx,954976,a7d2fe02499cd93ff08e34e0536cdda3abd4dbbe56b0ca39ed9538ea5ce4a102
assets/Animations/Mocap/RootMotion/Locomotion_V2/AM_Jog/AM_Loco_Jog_Fwd_Left.fbx,954992,14b37ff4883fed89a5701f41a58d82eafa359dc12ce98d4850d6de825259d530
assets/Animations/Mocap/RootMotion/Locomotion_V2/AM_Jog/AM_Loco_Jog_Fwd_Pivot.fbx,1328448,3f8548977414c7c603f0ea8950b9d60d42f1e56bc69c63b8e1b033c9f1e850ba
assets/Animations/Mocap/RootMotion/Locomotion_V2/AM_Jog/AM_Loco_Jog_Fwd_Right.fbx,954992,3290ff664dc09c6b87e69622fb70114984452ff660bad3133cba6c23673de0b8
assets/Animations/Mocap/RootMotion/Locomotion_V2/AM_Jog/AM_Loco_Jog_Fwd_Start.fbx,1053264,3eee8fbedffc36685a30c0fdaa994fe732b98fb3f77f1202f7e742af862209d2
assets/Animations/Mocap/RootMotion/Locomotion_V2/AM_Jog/AM_Loco_Jog_Fwd_Stop.fbx,1063088,845887931c6445748dd56b2350c06619b4669550d2ef9a6374bf084bafc335cd
assets/Animations/Mocap/RootMotion/Locomotion_V2/AM_Jog/AM_Loco_Jog_Left.fbx,945152,d11acb949f83a1f761b193dab30ee4f45989b9ed1cd59cf06015d9c2b0538d4b
assets/Animations/Mocap/RootMotion/Locomotion_V2/AM_Jog/AM_Loco_Jog_Left_Pivot.fbx,1377600,60d56819f0c64c13bc3f7f6ff91d38eafe446ad16befbe970b991cbdd51730dd
assets/Animations/Mocap/RootMotion/Locomotion_V2/AM_Jog/AM_Loco_Jog_Left_Start.fbx,896016,8c0c53a821fbb5f4c2d77f35d6d22a33402ccc278b5a5e34b0cb030a00e84c30
assets/Animations/Mocap/RootMotion/Locomotion_V2/AM_Jog/AM_Loco_Jog_Left_Stop.fbx,1181040,c4c2dab3341cdb9dc2c0b91160d51ae57e2ced5172081348e00e561de2a86e09
assets/Animations/Mocap/RootMotion/Locomotion_V2/AM_Jog/AM_Loco_Jog_Right.fbx,964816,7629ea5a68cb023dd86e58a77be07bb8cae48bb3d2f0f59d1c1a29dd99048c55
assets/Animations/Mocap/RootMotion/Locomotion_V2/AM_Jog/AM_Loco_Jog_Right_Pivot.fbx,1328464,0c5ea920f34b7c7a1e568f8aee18ba0967e9ca2da6e69f4be8cd7a02e4b2e296
assets/Animations/Mocap/RootMotion/Locomotion_V2/AM_Jog/AM_Loco_Jog_Right_Start.fbx,846880,d766eb4c1a1c58c2f20998998f6ff36e0bcd60008fd5b75582479eed5e7bb11a
assets/Animations/Mocap/RootMotion/Locomotion_V2/AM_Jog/AM_Loco_Jog_Right_Stop.fbx,1043440,eb50ee6f6f0dc27f9120ec910006573a1c4aaa69788b75bfdfd43f813e88ba33
assets/Animations/Mocap/RootMotion/Locomotion_V2/AM_Jog/AM_Loco_Jog_Start_Turn_L045_Lfoot.fbx,1151568,24672c989d97eea91c853b15ef02efca47871b7199412837c42b0352f9451e64
assets/Animations/Mocap/RootMotion/Locomotion_V2/AM_Jog/AM_Loco_Jog_Start_Turn_L090_Lfoot.fbx,1151568,9b87f8d5052c0a1a67d77f1dace16da89f13dba0daf30b85a41c1175ff0d9f8a
assets/Animations/Mocap/RootMotion/Locomotion_V2/AM_Jog/AM_Loco_Jog_Start_Turn_L135_Lfoot.fbx,1190880,8b545ee66efeead945026af2909d0a793032a78e5a4c1d849f83596b44045b0a
assets/Animations/Mocap/RootMotion/Locomotion_V2/AM_Jog/AM_Loco_Jog_Start_Turn_L180_Lfoot.fbx,1190880,516a3bd33d977de8f170300285c6996d022ec1bdec9ca7c59e32531ea74e221c
assets/Animations/Mocap/RootMotion/Locomotion_V2/AM_Jog/AM_Loco_Jog_Start_Turn_R045_Rfoot.fbx,1269504,df1b6b27242cd68a04bb5260a4cfc02e955d62beb080ed08cf16a2dd7eaf4047
assets/Animations/Mocap/RootMotion/Locomotion_V2/AM_Jog/AM_Loco_Jog_Start_Turn_R090_Rfoot.fbx,1269504,e4251af7cbb15abe4c6f64f5ddc3bd092a27a624fd6a6b50b4338b4b576b843b
assets/Animations/Mocap/RootMotion/Locomotion_V2/AM_Jog/AM_Loco_Jog_Start_Turn_R135_Rfoot.fbx,1357952,7e667b15882d8616d36385a8b0add2d64e20fd7965f1d0f51b676a02d5b969c0
assets/Animations/Mocap/RootMotion/Locomotion_V2/AM_Jog/AM_Loco_Jog_Start_Turn_R180_Rfoot.fbx,1357952,b47dcf079fb240e88ca0cd9a03886c32629bd58ca811f5dc68efd733c8df1fd6
assets/Animations/Mocap/RootMotion/Locomotion_V2/AM_Run/AM_Loco_Run_Fwd.fbx,896016,e22a92c57c147139afe95a8355f137e21fcb0b077ca453b44b506351ccc7e91a
assets/Animations/Mocap/RootMotion/Locomotion_V2/AM_Run/AM_Loco_Run_Fwd_Start.fbx,1033616,17182c58e57219f9c3cd4343513852409bfafd9c7025adb85c5143116724b2f9
assets/Animations/Mocap/RootMotion/Locomotion_V2/AM_Run/AM_Loco_Run_Fwd_Stop.fbx,1240000,4ad15f399ddc0d37136721b125eb58c058480940f440bd2ce2f1f85d1731cd42
assets/Animations/Mocap/RootMotion/Locomotion_V2/AM_Run/AM_Loco_Run_Start_Turn_L045_Lfoot.fbx,1259680,7751967295b422ac88d9e8dcf9279bd1683170640205bee9021c2c21e3a27f86
assets/Animations/Mocap/RootMotion/Locomotion_V2/AM_Run/AM_Loco_Run_Start_Turn_L090_Lfoot.fbx,1259680,1baf780efe8e0da29e40abb0dd734f400eb2ca7b33f94454629726d8bbf23dd9
assets/Animations/Mocap/RootMotion/Locomotion_V2/AM_Run/AM_Loco_Run_Start_Turn_L135_Lfoot.fbx,1308816,ef8e810b1a78a816733d16147a97c4f84c67df41d0a5dfe819a65e0f76cac76c
assets/Animations/Mocap/RootMotion/Locomotion_V2/AM_Run/AM_Loco_Run_Start_Turn_L180_Lfoot.fbx,1308816,3f1d3de3b0386e7cf2cf239ba1c78aefc63dc5c92e3d12be839233ce5d45b933
assets/Animations/Mocap/RootMotion/Locomotion_V2/AM_Run/AM_Loco_Run_Start_Turn_R045_Rfoot.fbx,1338304,b3998e320ec036e62deded1969d3ac20261ae2af829ccc0405bae10e50a7715e
assets/Animations/Mocap/RootMotion/Locomotion_V2/AM_Run/AM_Loco_Run_Start_Turn_R090_Rfoot.fbx,1338304,4575aeac9ff0c87bb5dba3d3fcf22c2923c2a6805797ff76287612f24ca68323
assets/Animations/Mocap/RootMotion/Locomotion_V2/AM_Run/AM_Loco_Run_Start_Turn_R135_Rfoot.fbx,1220368,969d48b0ce56552bdcc6c70f0ba0786b6cf91548196bcd5b6ecf382997481e17
assets/Animations/Mocap/RootMotion/Locomotion_V2/AM_Run/AM_Loco_Run_Start_Turn_R180_Rfoot.fbx,1220368,6161600ced805fa582f3ae6ad45b2cd03ebe6749fed72c84e6162395ea9d9da2
assets/Animations/Mocap/RootMotion/Locomotion_V2/AM_Walk/AM_Loco_Walk_Bwd.fbx,1466032,f163caad134b02c22496ce0bd25e7d8503c26fa8bd3024ba434d16a790e2a7ae
assets/Animations/Mocap/RootMotion/Locomotion_V2/AM_Walk/AM_Loco_Walk_Bwd_Left.fbx,1466048,32544d29af3064b6eaa91060800e2529967be1c09f858d52ddcde65a179297a6
assets/Animations/Mocap/RootMotion/Locomotion_V2/AM_Walk/AM_Loco_Walk_Bwd_Pivot.fbx,1367776,cd550794edc0e1e1a73994c8dd58e396683bee0b7221f527191bf58e86430e49
assets/Animations/Mocap/RootMotion/Locomotion_V2/AM_Walk/AM_Loco_Walk_Bwd_Right.fbx,1466048,e050dd90dae495de88d254e70ac48768d48ef9bef486d71cb328b9bf2b5cd864
assets/Animations/Mocap/RootMotion/Locomotion_V2/AM_Walk/AM_Loco_Walk_Bwd_Start.fbx,1289152,94a5078615acae68321cc320aeb9bc1d1489ca802574bb366332bc4753fff7f8
assets/Animations/Mocap/RootMotion/Locomotion_V2/AM_Walk/AM_Loco_Walk_Bwd_Stop.fbx,1397248,702a26a5b20d97ffbb68cdfd2ff5acd6a51cf7e1b2d5175633edb293fd5b8cf8
assets/Animations/Mocap/RootMotion/Locomotion_V2/AM_Walk/AM_Loco_Walk_Fwd.fbx,1161376,1e88f24684bb523115bb0faab7354bd561f875efea2891b6bb5308a00230102e
assets/Animations/Mocap/RootMotion/Locomotion_V2/AM_Walk/AM_Loco_Walk_Fwd_Left.fbx,1161376,0f0fa3cfa3f8903e1b5c49344cbb88f5a4d3c10b25d7b97f1ca25c9343823d1f
assets/Animations/Mocap/RootMotion/Locomotion_V2/AM_Walk/AM_Loco_Walk_Fwd_Pivot.fbx,1672432,a71b1d49e7af2775365b8e5861a9967e418a369b48fba513b9caf12d1566855b
assets/Animations/Mocap/RootMotion/Locomotion_V2/AM_Walk/AM_Loco_Walk_Fwd_Right.fbx,1161376,b7bd415911a0d3711caacd20c7f3a6ec87b5c79a35f03069fa7f2aff24a60f92
assets/Animations/Mocap/RootMotion/Locomotion_V2/AM_Walk/AM_Loco_Walk_Fwd_Start.fbx,1289152,60fdf15d8e16bc1691f677cd4901e9ed86ce348177c65d0b1a820bb345c6f2c6
assets/Animations/Mocap/RootMotion/Locomotion_V2/AM_Walk/AM_Loco_Walk_Fwd_Stop.fbx,1357936,250815f6fd25171bd9bfad59e65653083e38ef9a3429c9697b23e6a7d9263565
assets/Animations/Mocap/RootMotion/Locomotion_V2/AM_Walk/AM_Loco_Walk_Left.fbx,1102400,f2f400c5133f3b44fbd4171db05c5aa559279f3af03765e5bea55dab1e9a5fb1
assets/Animations/Mocap/RootMotion/Locomotion_V2/AM_Walk/AM_Loco_Walk_Left_Pivot.fbx,1711744,9bab7c371b3db086ec45ded45a4232c6bd0d9dfbdb74c352b5d77a5666bd5d45
assets/Animations/Mocap/RootMotion/Locomotion_V2/AM_Walk/AM_Loco_Walk_Left_Start.fbx,1328464,1b2507dc483a020b0ca3fa8fc68d15f049f4dff280a27a63d3565fe2be5f4e9a
assets/Animations/Mocap/RootMotion/Locomotion_V2/AM_Walk/AM_Loco_Walk_Left_Stop.fbx,1131904,a9c5f938d1011f605eaa1104955d02d50b2809aeb6402ee96510d60e7942f60f
assets/Animations/Mocap/RootMotion/Locomotion_V2/AM_Walk/AM_Loco_Walk_Right.fbx,1141712,22356d99c86c25a98462e875802f46b40ee2c8cedef894952a1ffe96f7fd8b4a
assets/Animations/Mocap/RootMotion/Locomotion_V2/AM_Walk/AM_Loco_Walk_Right_Pivot.fbx,1682272,354b0bf25669c5c637e35450cf289890353c739764631b3223bc4bddd63090de
assets/Animations/Mocap/RootMotion/Locomotion_V2/AM_Walk/AM_Loco_Walk_Right_Start.fbx,1240016,ae3fd94c56d5609903f56551a84754a600dc5af0b08136de3ba1790bee18a630
assets/Animations/Mocap/RootMotion/Locomotion_V2/AM_Walk/AM_Loco_Walk_Right_Stop.fbx,1328464,18e2b34f8d81e0037de4afcc4a1b0350b8c26bda4da9f087d98ebcf7200f089f
assets/Animations/Mocap/RootMotion/Locomotion_V2/AM_Walk/AM_Loco_Walk_Start_Turn_L045_Lfoot.fbx,1416928,44a6829ce5751304b28624dbf94f1389ea38be1a9b56d8d8302e81fe5363251b
assets/Animations/Mocap/RootMotion/Locomotion_V2/AM_Walk/AM_Loco_Walk_Start_Turn_L090_Lfoot.fbx,1416928,3e7c60ddadcb33241d6f349ac95bf11ba2c1ae68cf90bee50c8434d30761f5b3
assets/Animations/Mocap/RootMotion/Locomotion_V2/AM_Walk/AM_Loco_Walk_Start_Turn_L135_Lfoot.fbx,1367792,bbf4db581f4128cea73a5c863b683b126ec0e6d86b923b4984de97dabd81c7a0
assets/Animations/Mocap/RootMotion/Locomotion_V2/AM_Walk/AM_Loco_Walk_Start_Turn_L180_Lfoot.fbx,1367792,1baf3929a944940d6ca371b2200b42e53690ea933e8f6c9dde40be3cccc52b9e
assets/Animations/Mocap/RootMotion/Locomotion_V2/AM_Walk/AM_Loco_Walk_Start_Turn_R045_Rfoot.fbx,1564352,359cb7998d58abf99c4ff9e8ef2cad6a042963833532bc9da7a19fbfc875a252
assets/Animations/Mocap/RootMotion/Locomotion_V2/AM_Walk/AM_Loco_Walk_Start_Turn_R090_Rfoot.fbx,1564352,80983375455574d395f7964e93ed21e25e7de96883a77ee18fe315895040091b
assets/Animations/Mocap/RootMotion/Locomotion_V2/AM_Walk/AM_Loco_Walk_Start_Turn_R135_Rfoot.fbx,1564352,c13e9a04ec52390df69a8f2093beb67640d3bcd81c9494391243f1c19803511d
assets/Animations/Mocap/RootMotion/Locomotion_V2/AM_Walk/AM_Loco_Walk_Start_Turn_R180_Rfoot.fbx,1564352,f421fc52ff8df9430921197ff47a618ae8c9a771fe9029958c3c672392b7e35f
assets/Animations/Mocap/RootMotion/Look_At/AM_Stand_Look_At_01.fbx,1954304,a9679d2c6b08ddc75cbd579593b0b823c201f9296ceb1e28f642640bb06c87fb
assets/Animations/Mocap/RootMotion/Look_At/AM_Stand_Look_At_02.fbx,2073920,16c62f66795925fe3819eecab47408a428a1900bf88b33a46d895ddbb4c73d1a
assets/Animations/Mocap/RootMotion/Look_At/AM_Stand_Look_At_03.fbx,2216496,51beb332c09c8cf5f68c801c05a1a0084a2e483043fd02ad8f35d226cffaf2bf
assets/Animations/Mocap/RootMotion/Look_At/AM_Stand_Look_At_04_Point_L_Hand.fbx,1965008,5af82dc279f53a366479aef2ebeb0c19fa7e45f8c75b2f96ad071c05dd1d737e
assets/Animations/Mocap/RootMotion/Look_At/AM_Stand_Look_At_05_Point_R_Hand.fbx,2073936,34e7e863960cfce7a692dfae6c5bc6ad47a276750dfa30445028a959ecf70a9a
assets/Animations/Mocap/RootMotion/Phone/AM_Stand_Phone_Look_At_01_Loop.fbx,2077824,54c94f64f11b9c8333542091d76766eb11d5f3d4e9f82af1a497223e2c289976
assets/Animations/Mocap/RootMotion/Phone/AM_Stand_Phone_Look_At_02_Loop.fbx,1967264,2a1c8af570563d9c0bd2c2937c6055fa9f064cf2c5faa8f722ec5fda899c80d9
assets/Animations/Mocap/RootMotion/Phone/AM_Stand_Phone_Look_At_Start.fbx,1269472,59febd7adfe9daba1fdd09c943351b52895ced5d0789e4ef65c977c07b5f12e5
assets/Animations/Mocap/RootMotion/Phone/AM_Stand_Phone_Look_At_Stop.fbx,876352,8e65cc8271e1fa7db656de585aa662e8574a28d175e5b0717e820f2d9fa7383f
assets/Animations/Mocap/RootMotion/Phone/AM_Stand_Phone_Look_At_Text_Loop.fbx,2115504,1a3f8bbfe78ec78fce9f630aae89f903618114770443a5f6f67dc267198a6d56
assets/Animations/Mocap/RootMotion/Phone/AM_Stand_Phone_Look_At_Text_Start.fbx,876352,d34cb381e84a9f627341e95b4e1c21bd88e29de30ddd690d64b2adcc6c66e84a
assets/Animations/Mocap/RootMotion/Phone/AM_Stand_Phone_Look_At_Text_Stop.fbx,1072912,2337e7ac7d3cda0de2bd7f28cc39129005e5da4ec9e70134a81c77099a1aeacc
assets/Animations/Mocap/RootMotion/Phone/AM_Stand_Phone_Photo_01_Selfie.fbx,1892736,ce0c83123a2ee2da79a39e985023d94e2c67185164d537ffbbad72dbf878583c
assets/Animations/Mocap/RootMotion/Phone/AM_Stand_Phone_Talk_01_Talk.fbx,2564080,3f9ba3337bd4b0887f87e536c73eed9074e1171ff5833b21f1daa7c19e493b03
assets/Animations/Mocap/RootMotion/Phone/AM_Stand_Phone_Talk_Start.fbx,1820656,cbfff17dd5931c550d7d2c4ce263b646d79a635225cf40ba02a7f8f19dfd941b
assets/Animations/Mocap/RootMotion/Phone/AM_Stand_Phone_Talk_Stop.fbx,1122048,a6299b56798c727e91989c1ddc79ec238f58e4c920a7c5e49eda655d4ef63dbd
assets/Animations/Mocap/RootMotion/Pickup/AM_Stand_Pickup_01_Floor_To_Pocket.fbx,2145232,2672c7b006fc53f5faf71c0d1dc11a535deb8e3bbb6c38fd4bd3c900331246ed
assets/Animations/Mocap/RootMotion/Pickup/AM_Stand_Pickup_02_Floor_To_Floor.fbx,1829744,dcca20c483b922eedfe1522bc2884c9229548ec1612b9dc227ffa7680384b4e3
assets/Animations/Mocap/RootMotion/Pickup/AM_Stand_Pickup_03_Table_To_Pocket.fbx,1892112,cf03bfccefad787aacadf805e2280dd943c139d21fc6602f3b7201c705c8b570
assets/Animations/Mocap/RootMotion/Pickup/AM_Stand_Pickup_04_Table_To_Table.fbx,2145232,a112e601898980d2a29867eba229de734c69082a3c676d930fc66891a8e2f40d
assets/Animations/Mocap/RootMotion/Pickup/AM_Stand_Pickup_05_Floor_To_Pocket.fbx,1627376,e177d6a94d66902d4e62eee91deaed1dfaababaeb8b730711add40662d9c8269
assets/Animations/Mocap/RootMotion/Pickup/AM_Stand_Pickup_06_Table_To_Pocket.fbx,1627376,26d56d4c8f6375f9c15b32fe421c11adaaf76dfda12725171bd93085d7fe3b27
assets/Animations/Mocap/RootMotion/React_Bump/AM_Stand_React_Bump_Light_Back.fbx,1367760,3f6b1b8b9b638eb5534319be4c3b599fa1befc92b77ab89f73680fb1aacb2e5e
assets/Animations/Mocap/RootMotion/React_Bump/AM_Stand_React_Bump_Light_Back_Left.fbx,1367760,65f7e8198de9632e6561ed0725416dd667dda5fd847bce652688e829ba30badd
assets/Animations/Mocap/RootMotion/React_Bump/AM_Stand_React_Bump_Light_Back_Right.fbx,1416912,36c8186bbff55b68a1905edb27ec0451eff46ebe8914cbfbdf9e1085f7f396e7
assets/Animations/Mocap/RootMotion/React_Bump/AM_Stand_React_Bump_Light_Front.fbx,1416896,2f2570f691cdc5f783504bc465770dc96e3de3aca03a7143b757b7110fdd103c
assets/Animations/Mocap/RootMotion/React_Bump/AM_Stand_React_Bump_Light_Front_Left.fbx,1416912,6f03b35d33f045e0cfa8fc927653a24dbb7075800fd2aab55d464aec3b8256d9
assets/Animations/Mocap/RootMotion/React_Bump/AM_Stand_React_Bump_Light_Front_Right.fbx,1367776,45fb808419005b6e544dae379e3d48dc3fe17465a187e309632286431c7e6acc
assets/Animations/Mocap/RootMotion/Ready/AM_Ready_Idle_01.fbx,1714256,203089805ffbf470122e6168bfadb9fa61fb2cfe2fa8ad73314cc6c257774627
assets/Animations/Mocap/RootMotion/Ready/AM_Ready_Idle_02.fbx,1582896,e5fa864c96721ed34e00d2687fcf83e4d007d3c4c86389616f525c0fdd29424e
assets/Animations/Mocap/RootMotion/Ready/AM_Ready_Idle_03_Look_Around.fbx,1748720,900c8ec40ee5172b4349b57c8ecb187003052b586a5618d172ae5d6ecc055211
assets/Animations/Mocap/RootMotion/Ready/AM_Ready_Trans_Stand.fbx,1102304,dace04cbc4d02f8e3ea258eb46b76731165da94d705cff7188953321ae59a494
assets/Animations/Mocap/RootMotion/Ready/AM_Stand_Trans_Ready.fbx,1102304,41d959c96f84f90c409554c1c639694fee26267353cebcf3759a5190ad37e393
assets/Animations/Mocap/RootMotion/Turn/AF_Stand_Idle_Turn_L045.fbx,1338592,0d353f7b2acaa1ebdef35d8e34604466ca075d81623992ef3e968341769a5557
assets/Animations/Mocap/RootMotion/Turn/AF_Stand_Idle_Turn_L090.fbx,1290544,f593e6cbaa5778cd9c5314af2164a759b6f8d8cce3c8bc26aa588ec61a0b3f99
assets/Animations/Mocap/RootMotion/Turn/AF_Stand_Idle_Turn_L135.fbx,1482784,6b5af7fd4b5d5b5b7588dd915ec75868b8e9b25545b356385535b6dcd5d2e6e3
assets/Animations/Mocap/RootMotion/Turn/AF_Stand_Idle_Turn_L180.fbx,1482784,021a1b81ed7794b3a2d3693ba642753d381236d2d94ced76b86873a6d0d4d1d4
assets/Animations/Mocap/RootMotion/Turn/AF_Stand_Idle_Turn_R045.fbx,1386656,e1bb64713e9963fc01f965b30834319ba38a5ac879a9eb5d9343ee7c25b1c155
assets/Animations/Mocap/RootMotion/Turn/AF_Stand_Idle_Turn_R090.fbx,1386656,bf380d2c7b7f33eaa7d461cc22ec37b361d0738eb65b761e7412e33fa1094dba
assets/Animations/Mocap/RootMotion/Turn/AF_Stand_Idle_Turn_R135.fbx,1482784,7a919a973a011911685ab010b930a3e14940e9b787557a30ef95211dc88631f6
assets/Animations/Mocap/RootMotion/Turn/AF_Stand_Idle_Turn_R180.fbx,1482784,22d82b39f9ff6f74c1df4a08fceaea8778cd277a85742ff556fdd7073c0923cc
assets/Animations/Mocap/RootMotion/Turn/AM_Stand_Idle_Turn_L045.fbx,1006192,3cc133831068eed9dde48b2b3cf874784846cd9305482f146395f63b54df0be5
assets/Animations/Mocap/RootMotion/Turn/AM_Stand_Idle_Turn_L090.fbx,1054256,950cf4ea298915f8fd32e619a3394e1bdd4982b4523467076d7c2a2e147074a6
assets/Animations/Mocap/RootMotion/Turn/AM_Stand_Idle_Turn_L135.fbx,1198432,e636ee50a6e7e6734502ed35079f65e964652840010e89a2fbdbf58e84fab65b
assets/Animations/Mocap/RootMotion/Turn/AM_Stand_Idle_Turn_L180.fbx,1198432,4a7f9218c59d90232fe1e40173e1dfd1a6c35c8d1c9a67e33dcc1e031b42d088
assets/Animations/Mocap/RootMotion/Turn/AM_Stand_Idle_Turn_R045.fbx,910064,829ce640ae09dc8e09cd378b2ce5a451a8811e21a9165f8be154917ec5c667a2
assets/Animations/Mocap/RootMotion/Turn/AM_Stand_Idle_Turn_R090.fbx,1054256,66ae5636d5cd829c06a2d81a6244fefbd957eaef259c116fa9a11bfe2f766001
assets/Animations/Mocap/RootMotion/Turn/AM_Stand_Idle_Turn_R135.fbx,1150368,c869d1ccf8beb432fa179f7906d780ad7946503c6d2709231a670a857913f794
assets/Animations/Mocap/RootMotion/Turn/AM_Stand_Idle_Turn_R180.fbx,1150368,ed09228e3f37dea773b996b9b89e69811ed0980327bc6ce452fff2400bc73ea7
assets/Animations/Mocap/RootMotion/Wave/AM_Stand_Wave_01_R_Hand.fbx,1727088,e240a53b2a14a829a3a6fb975b61eb71f46ec137d2edb8cd3e9c9f09c1870f94
assets/Animations/Mocap/RootMotion/Wave/AM_Stand_Wave_02_L_Hand.fbx,1332992,fd005fa9904b5aa92d0cceb3161c32f53299254b9a6e4f1730c36bda6ae0d431
assets/Animations/Mocap/RootMotion/Wave/AM_Stand_Wave_03_R_Hand.fbx,1630976,19f3af2bd2e352da4700de552fc54e9e247375b7c1547f9ebf7c9e302dc20a54
assets/Architecture/Building/Models/Ceiling_3m_3m.fbx,18160,8c11212358ae9fce301bc67053b9e959272e04d8c725b9fb74206c3ae843b381
assets/Architecture/Building/Models/Ceiling_5m_3m.fbx,17744,817b83149b09c945c675ad5ddd355d4b5bdb7d3c4e5ba4039dfc2164fa2e4046
assets/Architecture/Building/Models/Floor_3m_3m.fbx,18160,62b82fddd12025c44d22a14f3afa0ee74ac3e50a24f40accc8cc83032f49b1cf
assets/Architecture/Building/Models/Floor_5m_3m.fbx,17728,d2ce6b8d5dd830a143f1db4e3ba965ad73d96eca0e04938e01e92fcd19e5e9e3
assets/Architecture/Building/Models/Wall_3m.fbx,21616,36c584db1f7a142dfec978969e35bf17657437892f30e4bb8e78909faf98c935
assets/Architecture/Building/Models/Wall_3m_Door.fbx,25072,4b126dd9999be0a7df3f75f8835faf84ef4abd6eba6372c755db1603543f8672
assets/Architecture/Building/Models/Wall_5m.fbx,21392,4ca54826217c0e0b1ddf20e218befe9249f778df6ea49fa8bf7a0fc3d54e26b2
assets/Architecture/Building/Models/Window_Fake.fbx,24384,ed76b1894127c2aa427050b02e4320f59be3b26cfd2868900fbb313fc73f4b54
assets/Architecture/Building/Models/Window_Tall_Fake.fbx,24704,cad3a4ee982c48bfbfd60b3f9329fab97be1c5899d120207560df0cf34117fe1
assets/Architecture/Building/Textures/Ceiling_Default/Ceiling_Default_AO.png,2039695,05c22be4ac0d3bfcee67b390fe570ff7d90036ee077f71958881e0dfd0cf1d02
assets/Architecture/Building/Textures/Ceiling_Default/Ceiling_Default_Base_Color.png,6109872,99bf7e1f7a12b168850cc254f73af0195a98fd0ccd8499cf267030502ed4d068
assets/Architecture/Building/Textures/Ceiling_Default/Ceiling_Default_Metallic.png,20521,ede92eac0f0d25a087bb5f386a85fdbd7107f1269bdaecb433507e9d86bf9aaf
assets/Architecture/Building/Textures/Ceiling_Default/Ceiling_Default_Normal.png,7293784,28626bc214657a32d61d7c9c86678f988718eee49458223a76fae4db23dc24a4
assets/Architecture/Building/Textures/Ceiling_Default/Ceiling_Default_Roughness.png,20521,ede92eac0f0d25a087bb5f386a85fdbd7107f1269bdaecb433507e9d86bf9aaf
assets/Architecture/Building/Textures/Floor_Concrete/Floor_Concrete_AO.png,2985685,786b15db3a4887e759a9f52fd62396b801b9994470f077e4b331da56d12e61ad
assets/Architecture/Building/Textures/Floor_Concrete/Floor_Concrete_Base_Color.png,5981844,c70aea52c4b5ec39ddfe8bb78feeeabfb5914691269d9c3254183edb7128d08f
assets/Architecture/Building/Textures/Floor_Concrete/Floor_Concrete_Metallic.png,20521,ede92eac0f0d25a087bb5f386a85fdbd7107f1269bdaecb433507e9d86bf9aaf
assets/Architecture/Building/Textures/Floor_Concrete/Floor_Concrete_Normal.png,8466212,edeab95daa60cd47de2c7991ab929d9a74b066a6577906aed42a8db1452be6a7
assets/Architecture/Building/Textures/Floor_Concrete/Floor_Concrete_Roughness.png,20521,ede92eac0f0d25a087bb5f386a85fdbd7107f1269bdaecb433507e9d86bf9aaf
assets/Architecture/Building/Textures/Floor_Hardwood/Floor_Hardwood_AO.png,2716487,f770d324398efda3ff407db54f2c842be3aa772d1757738d94b81d84a84ca739
assets/Architecture/Building/Textures/Floor_Hardwood/Floor_Hardwood_Base_Color.png,28627696,7624ab9e66ba1a1ba270bf9c22066636a300825b766795373431756b17dbae9a
assets/Architecture/Building/Textures/Floor_Hardwood/Floor_Hardwood_Metallic.png,73053,11340402f368c9c10ef273ab69506d913c647dee6c12f0df909bab6a69574bd1
assets/Architecture/Building/Textures/Floor_Hardwood/Floor_Hardwood_Normal.png,9938511,6c6ac01fe4a1fe7c213ea071c04eec8e58baf305194f0bd5e02524aee215d3f7
assets/Architecture/Building/Textures/Floor_Hardwood/Floor_Hardwood_Roughness.png,73053,11340402f368c9c10ef273ab69506d913c647dee6c12f0df909bab6a69574bd1
assets/Architecture/Building/Textures/PH_Beige_Wall/beige_wall_001_AO_2k.jpg,514646,371d80c90b63a478093581d4f61ab9b439f233ae6fe970cb62a71d95d64e2ccf
assets/Architecture/Building/Textures/PH_Beige_Wall/beige_wall_001_Diffuse_2k.jpg,235868,222d4d2e7d5c425c97e5a66790852388cec7706714d773f769fba6bfe08cea4e
assets/Architecture/Building/Textures/PH_Beige_Wall/beige_wall_001_nor_gl_2k.jpg,815507,7f5cbecd6766f44034f3b78b4addb1559e12bdd5a77501bd418a736609e7cedc
assets/Architecture/Building/Textures/PH_Beige_Wall/beige_wall_001_Rough_2k.jpg,656368,a76e2307d8ec47d1be1d4710851fc4545db7aecfa176333738a6756358b64767
assets/Architecture/Building/Textures/PH_Dark_Wooden_Planks/dark_wooden_planks_AO_2k.jpg,1185013,bbbe6f5aa7aa872450c42ec791cefe5950a9bf507f225a15508b809c296c28dc
assets/Architecture/Building/Textures/PH_Dark_Wooden_Planks/dark_wooden_planks_Diffuse_2k.jpg,2884395,527fa684c78d0a3b4fbfa87b9e2b48691215fcac8af0bf79fc6e01cefb4c4647
assets/Architecture/Building/Textures/PH_Dark_Wooden_Planks/dark_wooden_planks_nor_gl_2k.jpg,2930852,047941a8e483d941abf6562270abd2c91d30d65e0a339fca0b1d3df125e92154
assets/Architecture/Building/Textures/PH_Dark_Wooden_Planks/dark_wooden_planks_Rough_2k.jpg,2737535,fb11f1eee7a982da0272d38695097a1f4c2047bd21eae71361fdcb6d7723c0ed
assets/Architecture/Building/Textures/PH_Laminate_Floor/laminate_floor_02_AO_2k.jpg,1845680,2c99e8f63e2307d52f93355b6fe93af9b1b74e276848777095aae1adac9660f3
assets/Architecture/Building/Textures/PH_Laminate_Floor/laminate_floor_02_Diffuse_2k.jpg,3225117,2a1e6519309b369f749f06aaf241ac67ea762c686b6a848c1a79331b18a30521
assets/Architecture/Building/Textures/PH_Laminate_Floor/laminate_floor_02_nor_gl_2k.jpg,2420220,49aa58c34c6770d209e63f9bdb4d16326f5dab24474cfeb18433e63fc54456de
assets/Architecture/Building/Textures/PH_Laminate_Floor/laminate_floor_02_Rough_2k.jpg,2545321,f547988692d1b53274b3023e9ed89d8280087a5ff1018cd64f83e77440ab54c4
assets/Architecture/Building/Textures/Wall_Blue/Wall_Blue_Base_Color.png,6715602,1cc7e11416cea04cffb77e41f92aa74b95f7ec4ffb02c64f847f1d53e2015207
assets/Architecture/Building/Textures/Wall_Brown/Wall_Brown_Base_Color.png,5958607,f5fbb8122f708325032276da373355f417234bbdd74a2e18f7b4344f9b387f22
assets/Architecture/Building/Textures/Wall_Concrete/Wall_Concrete_AO.png,390340,b652c654db1e385878c9975b53508b338c3e3bdf9d904c0230dcfc5560aaa637
assets/Architecture/Building/Textures/Wall_Concrete/Wall_Concrete_Base_Color.png,8858012,30cb6ffbb0b92ae18fc965d9157f56a57be9bdab68adae14a4b5f362ccb6beee
assets/Architecture/Building/Textures/Wall_Concrete/Wall_Concrete_Metallic.png,20521,ede92eac0f0d25a087bb5f386a85fdbd7107f1269bdaecb433507e9d86bf9aaf
assets/Architecture/Building/Textures/Wall_Concrete/Wall_Concrete_Normal.png,5890007,fa066047d072841b3370b85db48b7d69a9d01b6ff53659abe74df7e3f913204d
assets/Architecture/Building/Textures/Wall_Concrete/Wall_Concrete_Roughness.png,20521,ede92eac0f0d25a087bb5f386a85fdbd7107f1269bdaecb433507e9d86bf9aaf
assets/Architecture/Building/Textures/Wall_Default/Wall_Default_AO.png,390340,b652c654db1e385878c9975b53508b338c3e3bdf9d904c0230dcfc5560aaa637
assets/Architecture/Building/Textures/Wall_Default/Wall_Default_Base_Color.png,6036414,4a31dc1d90e9ab8c931f8ef168d445a26da4416a36c7cd1670bd7865b7f5384d
assets/Architecture/Building/Textures/Wall_Default/Wall_Default_Metallic.png,20521,ede92eac0f0d25a087bb5f386a85fdbd7107f1269bdaecb433507e9d86bf9aaf
assets/Architecture/Building/Textures/Wall_Default/Wall_Default_Normal.png,5666247,156ed5f6e77f1ef7ce1410bf5c9f368a46a94540209d2bcf072aca4ab8154ecb
assets/Architecture/Building/Textures/Wall_Default/Wall_Default_Roughness.png,20521,ede92eac0f0d25a087bb5f386a85fdbd7107f1269bdaecb433507e9d86bf9aaf
assets/Architecture/Building/Textures/Wall_Green/Wall_Green_Base_Color.png,6384530,28bed215e9f24da9376cd6fb26f591ce8a0b56523b82c3ea5f76201b6dd07645
assets/Architecture/Doors/Models/Door_Op_1.fbx,790576,a08f80933764646e7d4250f63ec214d2dd51c6816e308ffc101572b4fca31b4c
assets/Architecture/Doors/Models/Door_Op_2.fbx,769952,18cc343ec75ae4a5796e7225670186165fa16c3308fff70fdd8da90929aeda0f
assets/Architecture/Doors/Textures/Door_Hardware_Dark/Hardware_2_K_D_Ao.tga,4195116,f4fc467896e9ef33e2b3187acd783d0f0ea26790e6d2c7d8c87cf441f8cd61e9
assets/Architecture/Doors/Textures/Door_Hardware_Dark/Hardware_2_K_D_Dm.tga,12582956,5f567a08a218ee2c570c12225c1a497e4b59e58a97e4a20e880dfa8adea207c1
assets/Architecture/Doors/Textures/Door_Hardware_Dark/Hardware_2_K_D_Mm.tga,4195116,e979faf4a7c3ca2576befef3af7d62d7429d30dac11305e4db8020d944de673d
assets/Architecture/Doors/Textures/Door_Hardware_Dark/Hardware_2_K_D_Nm.tga,12582956,aa561785fe7707dcf66d3ef2786bf4fd582346ee334b977cea4c147eb8040c96
assets/Architecture/Doors/Textures/Door_Hardware_Dark/Hardware_2_K_D_Rm.tga,4195116,c8ff46e6e960de21ed69dabd39b0d5e8a3ba1a5f218bc9bc65f3ca595108d714
assets/Architecture/Doors/Textures/Door_Hardware_White/Hardware_2_K_W_Ao.tga,4195116,f4fc467896e9ef33e2b3187acd783d0f0ea26790e6d2c7d8c87cf441f8cd61e9
assets/Architecture/Doors/Textures/Door_Hardware_White/Hardware_2_K_W_Dm.tga,12582956,99736d4ceab2ef28470eb28749049048daffbb4993b0de9574e044d0ff2b9a00
assets/Architecture/Doors/Textures/Door_Hardware_White/Hardware_2_K_W_Mm.tga,4195116,e135e15de043ae6bf8d2e77889553f28ee1a05f91085bb97cb6b3b5510de2559
assets/Architecture/Doors/Textures/Door_Hardware_White/Hardware_2_K_W_Nm.tga,12582956,1a78b24548a5925509e7f8fa5820bb2654ff42fcd2a916a2018dea0312523680
assets/Architecture/Doors/Textures/Door_Hardware_White/Hardware_2_K_W_Rm.tga,4195116,61d32b1665bdcdabc23d55ba965a85dcde00a23e27b442a45dc649e5d0a3acbc
assets/Architecture/Doors/Textures/Door_Numbers_A/Numbers_Op1_2_K_Ao.tga,4195116,fee036f9258cc2530c614577a99fd1a945b98efa2dc5bb1835db20641699169c
assets/Architecture/Doors/Textures/Door_Numbers_A/Numbers_Op1_2_K_Dm.tga,12582956,2873d4a5b70675fa3117914cdec792b3a9f5c0c70646628f4336c665864b203e
assets/Architecture/Doors/Textures/Door_Numbers_A/Numbers_Op1_2_K_Mm.tga,4195116,e22c9f3d52c8363f0c5a20f30aa468a07167ea1658a45c6f42844a43691d35a6
assets/Architecture/Doors/Textures/Door_Numbers_A/Numbers_Op1_2_K_Nm.tga,12582956,3224eefd9c0849655583b5fa38da168910716cdbd24de988e8ab450e101d4246
assets/Architecture/Doors/Textures/Door_Numbers_A/Numbers_Op1_2_K_Rm.tga,4195116,31dc2f9fac70e46a054ba28dfa1ef7dd57254d6dcf7213148f2bbb1930295a03
assets/Architecture/Doors/Textures/Door_Numbers_B/Numbers_Op2_2_K_Ao.tga,4195116,f395d43ad288c3885e58d7f0ec9c2a5a72d545bc3f945b5e96e58e93c8dc6afa
assets/Architecture/Doors/Textures/Door_Numbers_B/Numbers_Op2_2_K_Dm.tga,12582956,87463f29ef91b28c34f02ba05fc45f552825b84fc910443536063b56b6d4da1d
assets/Architecture/Doors/Textures/Door_Numbers_B/Numbers_Op2_2_K_Mm.tga,4195116,90352b23775698cea6db1779b435bc14eae0c412c074d2326a349dc41b8f9a59
assets/Architecture/Doors/Textures/Door_Numbers_B/Numbers_Op2_2_K_Nm.tga,12582956,b6988c0e893637aff2714abe91f5894cd51f4a1f25707fe07f824b3284673ac2
assets/Architecture/Doors/Textures/Door_Numbers_B/Numbers_Op2_2_K_Rm.tga,4195116,db72787ee15fba07fed18228dd00b5720d1d989a7f8ecdbb3ee2b7753d2b7c24
assets/Architecture/Doors/Textures/Door_White/Door_1_W_4_K_Ao.tga,16778028,b39710ba72be5811ed0e6c0bf05e241322751fa51c3e529860a090389a3df07d
assets/Architecture/Doors/Textures/Door_White/Door_1_W_4_K_Dm.tga,50331692,29f0ab912265d2f32b6ff12b53498fc31a5ce8aac20a42a81105dbad806a9941
assets/Architecture/Doors/Textures/Door_White/Door_1_W_4_K_Mm.tga,16778028,ff3e02c42aee8c8e369d24b95b16879566df0b95f505245f792507f775a545e2
assets/Architecture/Doors/Textures/Door_White/Door_1_W_4_K_Nm.tga,50331692,4962ffb0cb14d2daa3c33a3e4fbaccc640b9fa7e25a5b21612f4de8aac26d92d
assets/Architecture/Doors/Textures/Door_White/Door_1_W_4_K_Rm.tga,16778028,1b0ce10b405e1ad0bcb0fef73eec95b0441f0f8d48030e7078c6322d939553cf
assets/Audio/Ambience/indoor_large_1.wav,3072044,6ac7081fdb73812ad4d6c1fa70fbfa2183210d630a8a811b7ce8a300f313364f
assets/Audio/Ambience/indoor_large_2.wav,3072044,b4cbdc65f4fcba63fa60c85ea5ea577675b606f6842c41e0fc825a4aeb380818
assets/Audio/Ambience/indoor_small_1.wav,3072044,8cbe8686c2cb57f1ba2e14884c47651393ea28630f7622840b40f2a1d84ae1bb
assets/Audio/Ambience/indoor_small_2.wav,3072044,09ac3ba90720756bf15cc7d68c4ce4436ebc64257aaf7ced979bfac69670bfdb
assets/Audio/Ambience/outdoor_open_1.wav,3072044,d2c4c789a5edcc7c8b7971f6581417e0a06bde19d35ff195bc304065dbf034ac
assets/Audio/Ambience/outdoor_open_2.wav,3072044,c14c38a0bfb66033fb361206b4b13804f577930c479b6e680e36b5be00e8c4d3
assets/Audio/Ambience/outdoor_urban_1.wav,3072044,845324ff3edd9aee77adde2859f6403c7b4603526a9609fa127f01a8dc20d125
assets/Audio/Ambience/outdoor_urban_2.wav,3072044,fca9c0324a1eb77867443d4724fad8315b8730c8a1276326f83669cbe59319c0
assets/Audio/Body/body_fall_1.wav,89864,c6915d9699fea3584b14fcd3612722aa943b2cf05cb8eff6bed28d1efefc8aea
assets/Audio/Body/body_fall_2.wav,73580,bd83aeae989d8a223765b5cd8692866e41f9b6ef900a19c17232454e2e106dd8
assets/Audio/Body/body_fall_3.wav,102960,c9633467022f05be7453e30b6de1b30c7b29a4b474b8d9662a10fd8b658c022c
assets/Audio/Body/body_fall_4.wav,88328,7eee423fff699cace64438cfcd24afe31fbe8a34f03bb6d70ce43c19ac794571
assets/Audio/Casings/rifle/carpet_1.wav,51672,e5f4593c864d4c2384103676558036c8027261768048340ada2456aa5120fec6
assets/Audio/Casings/rifle/carpet_10.wav,27116,e14ef27b702cbdc4573850c4d3f13807bea1a036fd04fd924a25b6d918a1191f
assets/Audio/Casings/rifle/carpet_2.wav,53090,05ee3b72fd6ba5ce44fac136a04ea0914bfbe8e84337ed2df787289f0c563b4e
assets/Audio/Casings/rifle/carpet_3.wav,81194,24fe30dc30a9fa61ed11888c6c0811d074e1a7a06f1a37a2a4e43583fc69ec29
assets/Audio/Casings/rifle/carpet_4.wav,64438,f50bb7e19c5222b7264062e69ab37fa2c6a33ab15fc6283882267f50999270d5
assets/Audio/Casings/rifle/carpet_5.wav,55590,aaef83ca87b4aabf626c9df1d689273055fc036379aa595da9d4f5047f60d83c
assets/Audio/Casings/rifle/carpet_6.wav,67948,7934150dc2a3c1fd7bbbf345655714559f4233b6d02c0b7d304e31540bcb4eed
assets/Audio/Casings/rifle/carpet_7.wav,27116,9749954d15076aaf88294674217eab9420713c8952dd1468f1d9a4660c2064b6
assets/Audio/Casings/rifle/carpet_8.wav,27116,4e780275688bf70a815d19c7ab39d56a473160e6a8dfa1d123c99a2b3bab7842
assets/Audio/Casings/rifle/carpet_9.wav,27116,24c13da2d6cd88a005f0ed6b53c484fd5a7309e4530ad2eea19bcaddbd72f826
assets/Audio/Casings/rifle/concrete_1.wav,135954,57c90cc960b8ecde77d021690f6aef85497f83beb7940dd2d59de0cb6e732d7e
assets/Audio/Casings/rifle/concrete_10.wav,27116,4df2f2201f78ddad747866ad17e8cb32027dd72536ea60ac739857b19eb4a475
assets/Audio/Casings/rifle/concrete_2.wav,153836,6c9a0047396441f172a4870380b5e61ea523b69f7054cdca17ca1141cda6514c
assets/Audio/Casings/rifle/concrete_3.wav,36778,dff9d0bc413145997d4939769da4fba0d0a634a7e746445cd02ff79d9d48f0d2
assets/Audio/Casings/rifle/concrete_4.wav,138474,c5b72c227f60b19b7e787d0f8a33266713bb63a2f07024a5bb0ca4ec434d4d1d
assets/Audio/Casings/rifle/concrete_5.wav,113062,ab297937e04e42cdcca2cde18b00b2d3e8fec09f49ff7d87805aad58f50c2b22
assets/Audio/Casings/rifle/concrete_6.wav,105630,258cd25b5f90ce2c27690fe4c02722ddff64a624040104d6e654f8945070de57
assets/Audio/Casings/rifle/concrete_7.wav,27116,0baa1cbf267f5238f3223609c990fc583e193325cd4c0504e2af22cfbd2fbf9a
assets/Audio/Casings/rifle/concrete_8.wav,27116,0968a5a8a5974b8cde99bcabb9f77a4792bfbc9db80123597d88508634603e24
assets/Audio/Casings/rifle/concrete_9.wav,27116,d37209114929dab2a5d1a13a3dcb576ae86487476d4c4e0a45c30c413b6f813c
assets/Audio/Casings/rifle/dirt_1.wav,62252,6cded608ed4157d2e7778a86397198670c15968cdb69d547779fa04fed187677
assets/Audio/Casings/rifle/dirt_2.wav,58086,67573cdac41bc7002a10e4ea04f3beb2355592aa8ade04113919c7786573b692
assets/Audio/Casings/rifle/dirt_3.wav,65952,37326773d399c9a4e152bc894fc3f415cd0fe75c548e48e720e1e131ebedfa1d
assets/Audio/Casings/rifle/dirt_4.wav,55466,40f1cb9786665417f483aa19ba1579eb83b69eca13b8edb9f0397aa6cc2f5a28
assets/Audio/Casings/rifle/dirt_5.wav,69870,a191dc0057fe96b7c41a34b371b7f6a276dd12beea006d33ea2cc3a0b905f66f
assets/Audio/Casings/rifle/dirt_6.wav,60132,404ad71517fa24bf59047090ee596c01bf974a89fad74561848f8d7da2b0a566
assets/Audio/Casings/rifle/metal_1.wav,89022,19e1a10cb48f2ea5e4135f326cdef0f2eed93a0f62b97a3853fe80dc7c62452f
assets/Audio/Casings/rifle/metal_2.wav,92034,063e7a486480fa6d53dbc5e9e4fb842a0874ab4fa24dc80556916a437bd208b8
assets/Audio/Casings/rifle/metal_3.wav,54270,905050c01fae166be398005d2ad1611981367f2bc01859d8a7032ff2d01edc1e
assets/Audio/Casings/rifle/metal_4.wav,139526,9debb9480a7d5ff58243eb9eb583f4f26f3e54915cc933e90a435d22b9bce655
assets/Audio/Casings/rifle/metal_5.wav,27116,f4d6b1fa5c7f13f4144c598ab5f2c6888dc0cb5c469d2b7723abf8730a6eced5
assets/Audio/Casings/rifle/metal_6.wav,27116,76c37fbb5ea4992846f4041da02d34f325702efbcc78e9715b635490c90cc63d
assets/Audio/Casings/rifle/tile_1.wav,153836,6f6fcf74f7eba1c6708acbd801e618f549d183c8a92538c2e3696edb5aa46fdf
assets/Audio/Casings/rifle/tile_2.wav,153836,13c662e7a089894c033132f497f344b75cae4cf934ba490433daae5483632b32
assets/Audio/Casings/rifle/tile_3.wav,43718,af84913fbd8f80cd0fb38027c965796ff22d1f623bcb0c363ca4fbc063c1cb59
assets/Audio/Casings/rifle/tile_4.wav,153836,f8b453a3836f93ccc2e73e371c1439fd2fcb23fe63258932cf51ae40a0848139
assets/Audio/Casings/rifle/tile_5.wav,153836,713ad535637f46ca6184ac243de57a38c2bce400fef850d669d1cd62c9464744
assets/Audio/Casings/rifle/wood_1.wav,65428,577c259e9c93bbbb9260a7a804e88dc9d9b1912a4b7a9df4f35c08b28204d98d
assets/Audio/Casings/rifle/wood_2.wav,116070,695747a9496495b7daa0e5a4a4f08d28a2da29ee2d9c33fc6f795c80116806e9
assets/Audio/Casings/rifle/wood_3.wav,112770,4912082622090fc3c9bcf6eaf73414539478d6eb883b4f0a502a47c056367829
assets/Audio/Casings/rifle/wood_4.wav,55526,19b5958bb6eb81fc8c33c3001a270d4e85db695de9d303a00d4287acd3cda0f8
assets/Audio/Casings/rifle/wood_5.wav,73020,6fa798f2e423260d8933b225b47fb159c238fa9fb8fd55d4b8ae1dfbf87e2a14
assets/Audio/Casings/rifle/wood_6.wav,65286,9e0ff431c24bacde9fd2b896c1a79e8ff80f94f7f1e6c43a0d343019700607fa
assets/Audio/Casings/shell/carpet_1.wav,57994,8008c8f8707810f6173d4624759da82266869503e95d5b9a320f3f0a182eb747
assets/Audio/Casings/shell/carpet_2.wav,69648,f0ee6b0286ce3debdd96d9be66e706dba5a44dd9db0dca58ac97ed3739c1cf0a
assets/Audio/Casings/shell/carpet_3.wav,83120,d4f74650745a59780b07437557f1b172741853de1b3aa896bf1753748c06fe23
assets/Audio/Casings/shell/carpet_4.wav,76264,1aa94f33958b0d3cb1dfa6fe070573c17576b2458179d91cac866da82caa96ad
assets/Audio/Casings/shell/carpet_5.wav,30432,c7ef73f071ac76c4fd91db89647c78a0a099f99ce3fcbe542cbf8005f81bc602
assets/Audio/Casings/shell/carpet_6.wav,30432,df180a57ac33ade08c705c28eac82a55314791c8788d91d8cbb428be35364e8c
assets/Audio/Casings/shell/carpet_7.wav,30432,dd5f8e06c40b74fb30edde634da955832d281724b26a70ad0afd9abfa2f17982
assets/Audio/Casings/shell/concrete_1.wav,84134,b2a4e9866774b3916f5a57c750fad4a6d9d1c1b5073116cf17dc900479435050
assets/Audio/Casings/shell/concrete_2.wav,89134,3325f8b93137529b6fa56814f8d8aca87b972b274acda34bc42a332e19b18dfa
assets/Audio/Casings/shell/concrete_3.wav,79414,304c77b440b8a9cba570fadb523087fbbcf614a4fc485d73da8629c043146f76
assets/Audio/Casings/shell/concrete_4.wav,94432,41f009253ed4e86cfe4667a76737558dc74e63f6b2c2146885901304e7ff9313
assets/Audio/Casings/shell/concrete_5.wav,75830,b191170cbf169089d455c12bb23de731c2f0fa9ac098b56dfd3cd7bc7cf590e8
assets/Audio/Casings/shell/concrete_6.wav,43244,5d8c2e661cedc9fd44f04f227c01f43534c858bdd2598c46154329e617b39cf5
assets/Audio/Casings/shell/dirt_1.wav,69870,4ffe9dd6f998c149f63809449dd01deec9f976b615786d63dccf6a5a53c118df
assets/Audio/Casings/shell/dirt_2.wav,67882,dadc99403c52149aae01fbc1142987b3af301a99abc6c8d2d006ad2bdf98d289
assets/Audio/Casings/shell/dirt_3.wav,65952,90517fadc6367d7623d3f85030e6689a562a8e158828a10bcee1d369d737dba9
assets/Audio/Casings/shell/dirt_4.wav,69870,ce01593667f4514c2be1647dfa676ecedd1489a9a262f83c00477055196d74dd
assets/Audio/Casings/shell/dirt_5.wav,65952,79936cc9a78877a59fe95bdacb2f0c2b8cb10a6e376765a0a8a1a63f00bfee0d
assets/Audio/Casings/shell/dirt_6.wav,62252,6cded608ed4157d2e7778a86397198670c15968cdb69d547779fa04fed187677
assets/Audio/Casings/shell/metal_1.wav,62444,3eaf21b70f5e76f0aa5d1abc4974505748795621598fb787b74a971475a007cc
assets/Audio/Casings/shell/metal_2.wav,54412,c16d60401a614553998fda82f723026ac79a617e5863bd61f8fb02e82e875d92
assets/Audio/Casings/shell/metal_3.wav,47084,ce124aea7d6871b8d10c05598c2218a006adf32180ae9e9b097382e621afc4a5
assets/Audio/Casings/shell/metal_4.wav,71240,5f1635be30203f94c1a31d1ecaeaed08cef29860d42de9341beb591d1b5b81b4
assets/Audio/Casings/shell/metal_5.wav,54412,d849306b65c773f76be0bd6257e73d5fb6cced0fe1113e52bc14179478b18e32
assets/Audio/Casings/shell/metal_6.wav,48044,f472f85e80d830544199fe1a2b0ed70e5cdd9377ab6d5c07a771fbb9d70576bc
assets/Audio/Casings/shell/tile_1.wav,81964,72089b55ec817e9bc7532cf280b4184b94091ac919c1848cff02553d82f1f542
assets/Audio/Casings/shell/tile_2.wav,86836,00b16339a174bddf3ae8332439bbeddb8a683d0f53e548487f1dbeecbd6c5d92
assets/Audio/Casings/shell/tile_3.wav,77366,bde533f87b24caba54be174ca354ff4b3f2f606569f2e74356b6115d2c0fb4b7
assets/Audio/Casings/shell/tile_4.wav,91996,f2d000cb9df2939b037b7687bf7172c5fc1aa5e8445094e0ced1d5746f7493c4
assets/Audio/Casings/shell/tile_5.wav,73874,7b11ca44f1772fe6435a984f5a12df4f00fbdbd4e553ac0394275453092b5fe3
assets/Audio/Casings/shell/tile_6.wav,43244,b8114ef054b9079b4d2a7b7067ac933fc6f3efd4e1d1713971e883eda3383f54
assets/Audio/Casings/shell/wood_1.wav,73436,cffe9984d105f9ed6ac1c5ec09473396f66ad6e5b4db26beab4b2891a4e13719
assets/Audio/Casings/shell/wood_2.wav,126574,1f83770fb3ab61497a3b424794c16c4657d5ffb1445d2ffba7c9efcafc1870c9
assets/Audio/Casings/shell/wood_3.wav,81956,6ce8d7a08062e8b426a6b86c75944aec8584e7fed9ffa28478dd0b9e335affdf
assets/Audio/Casings/shell/wood_4.wav,30432,8c130e9d23937db60f4664804d3f39b2fa9b808196cb8a6e79ac632799c2a3ec
assets/Audio/Casings/shell/wood_5.wav,30432,171b9559e3ff51aacd63b06baa7e414dc4087d855a1f26dbfc1409fecda879ec
assets/Audio/Casings/shell/wood_6.wav,77630,6fe8cef3708b12e158e9f82bda8d0057aa752d6b0b4916430c1350f711cbc45f
assets/Audio/Casings/shell/wood_7.wav,73276,ab80cd010d43317dda1046f3d5ca0caa17c9a637daf80773b6cd6b64d769d4cb
assets/Audio/Foley/move/jump_1.wav,105644,170abc0cea3baa8a181fab28e6bd8554cb44159257bbf3a1ea6fb48a1bb24f73
assets/Audio/Foley/move/jump_2.wav,111924,c57f402b7f723add6cae924554f94d5491acfc8ce8ce2a15a5960eade8e1db0b
assets/Audio/Foley/move/jump_3.wav,99716,d18dd1ca0fa2ba23eda85676026e1bf1d30a2f743b369fda197ce08be1a02ee5
assets/Audio/Foley/move/land_heavy_1.wav,119224,bb2c03c4113df6f5871a27ff66bebe9710e6f89cdce0daade8ff1c18d9fd3500
assets/Audio/Foley/move/land_heavy_2.wav,119224,f1596e1050669867ef431506e8e48566ec5f7ed57197a5f07d6574df9499a41f
assets/Audio/Foley/move/land_heavy_3.wav,113840,f594d90f465d97c33383a9da93eec54f56fe0cadb0f286b3efcc1c84876db962
assets/Audio/Foley/move/land_light_1.wav,71000,212ecf10bbb6e70695cf13249406c03138ac04cd86980006266edfee916535bd
assets/Audio/Foley/move/land_light_2.wav,68980,d10680c465a283947768c2fa571e1975964a79938b95d694449f1675f466786e
assets/Audio/Foley/move/land_light_3.wav,73924,af22654a11caf288e303745ad2802fbc2e3fd98cf1574569fb8c41c15d5304e4
assets/Audio/Foley/step_carpet/run_1.wav,53804,5317b315fff4c307165bbe6afeea13cf2ae524eacf2ec1f99414c55a9c2ae160
assets/Audio/Foley/step_carpet/run_10.wav,53804,7e396ceff3b151d5c476f2e1e046f8eeb0405993b9fecd8dd2797379e981dd10
assets/Audio/Foley/step_carpet/run_2.wav,53804,03ce90aa59aa273ec7f12f020b592576dbd7935a001da9370982fbf853e27d98
assets/Audio/Foley/step_carpet/run_3.wav,53804,ed19600919475803bec12c534876cb7ed68bf92a6f15470f8b8ae7c8dfe1092e
assets/Audio/Foley/step_carpet/run_4.wav,53804,3c7a799b15de0c1e640ef7046705dd6fdff89659d4dd5966d1f96b333c4a337b
assets/Audio/Foley/step_carpet/run_5.wav,53804,b4ffcd5f803cc9a34f43a5c881ebdbda50c7c59dc9b88652e553c75164b3b540
assets/Audio/Foley/step_carpet/run_6.wav,53804,116a473312775578ede7a10ad7f7d61dbd7e104b269f8c6a250704473487e22f
assets/Audio/Foley/step_carpet/run_7.wav,53804,2fec72f5794654107a22075c2b0df861d33668d4b0743d1dd09dedbe2f7c665b
assets/Audio/Foley/step_carpet/run_8.wav,53804,20e31ee174219d7ca300a3b1c1f23191d1c8fa27c9ed705c4433e20f58824023
assets/Audio/Foley/step_carpet/run_9.wav,53804,dec2c19747e8336c483ba1270e51164ae1290cc67fe770651c05421e8b3d983d
assets/Audio/Foley/step_carpet/walk_1.wav,65324,a420fc5fb153cb581e387ec13adb51c5fd9324de929953193caa5aee8041f726
assets/Audio/Foley/step_carpet/walk_10.wav,65324,4874f92c4703ab8fa798b4d875346397a66c9eded8d479abe51542cfd5f936be
assets/Audio/Foley/step_carpet/walk_11.wav,65324,f635743cc8f7e761c303ab4836b5895ab5ce95c10b0c2d4e3b88f147211c060c
assets/Audio/Foley/step_carpet/walk_2.wav,65324,0027e02b031718215d415c6b4e6da98725e1e5008555ccea9f493142a5afcf3a
assets/Audio/Foley/step_carpet/walk_3.wav,65324,4d51eedc473926b6d6bd665dcd04dc1955b6b99ab388035357987afaae669a08
assets/Audio/Foley/step_carpet/walk_4.wav,65324,69f2ac6d5ea33f6b900b72026a0f4e91cc11032449e974a3608383fce9466b75
assets/Audio/Foley/step_carpet/walk_5.wav,65324,d8eec91b2cd7b3840bbdfc5df6b8ad4c3c434d64dba48d77b775e5bfb5e52421
assets/Audio/Foley/step_carpet/walk_6.wav,65324,d8ab506abf5bb1092974137ccb3fdf78a98aa06d3de30c4b15a9e1db7f3f6624
assets/Audio/Foley/step_carpet/walk_7.wav,65324,79caa73d1cadb8641fcce955f436982fba2071fed0c2229e6e04e2ec85f68189
assets/Audio/Foley/step_carpet/walk_8.wav,65324,8e8776c2d2e44dfa6e71a83f38d4a1d5d16767087c981c3d02dcf091aa2fd5a6
assets/Audio/Foley/step_carpet/walk_9.wav,65324,4497d0a1fa3e0425bba6681ed5783a2583ad29ffd5ff91a2d83f93cca468d8b1
assets/Audio/Foley/step_concrete/land_1.wav,52548,62b27256eb4ab96e2cb87eff4e1e178d7615e3629c1d7c780ebb807dcff6661a
assets/Audio/Foley/step_concrete/land_2.wav,57588,32a6d738dbfa43a92b19013357bc8220f5899c3c7b2cbd840011740f1703dcc3
assets/Audio/Foley/step_concrete/land_3.wav,57644,4bf19f25dff573d491693c8c88fd274efee0fad37b223abb760b98f75cf10d3d
assets/Audio/Foley/step_concrete/land_4.wav,57644,57fbf5841371976a68adabbba3f85e223f694fe7d9b3fa6f95f1ae57f85cd46f
assets/Audio/Foley/step_concrete/land_5.wav,57644,8f6df2b5165c6bb4edb93c4b0ccea96366e55c9b21dbfbec0d4752da3dced4d3
assets/Audio/Foley/step_concrete/run_1.wav,53804,b14281ee227d91bc0d3bc51f3eaf9422ab50b08295bbd36cb259456bfa8751bd
assets/Audio/Foley/step_concrete/run_10.wav,53804,864d0811f4f4048f23e308667b764378e02422c93a9e284a9537a54a8a78651e
assets/Audio/Foley/step_concrete/run_11.wav,57644,a1ff987a4bfb51d156749556d0f1391fb2bc184b5def04df0dca76ec7bc2f630
assets/Audio/Foley/step_concrete/run_12.wav,57644,fc1c9752b38639eff4d91368b1d585dfce89d702e69582f8f0e8e1804a9d7dc4
assets/Audio/Foley/step_concrete/run_2.wav,53804,57a001d04713d31a1ac746ea61b80b3a19058e1ca04a3e663eff665442c49b1d
assets/Audio/Foley/step_concrete/run_3.wav,53804,c0af2c8a618c9e8f72a3c7347e5121492218aeea3e926d190558348b9010c5f9
assets/Audio/Foley/step_concrete/run_4.wav,53804,aff9276fa3bf53b56da3b98a1840ce99b7e7344876a5ed47d67d50b8e59a0ea4
assets/Audio/Foley/step_concrete/run_5.wav,53804,c913b29a103763ec3ed471367307c349c17f1f902a185dc47fadd0878d4cc932
assets/Audio/Foley/step_concrete/run_6.wav,53804,e3f8426d3594f086378acf49d0b108b59ef147662016be3554beba067e933dff
assets/Audio/Foley/step_concrete/run_7.wav,53804,0a3e824421ca5eeb4283ee4ae00ccdafef2aff8e6826155ac5c74f4e5be61b4a
assets/Audio/Foley/step_concrete/run_8.wav,53804,7b89f4fb235e81f4fa5c1e031586de36b68292657506bb030ae38cbd3019cb37
assets/Audio/Foley/step_concrete/run_9.wav,53804,48d657fec2d4a9eaab682abe85b897f7fa7ddf0cca5195db7cfee967ade9980b
assets/Audio/Foley/step_concrete/walk_1.wav,65324,5c32f7748a1a4b744431bd4978e81fdd31fd97bf7f26d4b2163064e44f0dd794
assets/Audio/Foley/step_concrete/walk_10.wav,56124,f25a9cdefbd9eb693754a85119f54db3f072ac5a05214fed607c49b610712f06
assets/Audio/Foley/step_concrete/walk_11.wav,63608,08c8e28b5f43cd8389614881ec723a9bc7f9cbc8832646e2611341defe5e8d2c
assets/Audio/Foley/step_concrete/walk_12.wav,57644,1331537970c80657f222e4ba278b48035cc2bfd90e15122018d0c70649c37a2b
assets/Audio/Foley/step_concrete/walk_13.wav,57644,7c92d37cef88415ae2f439269a6a1d4ddb8c4015844450df3c65dda7a9af98be
assets/Audio/Foley/step_concrete/walk_2.wav,65324,7c27169e2a574dd9795b311807461275ff1c64f7dfbc7374128b56ce02e7fd32
assets/Audio/Foley/step_concrete/walk_3.wav,65324,21cfd67109f559e5b13566b2b7428dd67a61bf845a3f90b7533d31f78c57c798
assets/Audio/Foley/step_concrete/walk_4.wav,65324,3cea1268adb1c48e8ed8b6067fc4a74466f0ce80014bdce5cbcd0846153fcfa7
assets/Audio/Foley/step_concrete/walk_5.wav,65324,f4360191964907087b9bb157e8e1b8649759c96f58a24c80ef6e38ab131430b5
assets/Audio/Foley/step_concrete/walk_6.wav,65324,3829a26430717fd62d468631eb4bd449d1978f1664fa0a6bde0df6b333a9e806
assets/Audio/Foley/step_concrete/walk_7.wav,65324,e8655993d8b80209ed09e24d4a5484f41afb70f61dcbdb7e4fe12cb294194512
assets/Audio/Foley/step_concrete/walk_8.wav,65324,6062539e85193e286d05ba5dcdb9cf81d43c5cdee26ff039edafa00be09ec82c
assets/Audio/Foley/step_concrete/walk_9.wav,56116,728d667e901f9737b5d9711b3d9ee28f4d96387f4bdcf12cd8b6a5760a83d5bf
assets/Audio/Foley/step_glass/land_1.wav,86444,45a4ed7e79e57072aaa946c3d86b8e4d0c64160fa70d9bcc77cd65a5c170f08e
assets/Audio/Foley/step_glass/land_2.wav,86444,87ce07a5b9db4a5ea620cfee85dc85665e2334b5c36458bc5eacbb384ada906c
assets/Audio/Foley/step_glass/land_3.wav,86444,74c073b2bffecee23ae162ec87d193ec3187ce619641a208f1599fa0dfd6cfe1
assets/Audio/Foley/step_glass/land_4.wav,86444,cf18e059d0efa58e7138141519251bed596abf22f648ef00e43d74258df5a711
assets/Audio/Foley/step_glass/land_5.wav,86444,868f8ad29245dbcd5df0cb71146c8da364e77a1bee922676561fd2166b4b3600
assets/Audio/Foley/step_glass/run_1.wav,53804,9c68e747c583ec1e1008c12ce2424f791596f717d84d4fefe91698bc1d5e6a9d
assets/Audio/Foley/step_glass/run_10.wav,53804,f72fa623c8af4beb75e0be171fc699b83638d09d01b8cd719c5a7db63d0d5c72
assets/Audio/Foley/step_glass/run_2.wav,53804,a8ac68d5bac4313bbf83290718bf79799e8e265dd191b6df2022b60bef81a2e7
assets/Audio/Foley/step_glass/run_3.wav,53804,f9ca872b370b9c953e47c0b26962db723227fcd81e678e16b9eb2ddd40e6f1a2
assets/Audio/Foley/step_glass/run_4.wav,53804,dade6e9b311e719d80c7c325183292a87ec5c17b0fdaf45f9475702a992a09e8
assets/Audio/Foley/step_glass/run_5.wav,53804,4c91172f6fccc43bcdc1630e4f98d02ba554faa7b66fe3b814ec8e642ca58135
assets/Audio/Foley/step_glass/run_6.wav,53804,7035c0636254bea2661d40a76f281141b97af291af6ac7bb2edf59e7344647d6
assets/Audio/Foley/step_glass/run_7.wav,53804,ae6413b874c557cfe406291453cc984cc62084e645baa592bc885138bac31761
assets/Audio/Foley/step_glass/run_8.wav,53804,9de4b5db570c7b602c031ed342be0bc42a5325faeebb618f449a14909db5be72
assets/Audio/Foley/step_glass/run_9.wav,53804,0d564f7909d847e71d7d2239ffbb48f151bad3ce19a9a94c53847c544b624098
assets/Audio/Foley/step_glass/walk_1.wav,65324,283cf8fc1695a5935e7a9efc88efa922ca0e6d5cccc759d4db934f15b1a26215
assets/Audio/Foley/step_glass/walk_10.wav,65324,0f165e65f01f8e28f62eaf4358bc872859825e57291eb82fd35014621b0e52bf
assets/Audio/Foley/step_glass/walk_11.wav,65324,0dc14755fe6e2c542f1abf6610b11ac243593440c48d91f5fd39d36f369614a6
assets/Audio/Foley/step_glass/walk_2.wav,65324,4a4db0b943ce46df5a06eb3bd3b3b31f57ddd4c3690c061cafe58d0774c8fa16
assets/Audio/Foley/step_glass/walk_3.wav,65324,9db1b5f2eaa49f53d5421062ddcb4a8a6951d7b3f17fa013e84623358b79600e
assets/Audio/Foley/step_glass/walk_4.wav,65324,c89288b44552484ccdd3e0f1b7453c3f06c04a24927692f2e3269501d9d87f5f
assets/Audio/Foley/step_glass/walk_5.wav,65324,8b6027af1abd51dd31beb0eb883b0ceed67346752865c380d8c5674e325c9b88
assets/Audio/Foley/step_glass/walk_6.wav,65324,b69ac63f700ae39c5e4a37b93da9a2e09dc4ae9170795d65b3baef26d3469a2a
assets/Audio/Foley/step_glass/walk_7.wav,65324,8756d9b892fdfd98e0c270fcafd8c9bd1a0b2ab6b47e08474ecceb59d842e3e3
assets/Audio/Foley/step_glass/walk_8.wav,65324,b6351b8112d633b4c6cc98a95fdec420658df931d9b604c66c8d23cfd0d88e84
assets/Audio/Foley/step_glass/walk_9.wav,65324,2917efb3e99d0b87bbcbbe5abe8a5d16d32802ee569a3bd8a3b5eebacfa43ae5
assets/Audio/Foley/step_metal/land_1.wav,64784,233fe83ef2c46dfcdb62211d53da66ae75b59dfcf17dbf12148410728595b52d
assets/Audio/Foley/step_metal/land_2.wav,67264,91d64b2945708a2a2d6bed4ac9edaf9b192e1dbef01ff0d8d601f1db05105657
assets/Audio/Foley/step_metal/land_3.wav,75784,9def260cfd5f1130761c92b3d4f251cd5e070caa9fe4e02e3b00b17e36be5f8b
assets/Audio/Foley/step_metal/land_4.wav,59680,c047c345401af55f26c6be89eb16f21bbdfe9e0a85214437ce54630ec5898fef
assets/Audio/Foley/step_metal/land_5.wav,71112,0e51c23aa3a327edaed2ae2ed63f9f18b963ccc0beaa8515830d2d70613ec7ba
assets/Audio/Foley/step_metal/run_1.wav,53804,32d65d8e61ffec7f4e78587042f56c305b74a93df5efa54cf46a3025825b70d5
assets/Audio/Foley/step_metal/run_10.wav,53804,bec1e13abd7418b4802b84b3df75fb982f467de154712b6e839db93cb516edc7
assets/Audio/Foley/step_metal/run_2.wav,53804,1d1c63d3430dd75429d002849899d7e34f7f531e43a94671caaef7657de3d011
assets/Audio/Foley/step_metal/run_3.wav,53804,153e971e25f76e7b48aa585ad1e063b41f002b0aa2eb751150382d257fd03774
assets/Audio/Foley/step_metal/run_4.wav,53804,f99dda5f193a85d908d068ef3dd98446bf51c4b62320e417e34c5363ea90c8d5
assets/Audio/Foley/step_metal/run_5.wav,53804,afbdb3fda979d559f999f9f8bc3b82494aaad67d514e7c057fad8b088b7fb322
assets/Audio/Foley/step_metal/run_6.wav,53804,5cbaceb9d3c5664aacfc1ccacdee671404cadffbb16ed873590f6bcdd4169d9e
assets/Audio/Foley/step_metal/run_7.wav,53804,ae0e94fa0257260a0b0f72ee4fe2c257446505f08440026e63f718f5988d89a2
assets/Audio/Foley/step_metal/run_8.wav,53804,49646a834b29cee4a39e058480da05102c1db847efed959222f5f829c946b1ca
assets/Audio/Foley/step_metal/run_9.wav,53804,90bb7f2e34033131480ca9df00c7387f3d4c84e84c4133ed335092537849dd2a
assets/Audio/Foley/step_metal/walk_1.wav,65324,d0d318a70abd427d53951be68bb335ff24fd985da2d74beb3c59acad7765ebab
assets/Audio/Foley/step_metal/walk_10.wav,45132,4d5e35b026a5f9198cc5cb98a1840d4cdfe182cd84d658a478962c6e2b6f9b76
assets/Audio/Foley/step_metal/walk_11.wav,47552,4d3ce5a01656730cb534563977be901316b407d8721c444e260d48c62caf72fe
assets/Audio/Foley/step_metal/walk_2.wav,65324,d62217449fd70e1cf87fc9e7c6d5da84f2362cecc744969db80f7e14b7489762
assets/Audio/Foley/step_metal/walk_3.wav,65324,4385a3d52963b708540986b990824e73b8ba97f44c770b0973dffdfff59b9454
assets/Audio/Foley/step_metal/walk_4.wav,65324,366507bd1954ec7e7745860e8180e6cb911412390f6c123e5175be4a8dbd883f
assets/Audio/Foley/step_metal/walk_5.wav,65324,69da5a448844d0aae37d8f45185c4659fe02c8b19cc48948a2bc6949f96fcb21
assets/Audio/Foley/step_metal/walk_6.wav,65324,0922c7cfd180500c88b6c516f29c4049a47492c505312bac2f43bee6932bcbb6
assets/Audio/Foley/step_metal/walk_7.wav,65324,b1c333aedb9165716273dadcb2ca6f9d03265cc3448dd82f1ab3fffe37556246
assets/Audio/Foley/step_metal/walk_8.wav,65324,f0de54c1b2f6e17f680b4d5525fc5591de1fb1f69df13f8d5c7f311b6858bb60
assets/Audio/Foley/step_metal/walk_9.wav,45152,002a653ee9d321fead40bd4c6e83a1750c64de40d22f7a0e1aa8f52e176f01d7
assets/Audio/Foley/step_water/land_1.wav,86444,fccd07fa33f9f9aaed37d0262badddb956271d10054249c57a977bc6b6d67b56
assets/Audio/Foley/step_water/land_2.wav,86444,1876814ef47cf68a7c9624975bb1f2897453c50805b13f7fc7e5153562e3809d
assets/Audio/Foley/step_water/land_3.wav,86444,42160929628b68dcd8fcf150dbb9bdfb533a402ba05a63a39cb849a60b31462e
assets/Audio/Foley/step_water/land_4.wav,86444,ce093d74201fa315cfead821d2b35571d72f31a1190cd6e5a298cf7ba7af49e0
assets/Audio/Foley/step_water/land_5.wav,86444,291e22a90a8b089b5c325aab57dfec229724cf5773ef8a083bde4c06a7777dba
assets/Audio/Foley/step_water/run_1.wav,53804,6a9dd6ff77049a5a058e0237da9ca7c3b1a491573c6f706904e1c107183af880
assets/Audio/Foley/step_water/run_10.wav,53804,85d3a819dd7af53878351e23c6a6f290631cbf5a223f891780291c2bad31a090
assets/Audio/Foley/step_water/run_2.wav,53804,262221067952a229d6ddb283953a0ac68cd38101e721369d5d32ddbb5f6768f2
assets/Audio/Foley/step_water/run_3.wav,53804,7b87d52fce494d2ec2f734995c230ea96cc3126b3488dfcd1bda81106ec0e7ed
assets/Audio/Foley/step_water/run_4.wav,53804,ada2c1dbbe5ffdf10a3b9a13ae46b0287c9fa64a3f3f11140bdab82f3e30fe04
assets/Audio/Foley/step_water/run_5.wav,53804,b23dc3c027ad05c34479e7eef7963c205c13d0cff11837290c42f65c4e5e33d5
assets/Audio/Foley/step_water/run_6.wav,53804,1f5f9f4b985133833c3fe7a2f9bd38297d46b45a61039910cbe7ebe2d7863d64
assets/Audio/Foley/step_water/run_7.wav,53804,ddfa69c504e3bb8a6eef9ae8eb66af811b06bc3a08fd4ae921b5c30d75c83567
assets/Audio/Foley/step_water/run_8.wav,53804,c076d9cd9b3c4ab522247e1c560e1e45912aa6f4955beec55a9215cedcc5ce3d
assets/Audio/Foley/step_water/run_9.wav,53804,91198b69903c8c392091b361e56fcd2582b8fc01b03898ed1ee949cd916e0209
assets/Audio/Foley/step_water/walk_1.wav,65324,61a78fe1f21b61866f232d8af0ff0e3dcc2489fa4a3267b8b9c0e8b0f50af985
assets/Audio/Foley/step_water/walk_2.wav,65324,198524adb7a0f06fc337f0ae69c6df60cf397be807173262c1f8960f6d7bdb1e
assets/Audio/Foley/step_water/walk_3.wav,47548,23f1acf8c7886576fe0484e91186b1e9e3683c2b3e53cd52a1426232896ad2b3
assets/Audio/Foley/step_water/walk_4.wav,49688,6d0ec0f71817c26ca12685a557358f0aba494c2412b6337f1b51ac998f300954
assets/Audio/Foley/step_water/walk_5.wav,43744,2bdbd63b2a434b484309dceb21ff6d321b7337cd989d842afa5d4b9076bdc628
assets/Audio/Foley/step_wood/land_1.wav,48016,4709c640294c53fbcf8904d45b98f0282282d053c3c3d478e5d0ce661bce960d
assets/Audio/Foley/step_wood/land_2.wav,47224,9b0bf1aad9feb69e4492de5e7b29c184bca5bd19ec1664e47290d33a30f77a51
assets/Audio/Foley/step_wood/land_3.wav,43148,2a9be2385d67c2d438a7e58299117b1b1b78d8fdd838b8b591cdad96828ee395
assets/Audio/Foley/step_wood/land_4.wav,52640,f713abddc4417d363f0558665268c90d430da25e1172e974034fc5cb39484903
assets/Audio/Foley/step_wood/land_5.wav,64696,2473522e4268744a293635977cdff335e71c789bd120d1f70522883393b1f227
assets/Audio/Foley/step_wood/run_1.wav,53804,1b365e01f6fb741f1ce48177aec6015654b08ccd8c6af947662480d9fb30537f
assets/Audio/Foley/step_wood/run_10.wav,53804,586afd520195f6cc14ab00f1d814b6d028e0ce99e38caede2b2b9dbcc33d79b5
assets/Audio/Foley/step_wood/run_2.wav,53804,15a35c4b4e437bf756c2b0d65f0c61086bd46cce043d7b8fe5908cf346d38fda
assets/Audio/Foley/step_wood/run_3.wav,53804,2e1d19e3ab01f47ec00fbe5a8db7e4f9a57c8824bb987fe0074a90348d54f785
assets/Audio/Foley/step_wood/run_4.wav,53804,b5701508724ea2851485eefca5912b4036fb8162e85a65903a5e14a1577f94d2
assets/Audio/Foley/step_wood/run_5.wav,53804,26b557e937539365652e92383d21f39749bdd3694318ca2704ec588c2d9cb535
assets/Audio/Foley/step_wood/run_6.wav,53804,3bebc56d9ff184d6d220423183aee2bd0b9002eca9bc82c177a9d26d6e38c11c
assets/Audio/Foley/step_wood/run_7.wav,53804,0798a3217a2829ae778779fc7a62d6f83a0c11ddcfe9937e8a733a524492b350
assets/Audio/Foley/step_wood/run_8.wav,53804,b578979409bc0a02c1079b10ab9ab92bf5951a61c56f1965e104cdc754889266
assets/Audio/Foley/step_wood/run_9.wav,53804,1d7cb484c257235ffa45a524d0210b82297def8f147fd87c9529f9f9b7402186
assets/Audio/Foley/step_wood/walk_1.wav,65324,b166cbfdf95b345e45bf8f507c5a35ca9e04e32b42eb15987d01cef88a1d328f
assets/Audio/Foley/step_wood/walk_10.wav,42004,08815762dd2e563aeada2026b7c46d84953e3bdbf41551e74f6d16b1d0c7b5cc
assets/Audio/Foley/step_wood/walk_11.wav,42356,253d01635189492282524349f5ed4ffa33f3e9128e6cd8dc7e0767e728940b00
assets/Audio/Foley/step_wood/walk_2.wav,65324,29351239317be34609938b4863b27c8c95eba3bc05c2ec049e2264a1f9c88cf3
assets/Audio/Foley/step_wood/walk_3.wav,65324,e784086755f5ea0da31bda9b0101e8c16bdb1cad85bebc950a7a4119e0122bf8
assets/Audio/Foley/step_wood/walk_4.wav,65324,e3f0cd0b71ea48ceebd93e7200e681c7141a41e5c72383350fe979a935542460
assets/Audio/Foley/step_wood/walk_5.wav,65324,b88b2aa162b78639ffb592846528d096da92c4814ef10666f069808fcc2049e7
assets/Audio/Foley/step_wood/walk_6.wav,65324,b5463e75715eb5091821dcb79972513251fea5b15d33dd258440018435bf76aa
assets/Audio/Foley/step_wood/walk_7.wav,65324,4cf703ec785411952228781c84b6849d22d605b0b549885be598da6ba7401543
assets/Audio/Foley/step_wood/walk_8.wav,65324,8401c65f40d59733ae25708d136cde4d9355b7ae022f8671a996283b2656390b
assets/Audio/Foley/step_wood/walk_9.wav,42596,20012c10d719c653bb0564752dc89333e60c39582fb0ea7adc2e05205f70f212
assets/Audio/Foley/weapon/ads_in_1.wav,135020,ed4c18829c34e21bc16f5a1901e161d325da0c97ae82a8b7922f74f074010b61
assets/Audio/Foley/weapon/ads_in_2.wav,119660,fc38c69d30a8c27b2cfbea029c25dee3a32dcd067421e2ade29ca65511807e2a
assets/Audio/Foley/weapon/ads_in_3.wav,143048,f75e30b0cd670881e7a1f35879853ce1d7530e23e35adb0375743bb6e4e791bf
assets/Audio/Foley/weapon/ads_in_4.wav,112948,f4b09bb0d979aaa94cdf301eee3c9578f9925b3c95e71a4c951b6a763e89a3c1
assets/Audio/Foley/weapon/ads_out_1.wav,163820,4226bc182d8f8e790176f612dec3c76a9ad2fc306a3f304e85df969d2927a5ec
assets/Audio/Foley/weapon/ads_out_2.wav,175576,58d0bb02a334f6f03fb6373f737e56ab826d21afd8438bc861b896bfa76b92a4
assets/Audio/Foley/weapon/ads_out_3.wav,152852,0526ef71ff572dca11f93e051985db4993000e54f0e293a1538ebe508a2fd8d9
assets/Audio/Foley/weapon/ads_out_4.wav,134308,e3b835aa86fa2d46935ff1ed4b6719f6cb11137fbb33a92b70d8a0e29b0581d4
assets/Audio/Foley/weapon/equip_1.wav,144620,36151aa0fb35f5cc02a999d489dc4ed3d76b92fb4efda8af83bb031731718c29
assets/Audio/Foley/weapon/equip_2.wav,153216,1f09dde6264823ba9abf2944ea9dac9eddfd9b7504b2e1bf2ff7f3ab155c43b0
assets/Audio/Foley/weapon/equip_3.wav,136504,564e087822517cf50457319d220154e3984e7b3ca43065ea42e19ca4a55944a4
assets/Audio/Foley/weapon/equip_4.wav,163820,e6c1a16cb400a6025baed3f9b3da77c71e20e554e3fc2c38787cd584b1062b93
assets/Audio/Foley/weapon/firemode_1.wav,58220,4a9f1bdd4d2cb598d82a270b621c24ef98a5057a57c3d15ac90b241eabe99c32
assets/Audio/Foley/weapon/firemode_2.wav,65344,ecce4157530eac621bb4f4d6f7df1e5b0e30f1ade423f5dcc0bde86945014def
assets/Audio/Foley/weapon/firemode_3.wav,53392,7d5402b21e0e70505b593778354cf9eaeaaa8851dcec4157b3ed98ffaffd4e85
assets/Audio/Foley/weapon/unequip_1.wav,125420,1c157b2909f9665e937f518c4e6f11c63dfebd0a7ac768a9f30b153038047ce0
assets/Audio/Foley/weapon/unequip_2.wav,132876,f8b2671c69d6069af2f2e2fc22733311c9721a194608222fcc9fc8b29d082874
assets/Audio/Foley/weapon/unequip_3.wav,118384,75b6b2568f8cd34f6f5b07cea8064877745d723c6d7b443d71849df140960c51
assets/Audio/Foley/weapon/unequip_4.wav,125420,0ce6f3730b746667868cb8a42f71daf83aafdbc909cbc7c2e005ff613f061058
assets/Audio/Impacts/concrete_1.wav,60576,832de5d941aaac01da5916da4095a2a5f0c2b841cd00505bb7ae73a980a6eee7
assets/Audio/Impacts/concrete_2.wav,66056,c5741f4441f01eaf836a4cbad82f55de8925070f68f25987a11025bf0b5aaee9
assets/Audio/Impacts/concrete_3.wav,55552,ba694e88694d7819ea8fdba6b832d7f145bece3feda7768793b59c89ce0e95d3
assets/Audio/Impacts/concrete_4.wav,67988,b4a627b91578ed3a4a81d9dd7398efcc1763befca187e77ee51460fd04caaa1f
assets/Audio/Impacts/concrete_5.wav,42808,0bd48039ab2f400e3f65f689c91fbe40a17a29c03ca399d440dbb4346bb0cf34
assets/Audio/Impacts/dirt_1.wav,314948,53bba08685887bca49afcb6b1401cd3c9de7db0b4ca7d4e07adefa8cd4c65040
assets/Audio/Impacts/dirt_2.wav,343448,eaf6cea2f2b797ae25b83639d4ac8618c132d2c1c737d44a56c5368d9122e3e0
assets/Audio/Impacts/dirt_3.wav,288812,19bc445004c963e6dc115f581edd881efa3d0afc04ac1b8104ed5246d44555b3
assets/Audio/Impacts/dirt_4.wav,353512,85df1a4ff3d05f9db4a3ecc63c92082875f45a5502883431217ee1f4ee2ed5db
assets/Audio/Impacts/dirt_5.wav,136888,ba5550de977a8493dcb8deaa1f71e85d66f414f11c6394dde931d2d471e911e7
assets/Audio/Impacts/flesh_1.wav,148308,dbbbd93f7337a96879d6feab0f477042cc897fdef3d4ff1e2a8f06092c4995d0
assets/Audio/Impacts/flesh_10.wav,71340,f3a2cb4015f28ad4fc426ba02480d74770af379e11fdb4e72bfc2e09e8292c30
assets/Audio/Impacts/flesh_11.wav,70724,dad03e8853f92c2481139138c1382f309f6bcd5aa1d86b715fc0423362ba5147
assets/Audio/Impacts/flesh_12.wav,66036,a431f4c9652437799332f89778b55b9ac5586572ce8d6ce2970d845d774586ab
assets/Audio/Impacts/flesh_13.wav,68536,a931e42cfd3bc2f0161cc939d203d4e19cd08166701ff70d570322716faee7e3
assets/Audio/Impacts/flesh_2.wav,161728,47b80126fd1386e39cc339797493971e8941da19d6f2e8f67abab8b7746132de
assets/Audio/Impacts/flesh_3.wav,136004,d3bdb000364313580a8804fe7371fba1b5ef28317e7a0148e4a7c4befe057469
assets/Audio/Impacts/flesh_4.wav,82968,3071c3511cfd632d9386c0e517aa7fc030a98f56a3964506312aa831a8ade122
assets/Audio/Impacts/flesh_5.wav,93124,a152da7f2fb752dc7c858eeaec7627b0506e9eca70d1915d410e2c5c14ff8778
assets/Audio/Impacts/flesh_6.wav,96632,1957a0581b544d891bb9c88ba6c4580e7bbb2bd36e9ff6fff9dbae1fc85b9c63
assets/Audio/Impacts/flesh_7.wav,88616,9c914fb42d587cb7cebec3eef1dfeb0448e8bb3a2e85f56477281ab1c20bdff5
assets/Audio/Impacts/flesh_8.wav,70468,0a7ac3474977679b8b8a3072bff7beead6a8152341e532eb8373849430e2c29d
assets/Audio/Impacts/flesh_9.wav,86128,18f382fe2f78326b801939c25a65ca7930fcd5f727f01e58a5d6ee0c8264dc37
assets/Audio/Impacts/flyby_1.wav,98068,00d3ec184185cc4fb79208ece35aa80ab126aaa0929a1680dacb3fc8b680a1a6
assets/Audio/Impacts/flyby_2.wav,110072,d9f1524eb66d958ce843b953fae5a8a456c5ca221034caadc355f00524f053f2
assets/Audio/Impacts/flyby_3.wav,89932,1ed662a9920747abd92a5fe676bcdb1dbe42dca9abda020f7552b3cf72344351
assets/Audio/Impacts/flyby_4.wav,106480,582c334ecb0687690de2b455ba8fa633a0b57939b78f7e0ea40d6362d2d6434b
assets/Audio/Impacts/flyby_5.wav,119516,e51a06424a42d2456937eb23d163639c800c00354075dc855d7697e4108e1607
assets/Audio/Impacts/flyby_6.wav,97648,de54ddf199d4c49c30a6d9ae1b102e5e8010ffcb3541cc12bd7a63c0fa468bd9
assets/Audio/Impacts/glass_1.wav,222776,f42eca0bf722955151c11d62f2c1826f5c105ea5d00387d15c8d0138f20952c4
assets/Audio/Impacts/glass_2.wav,242936,4ec111e467389825a97185a3443c5a84a0aab890a805553bb41e2fe9de202302
assets/Audio/Impacts/glass_3.wav,204292,d85e444c8c7415c4b62e558adb89d377cbd6ea1d104332a437c5d81f380f8803
assets/Audio/Impacts/glass_4.wav,250052,51482833839b083a3c52b23720170b654d7735c8d4ab5b4520c68b07c023e7c9
assets/Audio/Impacts/glass_5.wav,136888,b92891ce32e0f892aa48f557c98472f03bf14a6b9e296cce7942aa2cb77648d4
assets/Audio/Impacts/gore_1.wav,107424,55a102c33108cf59c9ffc3c64f54c749c89f21a9572b05677cff72c321ae3a5f
assets/Audio/Impacts/gore_2.wav,117144,b4c5dc4baa2da35aab7f0d9d0cca31e1d8a2dc92d1c8d35403df5a82fe3fe01d
assets/Audio/Impacts/gore_3.wav,101396,c3df05d2abbe3fbedfeb9184d550c7c16b25402be46d1a262b2ebc862b4ecad6
assets/Audio/Impacts/ice_1.wav,148188,f6e3e4757053e8b29fd6b048418334993c49209168d17b38766124e74e0684fa
assets/Audio/Impacts/ice_2.wav,161596,4f8d27baa20b00bcabbdc1599ea00f705346728de43888c2ae0ca414fbab332d
assets/Audio/Impacts/ice_3.wav,135892,30abc92219224bd3119237cbe56bee470318f56e7e3d4f721a614557b39a7c3b
assets/Audio/Impacts/ice_4.wav,166332,667b78a9b6cd6c812b681cb3a7c1019c83fa8be4b2ae67fe57f00cd808db9cbc
assets/Audio/Impacts/metal_1.wav,155116,aaf2548bd7eda25d0c73ff492c85e3ecb48cc7c01acbe85a7927de17ba00705c
assets/Audio/Impacts/metal_2.wav,169152,310597cac52bc6aa5687bee96718d6d8b435558ead14a760e6b5834b56785057
assets/Audio/Impacts/metal_3.wav,142244,fc8507e89095c1f9703c3809a4a20b6209ef20cb921752ae0743455f7b384ee8
assets/Audio/Impacts/metal_4.wav,174108,0ab61a4dc3b2f169379ba99555f42b3f38b392764612f8c46308a935ac0cba09
assets/Audio/Impacts/metal_5.wav,85572,0a0665d4a65172a4dd1f1e38035daccbabbfc12b1d4f471022cc9903894b54e4
assets/Audio/Impacts/wood_1.wav,96044,200e04de7b398f5bf81df50cc37f750fcda91fdd984a05f823625214ec31fac6
assets/Audio/Impacts/wood_2.wav,104732,01afc142eb83c3d4e86e3745a73186a3bf23df67f33b3b5a9611368e93fb5634
assets/Audio/Impacts/wood_3.wav,79272,fbae6bbdeca65ce88040adf164bb191c1adf1cda3f8e890e369519fe62916d70
assets/Audio/Impacts/wood_4.wav,107800,de0d1a2f9d66f406714196e0b3cfa75e95106809764f48970a904b631dde49ce
assets/Audio/Impacts/wood_5.wav,39352,af02e963167b0a7026535ef34b8a564e1748bfdf05a9295a9ff68ee10ee778b1
assets/Audio/Impacts/wood_6.wav,35064,25a8623807218e5c759109e798957747d0532f31eb8d7b94cfae74ae1c79eb7a
assets/Audio/IR/indoor_large_1.wav,480044,38eaea89b248530f34cf7df1fb829ce0cd9fbeb07b89131f58c8cf61b504f629
assets/Audio/IR/indoor_large_2.wav,480044,35b5d9d6b90fee921dc6e454ed0270179e57b935d9afc0d043b5d55d0ecce4e3
assets/Audio/IR/indoor_large_3.wav,317932,9b56b94115f6cc4dd8f7aaf48beeaeed07367518acc54e4c378311021b9b1ed8
assets/Audio/IR/indoor_small_1.wav,480044,eea44d72503b7a23fa892fa2773ebb675aca97ac5d52645ed5d201d134603a1e
assets/Audio/IR/indoor_small_2.wav,434556,47ff59cc5f6433d1cdd8c6b6d531f84a7992d054ca66781ecca5cbb5461d158b
assets/Audio/IR/indoor_small_3.wav,480044,dfc1c7fb9ea2b9d22f94e9a48faa2cd6dd1d9c738376b75a006fb4169a91a267
assets/Audio/IR/outdoor_open_1.wav,376688,aa538f62d64c907cbb22e2e77ba14d64c7287be4c6d342ad4eb3bcde2c7e3f87
assets/Audio/IR/outdoor_open_2.wav,576044,66592a9ff8830d3a248b4c1b5dfdf3ec726ef2db597de4cce730481af9de46b1
assets/Audio/IR/outdoor_open_3.wav,576044,20bcef950732086e84a0842f541660b1593910c553e9f11a947d6ad4a57fb9f5
assets/Audio/IR/outdoor_urban_1.wav,176900,8a2ef537b2e2317e8576c9456672b696df4b6985cd299c2bbe06af0076865706
assets/Audio/IR/outdoor_urban_2.wav,131364,fa8f06be8a1580c285c2b6ae7137603e8eb4aefa6ea594ccc12dacd8dd3a3daa
assets/Audio/IR/outdoor_urban_3.wav,347600,1b9021458736cb84760477c662c36df752903066e5702c7053d96a705a95f69c
assets/Audio/UI/hitmarker_1.wav,22124,43d4ec9f5fe5a6037a2e900727f55c17a8bb6bbe1a15217488b9b0412391a58c
assets/Audio/UI/hitmarker_2.wav,20884,4ab49676ad410aa5aa893c000d2cc8e0cd7491689ec660b7e7b37f23f60651c7
assets/Audio/UI/hitmarker_3.wav,25196,309e571d41318fe38aad82aa5d159f500af6616da2c9ebc1aca0580cf87e0c96
assets/Audio/UI/hitmarker_4.wav,26692,f57919c7c36015e34beb9207ca8092bce6c63c8e27f11951909e7ff3df6fa3c0
assets/Audio/UI/hitmarker_5.wav,19052,67a0ec164ebd3b47febb8104276cdf5a9135ba3d0e60a1d17860e4c326c19c94
assets/Audio/UI/hitmarker_kill_1.wav,55508,7fcbe62fc3f45462d1203a9451a789d0f1ccddee5e48ab496d47296cb366b123
assets/Audio/UI/hitmarker_kill_2.wav,54548,e530e1d0eed2fa9142344b06a28a617c2c1a68370d5a09a7b77faeaf031ad7ad
assets/Audio/UI/hitmarker_kill_3.wav,56468,a9de629127ea1d74368b43d253497cc76356f099b396e6de2cb9fb641d6de068
assets/Audio/UI/hitmarker_kill_4.wav,55888,97b8343ec3857d66f77d65b70069956d94a6f9411e9213c20f5026f72776a46c
assets/Audio/Weapons/AKS74U/bolt_back_1.wav,45352,f0497b95d5e124985932964cb69a21dd6180c005773bcb5a063c7115a9f79c41
assets/Audio/Weapons/AKS74U/bolt_back_2.wav,47496,cc6557ec4ea9ca0e0dc8aff9c846575dc7e53e7e56c90063308c826fa565f790
assets/Audio/Weapons/AKS74U/bolt_back_3.wav,51744,a2d5c74b35423cef52bd96aa0aa8a6fc0856d3e64167f035093efcf72a09f546
assets/Audio/Weapons/AKS74U/bolt_back_4.wav,39020,ad1e6a1eba88131a90d3519a101f3b026cfb7b81fb7d0dd83f96b0b7b43ca114
assets/Audio/Weapons/AKS74U/bolt_release_1.wav,36140,4e6b04ec6051c37dbb0110b26d84ce41a4d7eef154cedcf4b32c072e9b87e3d5
assets/Audio/Weapons/AKS74U/bolt_release_2.wav,66052,a812e95b747043d4562cf85a3801ea6dea94105324d9c07b877c9cac5041297c
assets/Audio/Weapons/AKS74U/bolt_release_3.wav,45184,c6f7f87dde06932a408780aa8b7b70d7b2bf376c3228d1844244510647189cc5
assets/Audio/Weapons/AKS74U/bolt_release_4.wav,31340,3793915aa3b2d0a8467eb3fe941e413874c86d14e8d03deefdc4334a9dc64245
assets/Audio/Weapons/AKS74U/cloth_1.wav,87020,8152ba52d50875eb0ca717793d96a0bb1c5e2e63e26a404c5a8800811de5cb47
assets/Audio/Weapons/AKS74U/cloth_2.wav,87020,ba0e3268d4477e3c918428b9e4539a20d0fffc0d8f5d00b459d7c40ec18f1caa
assets/Audio/Weapons/AKS74U/cloth_3.wav,87020,81ac0fe62d05cc887d157ad1c6f1105b287744bc24c9790d2cd0c2b40714dfea
assets/Audio/Weapons/AKS74U/draw_1.wav,179752,c12e0cb700502d959bdc450dad976987eb7b20e0be416427875ee0df669f825c
assets/Audio/Weapons/AKS74U/draw_2.wav,169412,4bba39d9aced32ac78131f8dd15d85ef870906f79790b50dffcad92b3ad6a0fa
assets/Audio/Weapons/AKS74U/draw_3.wav,182648,273512a7e01c4513eb79e5747234a1366760d8cf600f9d6c0a29b09abab43323
assets/Audio/Weapons/AKS74U/dry_fire_1.wav,31340,fe52278a7625cef20786dc6c90459ce96e353d0a91d72659085dc594dcf3ce22
assets/Audio/Weapons/AKS74U/dry_fire_2.wav,33200,64d613f7d7966a6b8a6f157e9512cd6bf8f6241b3bfa3c314eff13f8397cb070
assets/Audio/Weapons/AKS74U/dry_fire_3.wav,29928,c2943d203ed097e52eb6b6bd77fa87c00286f9f719714dd4c75fb40df67c3d71
assets/Audio/Weapons/AKS74U/dry_fire_4.wav,35172,cd5614763f8904a6ac76d516e7a77ae73f58f6e6581252d0db4ae42bf45f0d74
assets/Audio/Weapons/AKS74U/fire_close_1.wav,88364,69999c55a411c8056da6a562027fc84dc384360ad1b193863811e8b2fac18f6c
assets/Audio/Weapons/AKS74U/fire_close_2.wav,88364,48393d534284db8ebd3878b2d344e98bca246ef1b518a376dd75191f5613471a
assets/Audio/Weapons/AKS74U/fire_close_3.wav,88364,7f8628baebcc25e61a687db0b3a76098dc07d6856ec2ae66051adc13fb116269
assets/Audio/Weapons/AKS74U/fire_close_4.wav,90428,bff343a6cb90138bcfcf65c766787d72d8b386316fb6e4b4e4fa4dd64de1243a
assets/Audio/Weapons/AKS74U/fire_close_5.wav,86848,109024af266b6479071be4010d0b8582abd491d63bf1b7613cb13ac1c46042a7
assets/Audio/Weapons/AKS74U/fire_close_6.wav,89392,091ed5177257a7c397eef509f031f09594060f5803cc4c5f58719127b7cfdb79
assets/Audio/Weapons/AKS74U/fire_close_7.wav,85848,db9c9834363d37143f4c3b0ba8fa523193cd32dd9140509949fc9e24ab945717
assets/Audio/Weapons/AKS74U/fire_close_8.wav,90952,ecfd42a293175829cadb406163f8a5dcbcc2832297c9a9a62ae808e7e8d26c94
assets/Audio/Weapons/AKS74U/fire_far_1.wav,334604,689a1a0d4cd07ec3886c42b85214dd5ed2c52321250c66814b96900923f1d075
assets/Audio/Weapons/AKS74U/fire_far_2.wav,337004,3b6cc10ed60f9273f47c12eeb0d571a5dc336315781818e47525b24d0376adeb
assets/Audio/Weapons/AKS74U/fire_far_3.wav,333164,d3c316d3a68de4cde859ec804ca8e4c92e9c8f6ffd93ce54c8f621806e13ba2e
assets/Audio/Weapons/AKS74U/fire_far_4.wav,335564,e73d3755fa34f8e5ecad1790aca72e1bcd3c848f1a68f304768abd2f1d40cd8e
assets/Audio/Weapons/AKS74U/fire_far_5.wav,334124,d82bd46f9cea8bc50f528dfa8d4a9e36fc915f46b4ae4e81a004d22ee2ff8af7
assets/Audio/Weapons/AKS74U/fire_far_6.wav,336044,c8f4db604d4354373fb016b24ba2a1a3104d74cd2f0aeed8c6f5f236ebd53797
assets/Audio/Weapons/AKS74U/fire_mech_1.wav,57644,bb465deb0952546231daa5e38f98d9fe8f0a009ca1df5f76889a6253366b5eb2
assets/Audio/Weapons/AKS74U/fire_mech_2.wav,57644,edf2f68b917763e9d4d9214a0ce51fde076d2912a45448c64783eb988c67f21a
assets/Audio/Weapons/AKS74U/fire_mech_3.wav,57644,ad8a0b62eefb90e29a9477065f31e371de78a9ed9835f300a09a224b5be49e74
assets/Audio/Weapons/AKS74U/fire_mech_4.wav,57644,b1cf752797c24dcb055ae325c356e609e2fe89a59cc9d3c027df59635675deab
assets/Audio/Weapons/AKS74U/fire_sub_1.wav,43244,e442d5ec4c74e25c3394033d10b47d8718af356f075c41f72665ea3792db896e
assets/Audio/Weapons/AKS74U/fire_sub_2.wav,43244,924938f75c2f6899aba1ecfb9226f85951b396d7f24de80fc440dc5dbc95152a
assets/Audio/Weapons/AKS74U/fire_sub_3.wav,43244,e198d68448c8a32c0a5ce4fe71bc020d27b1e873b507fa83fcf01225fb7a73c8
assets/Audio/Weapons/AKS74U/fire_sub_4.wav,43244,3174beb163b43448fe5040248a69d3f24c3ac6e266aa8d479fdc2c6076c4dbc9
assets/Audio/Weapons/AKS74U/fire_sub_5.wav,43244,a4d577a9236186874e72cc591dff79c57e5e4031dc6132c71042c98c56c0f591
assets/Audio/Weapons/AKS74U/fire_tail_1.wav,614444,68bbf0d146e7c704beb4f64283fa34185f4846cd0920d20179e28abd6c4778cd
assets/Audio/Weapons/AKS74U/fire_tail_2.wav,614444,b43621d056f046296885b3ecbee72641f3460cce536e6d5cb083664a3b769f59
assets/Audio/Weapons/AKS74U/fire_tail_3.wav,631772,9d0171798a0aa4cef9c391fedf5c2872c713af1d9782a239fb7d159e7a6d30d2
assets/Audio/Weapons/AKS74U/fire_tail_4.wav,686864,72d2c29afa3b8736a37042fe2de81fb690ca5f144858cc83bc6d065bc6650572
assets/Audio/Weapons/AKS74U/fire_tail_5.wav,614444,d9a07b8c8c3329ad373a41ce9d0c5612f966550affbaf3e43a825774f67b936f
assets/Audio/Weapons/AKS74U/fire_tail_indoor_large_1.wav,249644,9a8b99591d488bbaf40fdc7f3e0a3dd1eecbdf73a04d98cd756d74aea06e5b34
assets/Audio/Weapons/AKS74U/fire_tail_indoor_large_2.wav,268844,651e0f9c87ba0370e11402afef4f25455b68ee664b56354068fb67499051438c
assets/Audio/Weapons/AKS74U/fire_tail_indoor_large_3.wav,254940,34f4db3eb582df701a9ad06fe8e098b81e2ad17f8e0a091c89bf368f2d38254d
assets/Audio/Weapons/AKS74U/fire_tail_indoor_large_4.wav,354084,6855859f8118ccffe8c4163ab4ec86adb25f642625c24c9eeece59eb3e13275c
assets/Audio/Weapons/AKS74U/fire_tail_indoor_large_5.wav,361768,109edfa3f2792a3e408e7103c49f315e7ad0c0acdb01f786f88503ba4f67a580
assets/Audio/Weapons/AKS74U/fire_tail_indoor_small_1.wav,182444,62709e8c7e09327280f40fb3e690943ccd7144df685b3745709a5b8ae05384db
assets/Audio/Weapons/AKS74U/fire_tail_indoor_small_2.wav,192044,5c61ee5e5ba88fce76f12e77c757f57e4be9b520685192e1c46db7c6759a4ad4
assets/Audio/Weapons/AKS74U/fire_tail_indoor_small_3.wav,167464,4892d3bbafa60ea7d7a429c595799ad40863c024dab2f6fe9a77cdef2d61d20e
assets/Audio/Weapons/AKS74U/fire_tail_indoor_small_4.wav,168252,6c0a17aa289fac357320952970198c6ef94dc00841135de1220d723ec9e39450
assets/Audio/Weapons/AKS74U/fire_tail_indoor_small_5.wav,172844,3d1be61df9d8c854889653355f5781cc1ed622744087d74bb98af64c47c4ef89
assets/Audio/Weapons/AKS74U/fire_tail_outdoor_open_1.wav,288044,1d71b486de6c919850d06ecbdf0dfc51b4d80913eb5fd5200fe74fff11b9b8b7
assets/Audio/Weapons/AKS74U/fire_tail_outdoor_open_2.wav,307244,2fa1b152e62ffec0c35eb7cff6e519616c6b35cc22166c517d366e353985f48d
assets/Audio/Weapons/AKS74U/fire_tail_outdoor_open_3.wav,672044,7a72dfc3941458aaf1377b7c2af33a6f85eea0d084667d15a5376737d6f73adf
assets/Audio/Weapons/AKS74U/fire_tail_outdoor_open_4.wav,691244,00c85a8b8680879e64ea8fa58d05c87ff2b3b560d2255ba44a680f1c4b026d71
assets/Audio/Weapons/AKS74U/fire_tail_outdoor_open_5.wav,728920,a740f69dca6fd366ba8489bd33981a4e8c332f47d38230894cabe1a83698435f
assets/Audio/Weapons/AKS74U/fire_tail_outdoor_urban_1.wav,460844,e15de8c3042d53274a624eb6fb7e16ce0ff071e81e02402fe30bcf509f7ff36f
assets/Audio/Weapons/AKS74U/fire_tail_outdoor_urban_2.wav,460844,9019ac454bd453d02fb3068e31f44b3201ce547bef13f2f7c3d2c31a0bc6e119
assets/Audio/Weapons/AKS74U/fire_tail_outdoor_urban_3.wav,431992,6efc4dfa68d7576e1bda597ad8abf5542c4b039c7113563761c90efa135eff71
assets/Audio/Weapons/AKS74U/fire_tail_outdoor_urban_4.wav,460844,3d89a8369e67130a88860e92f524f531713e4d7ef50dfcb611c493598dd94b36
assets/Audio/Weapons/AKS74U/fire_tail_outdoor_urban_5.wav,471164,934a64f6afb790ec97226729f8821931457144ad22ef49942d84c44c3a92849d
assets/Audio/Weapons/AKS74U/firemode_1.wav,58220,6b52d5df15ae37c1a1d5b32a7bc729be5ed4acedd0311c8757f778d7cb3d1840
assets/Audio/Weapons/AKS74U/firemode_2.wav,65344,e0b1bd3417acb5edaed44b6f485aae2b3c44ef6eb143f804b6e48f93136c479c
assets/Audio/Weapons/AKS74U/firemode_3.wav,53392,11907754bc76956b09efb876b5de0a57d2544d89b23ccd43c379546e7e18ebc0
assets/Audio/Weapons/AKS74U/handle_1.wav,24244,453ceb61ae7cfb496912e27c3d0f5e7e6ed505f3b2ecc8a6a5441f5ef74ea3b0
assets/Audio/Weapons/AKS74U/handle_2.wav,58220,82538bffa552bb63a7fefeef08b37eae2cfdaca8e3f93c01a6eb62d47102f60b
assets/Audio/Weapons/AKS74U/handle_3.wav,48620,b92cf71e8ded5e850dfdc3d38fbeb84db9783bb7ede6b0aa91b82b9da25191b2
assets/Audio/Weapons/AKS74U/handle_4.wav,58220,5cef07eae8194c4db79aaf25759056141482656b5e344b562742af7df33b48a1
assets/Audio/Weapons/AKS74U/holster_1.wav,166700,8fd081e965c1e200e83cceff3cbf42057ea4fb28f1aec5351b3d73e002e09955
assets/Audio/Weapons/AKS74U/holster_2.wav,165312,9ba0f5ee685dfcdb6f90a9f8ae8b5ee932a5dd71827a0ab21a934e434ebb1caf
assets/Audio/Weapons/AKS74U/holster_3.wav,174744,e0739cafee7f9f3e3bec145bee892dfb1ff52b212cf20b7beb04a202f4585380
assets/Audio/Weapons/AKS74U/mag_in_1.wav,33260,04d689f90763abdee873cb552857ea6ae46824ccaec309ed1efe83fe57738ad1
assets/Audio/Weapons/AKS74U/mag_in_2.wav,18044,010bfe50b5e062a42faa45acb4873044a6b79d78d261651389ba548e9e561f3d
assets/Audio/Weapons/AKS74U/mag_in_3.wav,38060,0ab376498673302d9c97cc94905bcdcea85d7db04c96a1418263f8f36995b04a
assets/Audio/Weapons/AKS74U/mag_in_4.wav,41076,8daa28c08e93b172562b623e5b10462457dbf02bf030c81bf0ba3292f788ec66
assets/Audio/Weapons/AKS74U/mag_in_5.wav,31340,aab04acfadcf7e3b3bda6587069258d743371ec16812962beb277473a3c35051
assets/Audio/Weapons/AKS74U/mag_in_6.wav,31340,c4a81a9c560a8db6f0ebcccdbca2b63c8221edf48533bdde30b004da152616b3
assets/Audio/Weapons/AKS74U/mag_in_7.wav,31340,3dbae28a7bf6cb5e684b7066b18524a568b3bf473b45ad274fd9c1d463eb3ddd
assets/Audio/Weapons/AKS74U/mag_out_1.wav,22600,910858f3ed7169d3d9abd332d468fe0d65b859113be01ea9de4b3374b42b8d7e
assets/Audio/Weapons/AKS74U/mag_out_2.wav,24468,798e80004b8507dec3bfa308a9716524e1831b7d3a272ba3a8e594dcdc44411d
assets/Audio/Weapons/AKS74U/mag_out_3.wav,31340,4d642c4b0056901d1232a05815d486c859f638f0f4239e0a4e293b695e701b74
assets/Audio/Weapons/AKS74U/mag_out_4.wav,25420,c0337fc1ea76aa5bf2542512631818b7b87f206ea813e17deb332ba34244eb31
assets/Audio/Weapons/AKS74U/mag_out_5.wav,31340,ed6d717730796806aa3200131d9ebe8efc14bead19b8f116ffaa4adbeeed1de3
assets/Audio/Weapons/AKS74U/mag_out_6.wav,31340,756bd4f4b1556ea9cc85f944bd335050fc5b16128a13ef9ee015ce0bde7953e9
assets/Audio/Weapons/AKS74U/mag_release_1.wav,31340,521c2712cee106de28e65f343857c3657598f55eb3fe488c8a50b0d69da55500
assets/Audio/Weapons/AKS74U/mag_release_2.wav,31340,d13a6f23a698a209a0aaf83b99e6b4a201c7e62af4d400cee11b6518803a89af
assets/Audio/Weapons/AKS74U/mag_release_3.wav,31340,8860f0d8d0f1d3d2af6ee5807ce5f6bf81f5c547af01bbb6a69f574d1908b9e7
assets/Audio/Weapons/AKS74U/mag_release_4.wav,28744,a5b2015e22b34a44e1ecce660328af00d89be7094fe3e6d7353758cd9d193e37
assets/Audio/Weapons/AKS74U/mag_release_5.wav,31340,c6931fe54e9160b27b5abdbbd0c0e7f24a009c7dcea28b742046c917d115bb58
assets/Audio/Weapons/AKS74U/mag_tap_1.wav,31340,f9c0bd695ce8440e9d3ab6484ceec32bc749ecfcf3b300b077d1655522ce361b
assets/Audio/Weapons/AKS74U/mag_tap_2.wav,22580,e0f4a1a9f52163049e93d4e59ec8f8ae69d13fd758ddb4fafd6a20ce9ec946a0
assets/Audio/Weapons/AKS74U/mag_tap_3.wav,31340,9685fb9b1e7ae6f48acf5d9a17dcc45dbb9693a8a3e43c03b10000aec35bd98a
assets/Audio/Weapons/AKS74U/mag_tap_4.wav,24244,8513e1601276fb71d5152deec3a2b708277998d5e130ef6f2c7fce3bfc00490f
assets/Audio/Weapons/AKS74U/melee_hit_1.wav,38444,822767dd4a65c5d1abf7ec0c2df91b0143e90087d7ed618e2ce0151c40777d06
assets/Audio/Weapons/AKS74U/melee_hit_2.wav,42092,7d47f5c6a48c3249511ee66fddc7e6249da78b7a422f78d088c2019f4f1a24d3
assets/Audio/Weapons/AKS74U/melee_hit_3.wav,77420,f5c5d89e30b83a3672fc34230394d8256d61ef741b4eac7261f0363902fe6cec
assets/Audio/Weapons/AKS74U/melee_hit_4.wav,76892,8c6eeac0a32d23058cba1c2645f1402e932fe1c889c02f8608a2172e3a5508dd
assets/Audio/Weapons/AKS74U/melee_swing_1.wav,86444,72c69f16f0cbd0c7ed082d14f511c277965ba152b6620558d9f6af5759808c81
assets/Audio/Weapons/AKS74U/melee_swing_2.wav,64696,cea6c7be0139036ed7ec8c8ccccea3611b4ef3d1dbefd8f0de108af37194489a
assets/Audio/Weapons/AKS74U/melee_swing_3.wav,50372,6d81bd67f323f3c0b7a116f91b08377fce51556e839f453abfc26f102467a284
assets/Audio/Weapons/AKS74U/melee_swing_4.wav,91580,932bb372286e385a96ac544e69c9ea4e66594481cd24265dc675728f187375a4
assets/Audio/Weapons/Remington870/cloth_1.wav,96620,92ae4d112a6edeaf6ad50e0801568ebf408123b4760037e1e359f5ddb70b8755
assets/Audio/Weapons/Remington870/cloth_2.wav,96620,8b754d3f45311b777b49e1e41f42c6dd825b886a6a48f070f55833878668d05a
assets/Audio/Weapons/Remington870/cloth_3.wav,96620,6338f29280d9b1efe7d2299b4a51a50501e5ce419c33368fdb617ea4f60d9d12
assets/Audio/Weapons/Remington870/draw_1.wav,145964,c1f5bd0fa8c3485e78292813c16a4971e7539eefffe1205d65605e5b3fb07511
assets/Audio/Weapons/Remington870/draw_2.wav,150240,eb79c6c7a79fdb4752245a8109c5a2164a4cfd4fc1d489b83f0c19aee6bd25c8
assets/Audio/Weapons/Remington870/draw_3.wav,150240,8b31453d68aac26fb0323a52be4e8405f33cd5091e1426775abcfc12067445f4
assets/Audio/Weapons/Remington870/dry_fire_1.wav,35172,a8c851f3e044177a72874ec17c4655a96bb1e117c5f3c4cc895b6fceee6c4c25
assets/Audio/Weapons/Remington870/dry_fire_2.wav,33200,89334e60ad24d2794c346a4f552a4a4a520cb989befc8b872143a4831b8936b6
assets/Audio/Weapons/Remington870/dry_fire_3.wav,35172,67f774b7444156cd1ea1bab3b4a65a97a74f8ab5611852557178607ba1e500d4
assets/Audio/Weapons/Remington870/dry_fire_4.wav,35172,c275001d092fd53c79bd899bb1594d3df0bcb0f9bc5ab6c7780d145234c611f0
assets/Audio/Weapons/Remington870/fire_close_1.wav,96044,7468ee7208432a221d450ed4c04ac01e121088594ae2b678d1aab7c85532fed3
assets/Audio/Weapons/Remington870/fire_close_2.wav,99428,f007e354b9478b1aee5961b83662861ca1a8abb435f9120689594d4460ea60bf
assets/Audio/Weapons/Remington870/fire_close_3.wav,92772,01c0debb140e2b0acef698110dff75456759215bedad45205df20a8e104d8ff2
assets/Audio/Weapons/Remington870/fire_close_4.wav,97724,0805cf8686505fed5369099dc796bda9d9e475c0029816c708a6bac53bf1c25f
assets/Audio/Weapons/Remington870/fire_close_5.wav,94396,475793a89bab9597dbfbebefbfb2fc023d83f75bef08aeecb5890c8a1c0b5a0b
assets/Audio/Weapons/Remington870/fire_close_6.wav,98288,acb2cd034b0e96cb4a35cba22a2db449ef4db6b690a0a7b550bc10cc0c71a9c2
assets/Audio/Weapons/Remington870/fire_close_7.wav,91180,22984b120234089083f5e66889c93de91a52fcd162b4b4ddf606287d34c54fa7
assets/Audio/Weapons/Remington870/fire_close_8.wav,95216,05af75b8312b6f037dcb4a79fcf389d2c97e003394080609f379832034166bff
assets/Audio/Weapons/Remington870/fire_far_1.wav,373964,00dce47b42da0901bd8cbca31171372f5a9df4999fca588737414be4b2216f86
assets/Audio/Weapons/Remington870/fire_far_2.wav,376364,a3a270673ebae9ad16a9cdbe2babd1de360b93b271108834ec7a008a3a97238a
assets/Audio/Weapons/Remington870/fire_far_3.wav,372524,f77b940cd4dd3133a7f6eb057429d55f4eb6647e7f6cff6a707ed03b367ea4c0
assets/Audio/Weapons/Remington870/fire_far_4.wav,354450,c52c69503b0eb136a6d8aca8cc082aa098c7182e70e456573a988fd29c3ca26f
assets/Audio/Weapons/Remington870/fire_mech_1.wav,41624,076862c66aa1595fe31b1e565773da138792d0a3ab9d45dbf3a8648b9b48df41
assets/Audio/Weapons/Remington870/fire_mech_2.wav,67244,2e26bf9a3e69ad0eb2b193e12abb7860ed4c2b5296986f4ee752695fb713b10f
assets/Audio/Weapons/Remington870/fire_mech_3.wav,67244,2db5193901cfc1fab4470a777be453e5f5fafe8fe0a01cf774230741d9b11a0b
assets/Audio/Weapons/Remington870/fire_mech_4.wav,67244,35c582097cd8c85a8a7fb10d66d6a258da8954353a86a23d0af8f4004b714782
assets/Audio/Weapons/Remington870/fire_sub_1.wav,62444,1049ea7c07195f3dcd0d4765be2fbdfd47db5b38a78049c4731896f1a97cb518
assets/Audio/Weapons/Remington870/fire_sub_2.wav,62444,b3ead38dd0189293286c03e64893574a611074f276db65795b45eb3611caf9d3
assets/Audio/Weapons/Remington870/fire_sub_3.wav,62444,39f791bf48034395d22cda296c90d7eb41a8fca86ce16c315614faf62d0fe23c
assets/Audio/Weapons/Remington870/fire_sub_4.wav,62444,561cafb4f978ad0aebf58d97b06893232a39f046e987f37d1cd42d2c9f870234
assets/Audio/Weapons/Remington870/fire_sub_5.wav,62444,7f4ecd2055b5286bb685bbe347b4595e8392de6209cc4f7a8ffc5dd71e04379d
assets/Audio/Weapons/Remington870/fire_tail_1.wav,576044,d8a3d10e45328bac947748c14f57dd1181a4081070913828cc1ca38e0918db56
assets/Audio/Weapons/Remington870/fire_tail_2.wav,576044,cf371654a93bfaf659e7e827ea6a2872cabba1d2d0d987dd39abb224c5265785
assets/Audio/Weapons/Remington870/fire_tail_3.wav,592020,effd5cd88a6b4add1ede07f01a083f5304278b2fc93491a5cff97bde53c0ece7
assets/Audio/Weapons/Remington870/fire_tail_4.wav,530788,ee4cc2efc203c650aeebeb16e29ca60b51de1499227d6dd99f3aa5df29798204
assets/Audio/Weapons/Remington870/fire_tail_5.wav,576044,4d884649f0a6e7e899ca69dddd4934620508201bed38d82acdab7b357c1b12af
assets/Audio/Weapons/Remington870/fire_tail_indoor_large_1.wav,422444,024eb1c713b46e252001df9ce427727332cb4663b8efd1ffc0ea4d98b3d3ab50
assets/Audio/Weapons/Remington870/fire_tail_indoor_large_2.wav,422444,7efcf0a3f57b4f3574df506ab42079f30712d71105179fa43305d51c6c428cd0
assets/Audio/Weapons/Remington870/fire_tail_indoor_large_3.wav,422444,cc09cee5f03fa04e6bd794e6d6b6064c4cd8756c28653376d3c436a679c924d4
assets/Audio/Weapons/Remington870/fire_tail_indoor_large_4.wav,422444,ab7c05d15a9e88003623938e3e5e1f2ec37c752d4c616d81e433d349cf61fc0d
assets/Audio/Weapons/Remington870/fire_tail_indoor_large_5.wav,422444,74bf0716f642eccad9c36a4b9513750372cdefd7fe40d89bfedc58ddf18acf2c
assets/Audio/Weapons/Remington870/fire_tail_indoor_small_1.wav,213676,b94032eb506cae3f5157d627a89d1d47869fb4382ddcd4190d5b9cbd5e7ef4f6
assets/Audio/Weapons/Remington870/fire_tail_indoor_small_2.wav,223980,a99ff479368697179b929eeeade3598f7a1ba2676a84f0d486054b6988247969
assets/Audio/Weapons/Remington870/fire_tail_indoor_small_3.wav,202428,59fc64e2867e7253313301894b4ff2e0f61fa6f510471144c3e954d42e35ed81
assets/Audio/Weapons/Remington870/fire_tail_indoor_small_4.wav,213676,9179025447afeaab68977d72e478183debeb986aa2ccfb1f0eb50309c10961d5
assets/Audio/Weapons/Remington870/fire_tail_indoor_small_5.wav,213440,e2770cd69bfe3b1e664c805547bbc2df9fa5a1b5e95fa4b9617956edce5d54b7
assets/Audio/Weapons/Remington870/fire_tail_outdoor_open_1.wav,341572,2bd9fdb5ba201118498ad31dacbdae1de194aa66396c1a940d28537333f90b99
assets/Audio/Weapons/Remington870/fire_tail_outdoor_open_2.wav,363124,f79158a06b95f5f3d254e6c08998524da04845747a4dd3b44e84eb13b21b760f
assets/Audio/Weapons/Remington870/fire_tail_outdoor_open_3.wav,768044,00e2c3f0b703353e78adfb549013fb9696651b65338c1a9525c55da0d1960b0e
assets/Audio/Weapons/Remington870/fire_tail_outdoor_open_4.wav,768044,6d7b2a5b25f3ce1004be5a9eb98a80074f1acc957ee3d5655efb900fffc54335
assets/Audio/Weapons/Remington870/fire_tail_outdoor_open_5.wav,788860,fdedf6f8bbf38288859fd9ce164a772fc25795e0fb86dbb94b8c11f87f39a045
assets/Audio/Weapons/Remington870/fire_tail_outdoor_urban_1.wav,536004,f283042973ad2f5ba528a8c141242abb5b2d8d38a02f5060ef4d92d6f9f61816
assets/Audio/Weapons/Remington870/fire_tail_outdoor_urban_2.wav,536004,6555a010ad94d19a7a34f5eea4e03478e67411e1a479b54309cb816d81a24cf1
assets/Audio/Weapons/Remington870/fire_tail_outdoor_urban_3.wav,536004,6bffb05d95e3f73aa51fa9074e8fccafb08f4b011b712af6e5ba98a43cd15696
assets/Audio/Weapons/Remington870/fire_tail_outdoor_urban_4.wav,536004,f80e4834a9a00ce79fe4b0044df6861d7e63b6f4339ca0a66701f5786334e4af
assets/Audio/Weapons/Remington870/fire_tail_outdoor_urban_5.wav,536004,42e07f031fe67840dce3dd4c2d72d606e03f6c45f8035b6490c8deee060f85da
assets/Audio/Weapons/Remington870/handle_1.wav,23316,b86752e1afd979354ff4b7e583312b38b18604b223fc7bd288504fbdd27c0d48
assets/Audio/Weapons/Remington870/handle_2.wav,21744,ce7ae5eafa767939d9e8dd5b547309883830e9a5d4f2d53a16ff8e1e2c8355a1
assets/Audio/Weapons/Remington870/handle_3.wav,41908,9cb20e9e8c385ee07d8577b24430dd27153f5a6b90e8904aab0ef0266507f7af
assets/Audio/Weapons/Remington870/handle_4.wav,27204,f84a9442d123754cf01c347968e04ecd78fef19344e71a5f9f704eba64b6d283
assets/Audio/Weapons/Remington870/holster_1.wav,134444,e97e67304f8b2ef5cb2704d41afb52e52ce38c27d78cff02aae4eda55f95015b
assets/Audio/Weapons/Remington870/holster_2.wav,138384,5b033acb30f2b92163196e1820cb5b20c8de7a426e7045fd293570c7ab9ca0f7
assets/Audio/Weapons/Remington870/holster_3.wav,138384,6d0173146d1d307f8f59230be482c0d951fe6d81764dc5419e6a71d596a3b5ca
assets/Audio/Weapons/Remington870/melee_hit_1.wav,61100,6766c5fe727034e2b7e76bafb8fdcb75ede6c4e31f2c70600c9a8c3d87a52aae
assets/Audio/Weapons/Remington870/melee_hit_2.wav,85716,d9de67180c5680c49fc7d444f14410a08aef2e3f596596a60dd6150005cc984f
assets/Audio/Weapons/Remington870/melee_hit_3.wav,87020,b275b591b0783f741a043fa50c9965c6d667cadb29267fdc7ed08a66285452bc
assets/Audio/Weapons/Remington870/melee_hit_4.wav,87020,f590523f43f39b64c2f0e44d7694694cf74a959fa7de3c93a5c53959669c0d8d
assets/Audio/Weapons/Remington870/melee_swing_1.wav,115244,33c57444de572379ded300bdb4c6b49446a055db20a222a47679ecf4c5492c29
assets/Audio/Weapons/Remington870/melee_swing_2.wav,107800,e2d00f7c236247f7190d7f586e9213abd0cdb81d880a730e1968125dd6cd3113
assets/Audio/Weapons/Remington870/melee_swing_3.wav,118576,9a9a044d2827128d2e71252c8ab851b5722663096ccc32cced5737973cdf504b
assets/Audio/Weapons/Remington870/melee_swing_4.wav,115200,94fb8517c636ddf0bdfa89ce995ffb1cbde51c72ee7c1fe96b78139eb28d4e00
assets/Audio/Weapons/Remington870/pump_back_1.wav,49964,56042f7c7c9638bf8dee27eb7f6aeae32a1e8c5390f87e05b3ea4fb01949ba7e
assets/Audio/Weapons/Remington870/pump_back_2.wav,52324,f35e6475506aa0f244d60387954496f72ab57c9f2a967ce0b3a412bc4b01f407
assets/Audio/Weapons/Remington870/pump_back_3.wav,74924,6a1514c1524101de9ea3bf89922160e94d070a88fd1ce636d2ea67e52b998d39
assets/Audio/Weapons/Remington870/pump_back_4.wav,51884,d9fd08fc1426b9d4d4eb939cd507101e8210d317305cbfd237bd8ef289264af1
assets/Audio/Weapons/Remington870/pump_back_5.wav,71240,c64442bea64d5854654b39817ca3fd0ecf02c7edd7c3e41331efd5d2d21ed1ec
assets/Audio/Weapons/Remington870/pump_fwd_1.wav,67244,7a9e003404f6e49010f1f5e27fbca06e3a515cc654a0ddd6df854b7f8d444125
assets/Audio/Weapons/Remington870/pump_fwd_2.wav,47804,c580a0a5ad33734b00157eb90b2fc45f9d9b49acbcf464854291b8220a30e2ae
assets/Audio/Weapons/Remington870/pump_fwd_3.wav,84524,293881292824116ef0ed2d5e2a83ed5e1bde9a89c8f546b8e29aa087016deacd
assets/Audio/Weapons/Remington870/pump_fwd_4.wav,78764,305623a76e6d5330201e452dd72cdffca7c0a1761a8a9617f7b7587b6b2358b6
assets/Audio/Weapons/Remington870/pump_fwd_5.wav,73276,feb2d3eb220f7aa2b2b6efe16ecaf01df35a644bec6d2db229b1cec7f4280931
assets/Audio/Weapons/Remington870/shell_insert_1.wav,62060,fcff7e1f70ca8786ac326553b60f63261ad8f20246dfaa0ad0c73339e0820e66
assets/Audio/Weapons/Remington870/shell_insert_2.wav,62060,14c014e569bf6f5c82046ba8a1a9575df620d19f5c4e79fb8b32d74dbb4c9747
assets/Audio/Weapons/Remington870/shell_insert_3.wav,63144,6ef8ae852a1c70cad64e1c8e969ac4689620e724a2d59749d099c1bf608a902f
assets/Audio/Weapons/Remington870/shell_insert_4.wav,60996,16c0aa979fa9c644f42f2de671bd6d33b38520e3f8afa191a07a127ff705a0ab
assets/Audio/Weapons/Remington870/shell_load_chamber_1.wav,81700,b6d6f43f64d74bedd8d9e9cc74bae67f895ccf1b86b2aa89543164983c83f6b8
assets/Audio/Weapons/Remington870/shell_load_chamber_2.wav,77344,2a6d4de24b9fcd5daa3c7f2748325302f70da207538b035e2d670eff95aa2c45
assets/Audio/Weapons/Remington870/shell_load_chamber_3.wav,42860,6f5973fb4a24d35267640f82a136cbb0e51f5813f51178ae1a44969614a526e9
assets/Audio/Weapons/Remington870/shell_load_chamber_4.wav,58220,b22d623a86f3099cf66ab40d1efdef0fd73946e792e93bc4a099ad0e854970be
assets/Characters/Quantum/FirstPerson/Quantum_Arms_FP.fbx,1689468,a0805e8ed4cde411b81cff1ece6ac3fbb22a8c37bb1f01bffeb9f68d6e6421bf
assets/Characters/Quantum/Models/Afro/Quantum_Feet_Afro.fbx,1606656,145f99f43168b8f3e363aa7b6b45ca78e5e155b927f5eaed71de8641d3747ef7
assets/Characters/Quantum/Models/Afro/Quantum_Head_Afro.fbx,7084304,1114e883c42a58e94b4d64ab3b816c869f0623ae62fc64502105c7592373e6f4
assets/Characters/Quantum/Models/Afro/Quantum_Legs_Afro.fbx,1314224,5ad7896cbfc36a32aa0b56d0acbf7d22f2a19aaa4df6b40977bfeac26f105db4
assets/Characters/Quantum/Models/Afro/Quantum_Torso_Afro.fbx,1562400,4be8adac13406c4a04d861e042fbb0362032a427429b330b9ab1874541a46d0c
assets/Characters/Quantum/Models/Afro/Quantum_UnderPants_Afro.fbx,1014128,d17737f3412f1d0b6c75b676b9a7dc6407fa23ab8ac8595ee74006b91e28d275
assets/Characters/Quantum/Models/Asian/Quantum_Head_Asian.fbx,3637616,08056e1b0e77c4f8219a87392fafa7b706cd2de157e27fc3bbda37ad493bc3d7
assets/Characters/Quantum/Models/Clothing/Female/Accessories/SKM_F_Bracelet_L.fbx,1284560,9153b69a25d6be2b90642e2cd610c909a8227ffd30e182a5100ba3bf7ffbc0db
assets/Characters/Quantum/Models/Clothing/Female/Accessories/SKM_F_Bracelet_R.fbx,1286624,6262365d5acabe4792dd866d5fb70af728f62267af92f3b714f7d693dcabcb76
assets/Characters/Quantum/Models/Clothing/Female/Accessories/SKM_F_Vivian_Wrist.fbx,1450864,6e3b7bf3775d38b8f04513a04cb153528daa045a910222826d2e0cdd2b480afc
assets/Characters/Quantum/Models/Clothing/Female/Accessories/SKM_F_Watches_Military_L.fbx,724208,1a44cd19daa1a1732a94d8d7bd627cc556329a4b544ad36d9e9fa9f4adc103de
assets/Characters/Quantum/Models/Clothing/Female/Accessories/SKM_F_Watches_Military_R.fbx,725184,b671a8f805260356b4f71f14127c92903d59c8caa24e0759e542f73b49deecfb
assets/Characters/Quantum/Models/Clothing/Female/Bags/SKM_F_Backpack_Casual.fbx,1468032,5dceabbb6c626093522ac2e63fb5797c306583f8fbcd6b6a6d9756a3d7af87fd
assets/Characters/Quantum/Models/Clothing/Female/Bags/SKM_F_Backpack_Sport.fbx,1476096,0fd1a766a9b92ab488aeafc79be97b0e381906f9d3e63f7cc141c902fdf76366
assets/Characters/Quantum/Models/Clothing/Female/Bags/SKM_F_Bag_Banana_Chest.fbx,1201952,234e0e84b2539f1c973841ff9ec17d394d7b23368d91d5c31c118180821cc12c
assets/Characters/Quantum/Models/Clothing/Female/Bags/SKM_F_Postal_Bag.fbx,905776,94c33407d476d68222523baa53b25b7bb7685569f20a10012b58dfd8cfd6c0e0
assets/Characters/Quantum/Models/Clothing/Female/Balaclava/SM_F_Balaclava_Crime.fbx,246432,d47d49adcd12c644cc6b9647aecb3c528d2d24ed1b70c87a69c6a2a100e64958
assets/Characters/Quantum/Models/Clothing/Female/Glasses/SKM_F_Glasses_Aviator.fbx,819536,c3b3f9f14bc4691f4d3aeb59ac1a319d0e64bff37c8c97c1ea87f90519a44444
assets/Characters/Quantum/Models/Clothing/Female/Glasses/SKM_F_Glasses_Classic.fbx,526960,0829de5ab341340a1c176f729bb1c944f06d69dd3cb26f0f982ca39b64f70f87
assets/Characters/Quantum/Models/Clothing/Female/Outerwear/SKM_F_Bomber.fbx,1153984,d1eb90f3eaac9ec3f91372d77984f9f6b97faf0bcdbcf0e1969abab2f5443c1b
assets/Characters/Quantum/Models/Clothing/Female/Outerwear/SKM_F_Bomber_Tshirt.fbx,1505488,c0c74ea4af9d04bef087261919e9b13faf2fc2d8cb7f8ccb39518039b5ffe14a
assets/Characters/Quantum/Models/Clothing/Female/Outerwear/SKM_F_Coat.fbx,1566896,e20d32005afa34a8276c8bdacca4f95befd0bb706d7430fad4b74a228f4a369d
assets/Characters/Quantum/Models/Clothing/Female/Outerwear/SKM_F_Coat_Hoodie_Hood.fbx,1806896,2695aef7a0941952150c4156c749e38fbc972800c94f74cbc86525e4bfbd8aab
assets/Characters/Quantum/Models/Clothing/Female/Outerwear/SKM_F_Jacket_M65.fbx,1890640,89112a5ea5aa47bb49717c228a6363ca7eb8621845e61acdfd6c867e78a6a4e9
assets/Characters/Quantum/Models/Clothing/Female/Outerwear/SKM_F_Jacket_Winter_Closed_Hood_Closed.fbx,4667104,e542740aa3cf2e4224ef8670ecc660b68ec0b5115b17f3d74862c73862a3be0a
assets/Characters/Quantum/Models/Clothing/Female/Outerwear/SKM_F_Jacket_Winter_Open_Hood_Open.fbx,6058176,0dd6ee63032e4a6d8fed93d84c5b789f1ef8999eb99ed2c3caee9e69a3a75738
assets/Characters/Quantum/Models/Clothing/Female/Outerwear/SKM_F_Jeans_Jacket.fbx,1528736,de3fec3a4260a4ce47e983d953921e1d0afe2edcb7e8d9560f8665a5b4babd0b
assets/Characters/Quantum/Models/Clothing/Female/Outerwear/SKM_F_Jeans_Jacket_Collar.fbx,1643232,851923a493542a5ec3c0d8f97ee9afe303d5fc9d8f9823f26b81ee9575102130
assets/Characters/Quantum/Models/Clothing/Female/Outerwear/SKM_F_Jeans_Vest.fbx,1636448,bfd191b00687453c905e732799c7288c71a6827ec4fe2e74a2902f2031b0980f
assets/Characters/Quantum/Models/Clothing/Female/Outerwear/SKM_F_Leather_Jacket.fbx,1480544,a5c1d435c6a9b161553523fc8ddf8a8fc62247d273c8682b9ae0fbcaedf4b1fb
assets/Characters/Quantum/Models/Clothing/Female/Outerwear/SKM_F_Leather_Jacket_Hoodie.fbx,1633680,d67ffde1d00f3287b77e002cceca4bfc2a5a7d1670d192b3af5842632097b3cc
assets/Characters/Quantum/Models/Clothing/Female/Outerwear/SKM_F_Puffer_Jacket.fbx,1305824,92111e12cbb2b6c239950b0a4cf675dda32fc1f4490cd107d81bc5905cc2ae2f
assets/Characters/Quantum/Models/Clothing/Female/Outerwear/SKM_F_Puffer_Jacket_V2.fbx,1487504,730a5a9a6feb497f8a5236d62ce989f322aafc630a62f8bd53d3ec221c4e2a37
assets/Characters/Quantum/Models/Clothing/Female/Outerwear/SKM_F_Puffy_Vest.fbx,1309840,5c75edbba10ceae8cafa07ef9e3d8f432313ba6df38e50d404536ed0af525c10
assets/Characters/Quantum/Models/Clothing/Female/Outerwear/SKM_F_Vest_Hunter_01.fbx,1581568,0f4378369738267ee49de1a6842819a11c2e99e8e7495895669eb78c65ee557a
assets/Characters/Quantum/Models/Clothing/Female/Pants/SKM_F_Pants_Cargo_Straight.fbx,1241408,98d93b86a0b1f4a3b4f1b68f95b6640d29f6905543d5a09ecf8607d22cd5249c
assets/Characters/Quantum/Models/Clothing/Female/Pants/SKM_F_Pants_Jeans.fbx,1124384,bb513562e4f500cee7b4aaa1bf49a197f27c797ca072d57e9a6ef3e36e803b1c
assets/Characters/Quantum/Models/Clothing/Female/Pants/SKM_F_Shorts.fbx,1655328,d67ab01e151109096e5af2b7691c39d02c7c622d1a8ec4b3f5893cb45067d81a
assets/Characters/Quantum/Models/Clothing/Female/Pants/SKM_F_Sport_Pants.fbx,1318048,b19a563a311f4532fe89dabdf8ae1256af8a6e03c3d7d9de28024620a37b6b37
assets/Characters/Quantum/Models/Clothing/Female/Pants/SKM_F_Sport_Pants_Inboots.fbx,1318944,5c0e124c5d124d8aa7255b8d5c361bc3f03c9fff1fade19a8ab0047785aa1cf7
assets/Characters/Quantum/Models/Clothing/Female/Shoes/SKM_F_Boots.fbx,1649552,b00a67e501635ff8ec500c5d8eb8b30528b28672dc0ee7a4bb584e69b2522051
assets/Characters/Quantum/Models/Clothing/Female/Shoes/SKM_F_Boots_Inboots.fbx,1067856,50de11cc1020b5138712b433bf37f0eed508ddf6dc12621c5188cf2f168e4a14
assets/Characters/Quantum/Models/Clothing/Female/Shoes/SKM_F_Flip_Flops.fbx,798400,41e63dcd95c233c1f1ebc60e3b9444ecb282237cc9738bd74560b014a700f013
assets/Characters/Quantum/Models/Clothing/Female/Shoes/SKM_F_Sneakers.fbx,1396048,1129f7ab9cbb8fd6324dcf37f444ffd165a4fceff0ac8e3bde309a190316abb6
assets/Characters/Quantum/Models/Clothing/Female/Shoes/SKM_F_Sneakers_Sport.fbx,1876464,f28c85f99637d6f861f133843b9d06c75016f6963793c5bf79b698dece2d25ee
assets/Characters/Quantum/Models/Clothing/Female/Shoes/SKM_F_Socks.fbx,626720,4c529c9f5a228b21608b68ba403a8f2c387ee8b95e05e58d38cd60562ad3f9b5
assets/Characters/Quantum/Models/Clothing/Female/Shoes/SKM_F_Socks_V2.fbx,560112,e487624805021aba630e809689f8e9dcaf3b6bca5df53f992a7a59785952d856
assets/Characters/Quantum/Models/Clothing/Female/Shoes/SKM_F_Vivian_Feet_Shoes.fbx,1023040,7b3a7ff669fda51bf1d765599a5551cfe66d471daeb6f8882648d75949665a6c
assets/Characters/Quantum/Models/Clothing/Female/Shoes/SKM_F_Vivian_Feet_Shoes_Long.fbx,1110544,f376d9c7284e50e151e411d1ad067382bc38ea96d8b2b7cee5529b81305d73f1
assets/Characters/Quantum/Models/Clothing/Female/Tops/SKM_F_Hoodie.fbx,1749648,3a20317f01c0e657a77dcc45abd37b82ada020f656f830a0ca5564eb252bb24b
assets/Characters/Quantum/Models/Clothing/Female/Tops/SKM_F_Hoodie_Hood.fbx,1999152,20975fa9ccc414b6b540e343276f7e509479746fad48f5e7832533ecdc706dac
assets/Characters/Quantum/Models/Clothing/Female/Tops/SKM_F_Hoodie_Hood_Up.fbx,2276256,58c684e2c3b475ad6cc536a7d64b7e1003288e3b20fba689ae0805126cdbc237
assets/Characters/Quantum/Models/Clothing/Female/Tops/SKM_F_Hoodie_Zipper.fbx,3080528,06ba884179a7e81b900841d39aa112ff357ef816360c93d16d3cfc43f682614a
assets/Characters/Quantum/Models/Clothing/Female/Tops/SKM_F_Hoodie_Zipper_Hood.fbx,2466784,45bff838e4eb59e9694e4a7eb13987fbc566d2488e5756da3ab1a98cb5ba1f0c
assets/Characters/Quantum/Models/Clothing/Female/Tops/SKM_F_Jersey.fbx,1554688,a0dffa3d984fd0597ba885d83f85932d8a31d62b1bdcb1d36c0ec719a483c283
assets/Characters/Quantum/Models/Clothing/Female/Tops/SKM_F_Shirt_Adventure.fbx,1392400,1989b3c9f858bad8e567837b240cfeaf549ba9a0ac5ff3cb92d1665f3b05220b
assets/Characters/Quantum/Models/Clothing/Female/Tops/SKM_F_Shirt_Hawaii.fbx,1686224,2a218979d0ea31d8b3e369922eb7fc875f5d48e6a56942c5a2830168415c90b8
assets/Characters/Quantum/Models/Clothing/Female/Tops/SKM_F_Shirt_RolledUp.fbx,962160,037c630a9ab3f1f98df7755d0ebb6db9cb8de08d87a6896eea7932c2a5e4f824
assets/Characters/Quantum/Models/Clothing/Female/Tops/SKM_F_Tank_Top.fbx,1563200,5affaa2db7f54f2886e5dc1b4b715877d354297ad4f1e2f5d97985304b594e9b
assets/Characters/Quantum/Models/Clothing/Female/Tops/SKM_F_Tshirt_Tucked.fbx,888320,7facdb64b58a5fade6dd8ca3590842436425a620b2cf7962bb656e3f5a11e15a
assets/Characters/Quantum/Models/Clothing/Male/Accessories/SKM_Bracelet_L.fbx,1847072,14f6983f0c8733a7487e037224b3bfb57b02faeaedd3d630c4cd3b9202478120
assets/Characters/Quantum/Models/Clothing/Male/Accessories/SKM_Bracelet_R.fbx,1846656,2f4b31b56198f18244046761355e3ad5a0a308e25c68f1ce8c1fa16739421802
assets/Characters/Quantum/Models/Clothing/Male/Accessories/SKM_Watch_L.fbx,1226368,f18a8bf28f66bd45fe4e093148950c47e1e1295ca1d91297132b89d522af7623
assets/Characters/Quantum/Models/Clothing/Male/Accessories/SKM_Watch_R.fbx,1222608,d94ee930493fdf4ea016fcab389e9e62ac720bb5948500617cc1d026496595cc
assets/Characters/Quantum/Models/Clothing/Male/Bags/SKM_Backpack_Casual.fbx,1607440,3855d4fbe1725c40e4784824bffb21139ae393fdaab03e46ee9ebc9f75106f45
assets/Characters/Quantum/Models/Clothing/Male/Bags/SKM_Backpack_Sport.fbx,1609120,5359c23c2b82a10dc930c1641f54429137ddd576c760a98633713f61b92440f8
assets/Characters/Quantum/Models/Clothing/Male/Bags/SKM_Bag_Banana_Chest.fbx,1316592,74c78062bea1bfab1302100f71c0f7dc42092f3c79acff96c9d4ece5956cdb2d
assets/Characters/Quantum/Models/Clothing/Male/Bags/SKM_Banana_Chest.fbx,1843088,02cc2007fcc79b55d9ec76884785fd4cfbc660e39aa6b29d877458167c51b13b
assets/Characters/Quantum/Models/Clothing/Male/Bags/SKM_Postal_Bag.fbx,1013856,899f9f9ce1436e9f0b80881cfbf5e8929d64954c722323c5709e937577090f84
assets/Characters/Quantum/Models/Clothing/Male/Balaclava/SM_Balaclava_Crime.fbx,246432,d47d49adcd12c644cc6b9647aecb3c528d2d24ed1b70c87a69c6a2a100e64958
assets/Characters/Quantum/Models/Clothing/Male/Glasses/SKM_Glasses_Aviator.fbx,958624,2502b583aec24808cba2d0ff607254ba76dcbf5a6e09ee40b11d3c8bb5c038ab
assets/Characters/Quantum/Models/Clothing/Male/Glasses/SKM_Glasses_Classic.fbx,678496,b0b66d13fb8816ed1706129f1c421fcb799d920be88c528f8fe6a67cd68ab9fe
assets/Characters/Quantum/Models/Clothing/Male/Outerwear/Fur/SKM_CollarFur.fbx,1596656,ba480ed9ac6b633fddf73a0a641c180ce6b98c02696986dc8e45e101060763e2
assets/Characters/Quantum/Models/Clothing/Male/Outerwear/Fur/SKM_CollarFur_Lush.fbx,330672,f1a4e35c00696b09b054ee03303425d950707800474fc3615e03284821fd66b9
assets/Characters/Quantum/Models/Clothing/Male/Outerwear/SKM_Bomber_Shirt.fbx,1694144,f5e52fd2974d95ccd20009fc0d9b5f98515ab900c43668217e21b6f89f00d08e
assets/Characters/Quantum/Models/Clothing/Male/Outerwear/SKM_Bomber_Tshirt.fbx,1594416,9d0824adb4bc1f3ba86fe852101375436f5d737897a273746eb94a401695f514
assets/Characters/Quantum/Models/Clothing/Male/Outerwear/SKM_Coat_Hoodie_Hood.fbx,2365648,095039a47b59012d8ac4bca3f5626bca7414b7cbaedffcbec4708b2b35eae8f3
assets/Characters/Quantum/Models/Clothing/Male/Outerwear/SKM_Coat_Shirt.fbx,2031264,83507db07e966e50bd8101adddf0d2575c0b167abd2bb23a6e74f21e853bce13
assets/Characters/Quantum/Models/Clothing/Male/Outerwear/SKM_Coat_Tshirt_Tucked.fbx,1800832,3b5f826ffa7630b8bc8671c659cb95bd53e9abc3149f31ed88f9b221fbd1f359
assets/Characters/Quantum/Models/Clothing/Male/Outerwear/SKM_Jacket_Classic_Close.fbx,1817120,a6ee39042e32e26fa5017fa9475b92d5498b0c12e2deb712d811675003721769
assets/Characters/Quantum/Models/Clothing/Male/Outerwear/SKM_Jacket_Classic_Tie.fbx,1842880,aa9733424e849d4a3c249052655a374e2ebc909fad94cc3dfb392897337c668b
assets/Characters/Quantum/Models/Clothing/Male/Outerwear/SKM_Jacket_M65.fbx,2156016,1e17d4f0ed36ea94f8e9597537e776e693fc919fdf434af25287e1f74f5d3799
assets/Characters/Quantum/Models/Clothing/Male/Outerwear/SKM_Jacket_Shirt.fbx,1904064,4dfd8242d8ceae6d815a7c3997b701810264e1361a54ee22782952b486daf517
assets/Characters/Quantum/Models/Clothing/Male/Outerwear/SKM_Jacket_Tshirt.fbx,1441664,9c382100d19c3065fa4621938a983482d39c9b031d1e3526e48f3fb0874a9f64
assets/Characters/Quantum/Models/Clothing/Male/Outerwear/SKM_Jacket_Winter_Closed_Hood_Closed.fbx,4546336,9b47ca50fff55165a6a1ef4f6b7d5a82748b8acbd72363591e8a4343e100b9d4
assets/Characters/Quantum/Models/Clothing/Male/Outerwear/SKM_Jacket_Winter_Open_Hood_Closed.fbx,4925616,ea23d6a10243396bdda04248a86a7841c890570876409b12b9bd718984592f3f
assets/Characters/Quantum/Models/Clothing/Male/Outerwear/SKM_Jeans_Jacket.fbx,1727872,92ee61bbbfafca0a10de467dd82377a8c5ec5b7815605852b06af051017cd4b0
assets/Characters/Quantum/Models/Clothing/Male/Outerwear/SKM_Jeans_Jacket_Collar.fbx,1846864,b572724c79214914113eb758344e2709d453a4bec8b075bb575687494fa068a4
assets/Characters/Quantum/Models/Clothing/Male/Outerwear/SKM_Jeans_Vest.fbx,1603248,a4ceaea8ae7737b54c355974c7815315a6fb504a2faadebb344a64f30f65215a
assets/Characters/Quantum/Models/Clothing/Male/Outerwear/SKM_Leather_Jacket.fbx,1805744,c1b2e4e6ad38c08414ff555d58a77394fdb81bbcf60e35c952c156f76968e317
assets/Characters/Quantum/Models/Clothing/Male/Outerwear/SKM_Leather_Jacket_Hoodie.fbx,2051280,8fb13a0fa1098908a2ee38447a5730769b77c839b48f5aec2fdd5e63bfb70e39
assets/Characters/Quantum/Models/Clothing/Male/Outerwear/SKM_Puffer_Jacket.fbx,1517760,fb4a428bfe68a6080c3c0c9ca7762e70721de6b91db9e2c6bb507b0afda8d7a2
assets/Characters/Quantum/Models/Clothing/Male/Outerwear/SKM_Puffy_Vest.fbx,1817280,b6445bd65364bd8971a061c489ed05069e540a356b1e07c410d98f51e012d49f
assets/Characters/Quantum/Models/Clothing/Male/Outerwear/SKM_Vest_Hunter.fbx,1712128,4bf1a071820f9b1d78cf319afda3b46f3eb1148b1e1cb1b13444f8c5871cf994
assets/Characters/Quantum/Models/Clothing/Male/Pants/SKM_Jeans.fbx,1160016,757c397bce9d79c31b3db481dbed6cd8bb76ad80b42bbe035806267f0f93e63a
assets/Characters/Quantum/Models/Clothing/Male/Pants/SKM_Jeans_Inboots.fbx,1140288,be9d6efc920b924b692451200b8fbd88ebfb1d8f624745a24deba1ff1609923c
assets/Characters/Quantum/Models/Clothing/Male/Pants/SKM_Pants_Cargo_Straight.fbx,1258304,c43be7068d6e9ac53666dfb8095dd37450755d5c391ab9433898d545f2c9fc3a
assets/Characters/Quantum/Models/Clothing/Male/Pants/SKM_Pants_Classic.fbx,949664,d5416957d29a0cfa28723453db20436be216638af96d0879f66eafbf96fb9bbd
assets/Characters/Quantum/Models/Clothing/Male/Pants/SKM_Pants_Inboots.fbx,980416,e6f20bf13723a42cfe86f18260fec845765c821012e0332287abf461254d5a1f
assets/Characters/Quantum/Models/Clothing/Male/Pants/SKM_Sport_Pants.fbx,1305216,9ee1ec392c6939c29088311784abe21a912622fd74e9911610ccb21dc72d570b
assets/Characters/Quantum/Models/Clothing/Male/Pants/SKM_Sport_Pants_Inboots.fbx,1322384,bada6e51f88f831adc891f445caeb831ac59c27b2b490852346ac35d7e0ee038
assets/Characters/Quantum/Models/Clothing/Male/Shoes/Quantum_Feet_Shoes.fbx,671392,ebe5083af1d95be2a7898e15826a65133474e0005723851a84c1b26799b82200
assets/Characters/Quantum/Models/Clothing/Male/Shoes/SKM_Boots.fbx,1254752,dc820980907d156d7d75aeaf91c46ed92dbf3c2324a595950dfa21c61d6c1739
assets/Characters/Quantum/Models/Clothing/Male/Shoes/SKM_Boots_Inboots.fbx,1000544,7943e35e4456abd50ef1ed926ac511bd15384ebf10a3f7f4df523af8b6723b83
assets/Characters/Quantum/Models/Clothing/Male/Shoes/SKM_Boots_Socks.fbx,1311888,851252120b1f361b16cf2a29b65c6c9750d6804a0eb7fb1e4c5c04cf334d58a5
assets/Characters/Quantum/Models/Clothing/Male/Shoes/SKM_Flip_Flops.fbx,1543280,090b46ef68316611927a224b96c47d0992e379c43fa7b70921421e79b677e8d6
assets/Characters/Quantum/Models/Clothing/Male/Shoes/SKM_Shoes_Classic.fbx,886320,5737592708b24cdd6446171fb29440379a9c35c0a9ef138b47588d27f23ed64d
assets/Characters/Quantum/Models/Clothing/Male/Shoes/SKM_Sneakers.fbx,1424000,6cf52b03aa953f615b1976b273397213ca6adb4b4d277bb89de500586480a827
assets/Characters/Quantum/Models/Clothing/Male/Shoes/SKM_Sneakers_Sport.fbx,1876624,2896a6b7d28a8395c5e730c99a59022f8fcbf6a55070686ea0ac21322848fd3c
assets/Characters/Quantum/Models/Clothing/Male/Shoes/SKM_Socks.fbx,649360,05d8c45333dd4220676c97582b68bf42f384b7a45405fc32031712999a144510
assets/Characters/Quantum/Models/Clothing/Male/Tops/SKM_Hoodie.fbx,1885136,680425e86af2ae4360a7eaeae354fb3596d6d251e9ca59ce29032762150023fe
assets/Characters/Quantum/Models/Clothing/Male/Tops/SKM_Hoodie_Hood.fbx,2128352,8187b91f5b4346018d987bfd2d08039874166c2532ad297e379cd5d062d470b7
assets/Characters/Quantum/Models/Clothing/Male/Tops/SKM_Hoodie_Hood_Up.fbx,2397936,f06059fe3d2fc7e31815165953c5a595e07f28e7e94274fe4289a7c924232359
assets/Characters/Quantum/Models/Clothing/Male/Tops/SKM_Hoodie_Zipper.fbx,2515936,fdd57750b38fb8dacf1093a514e8966dc771339177557f06c829753c74797c04
assets/Characters/Quantum/Models/Clothing/Male/Tops/SKM_Hoodie_Zipper_Hood.fbx,2709840,9ab73bdf51a5169a772b2a23b19394a79ee3727bf8e0293f15051e3b2a4a671a
assets/Characters/Quantum/Models/Clothing/Male/Tops/SKM_Jersey.fbx,1261408,6970065929753b1e82afa407d984a841ba3dec441b5467eaeeb71023ec9a60b1
assets/Characters/Quantum/Models/Clothing/Male/Tops/SKM_Shirt_Adventure.fbx,1581376,00f0448a8d083e5719d6728cc8eee3ece268eeb94725c153de62cbdf162738b5
assets/Characters/Quantum/Models/Clothing/Male/Tops/SKM_Shirt_Classic.fbx,1760528,76dd98b8c7d1bf9a8c4c01caa613ac5f9277841c4fa4f62d47623f3d02e708c8
assets/Characters/Quantum/Models/Clothing/Male/Tops/SKM_Shirt_Hawaii.fbx,1326320,d14d31949ee5c478a66cab29924dd55376ca26195b1db1491b20273d3564a7bb
assets/Characters/Quantum/Models/Clothing/Male/Tops/SKM_Shirt_RolledUp.fbx,1141456,c10c6dbcf50386feded12139caf709a9dc9b6ad4f5a97af5692ec79b502370b8
assets/Characters/Quantum/Models/Clothing/Male/Tops/SKM_Tshirt.fbx,966272,efbb9c90947bc6e531a3e6b2b02411f142b3f29915bc268cbf22097bdfe11ae4
assets/Characters/Quantum/Models/Clothing/Male/Tops/SKM_Tshirt_Tucked.fbx,1135920,0c06b75343139f7eb67152c5fc5a3b03f51e04353f73ae0278aff63071bff14c
assets/Characters/Quantum/Models/European/Quantum_Body_Full.fbx,10101360,1ec82f311657b7e994099a00fdb391d20fa305fbf9874de44a36a0405b5452a8
assets/Characters/Quantum/Models/European/Quantum_Feet.fbx,1605552,3e5750dd4de0d7550c632be60998c7ca586b9aaf6f3028290694a17de449260d
assets/Characters/Quantum/Models/European/Quantum_Head.fbx,7084592,da43ec2247733c88c7c3587a3d9809a59032678ca104d72c7b0aebcb94d51649
assets/Characters/Quantum/Models/European/Quantum_Legs.fbx,1310816,6894ad98da6a433a2f7f0133ac7e3fcc2d3df2120867f009c0500996ddace7d1
assets/Characters/Quantum/Models/European/Quantum_Torso.fbx,1562160,2f63d6a1cad51a284a92826401160f657936fcff76a405ced9beeca77cf9598d
assets/Characters/Quantum/Models/European/Quantum_UnderPants.fbx,1014384,df7f3d375cbc79ca5b5f2a1ab365591cc5ccdd22154c3a2a8001f2af088dbb09
assets/Characters/Quantum/Models/Female/Body/Heads/SKM_F_Vivian_Head.fbx,3369232,1664f49fc41558c3d1c8098ed834c29f60edb6b06f49a85ec4cb225f425da851
assets/Characters/Quantum/Models/Female/Body/Heads/SKM_F_Vivian_Head_Afro.fbx,3378752,18f11630b9c9965cbfc18c19bd91685bc9c37af179fff2934f7ac29c16973df5
assets/Characters/Quantum/Models/Female/Body/Heads/SKM_F_Vivian_Head_Old.fbx,3659984,b81090d0918fccebfadcbc2cdfc9b20307ec8cfd960bd0ce3a6b74a5441a2eab
assets/Characters/Quantum/Models/Female/Body/Parts/SKM_F_Vivian_Arms_Full.fbx,1784944,7749432ec18b72297be34d4b4f574f1c2466e484b4fc7b586182150c3eee3db7
assets/Characters/Quantum/Models/Female/Body/Parts/SKM_F_Vivian_Body.fbx,879424,b07134954e114536d9d4e47a98b4603eadb5a880b6cd0616e60e452ba78bf287
assets/Characters/Quantum/Models/Female/Body/Parts/SKM_F_Vivian_Feet.fbx,835024,d4a9ae86c3ccb87cf6df7471909b25172dcc641dc308ca1c63ed1358b24ea9df
assets/Characters/Quantum/Models/Female/Body/Parts/SKM_F_Vivian_Legs.fbx,936880,3289ea8bd8d2091e9b371967722ea4ee546ba0119cfbf767d4f3f8a6e26a0500
assets/Characters/Quantum/Models/Female/Body/Parts/SKM_F_Vivian_Trousers.fbx,521088,550e91501b9d66ac5993d571cf4f0dcfd003137bb9ea186cc689dbac16e3bab7
assets/Characters/Quantum/Models/Old/Quantum_Old_Head.fbx,3621616,4b94057cc591e0075c1d2b1f36e764ea4d9575122ef35230aa90ccf9fcd44450
assets/Characters/Quantum/Models/Young/Quantum_Young_Head.fbx,3268544,223291fc9fee0ee84664fd269721ca2811cb29dfb0bcf6db997d14a1e22c3328
assets/Characters/Quantum/Textures/Afro/Arms/T_Quantum_Basemesh_Arms_Afro_BaseColor.1003.png,13546293,f2b899fe3a57fcfb5d0bc0c28955651b7d1b5c1fac6a8b891d26b54f1dd9d5ae
assets/Characters/Quantum/Textures/Afro/Arms/T_Quantum_Basemesh_Arms_Afro_Occlusion.1003.png,1322030,d11835066525461126173524dfd167cbae84b40bd38ee99592d116de9f8a8681
assets/Characters/Quantum/Textures/Afro/Arms/T_Quantum_Basemesh_Arms_Afro_Roughness.1003.png,3635464,0c6fa08c811f7c86fc88f4ac07aa8481c4ca8579040a4022f9153f59b18904c9
assets/Characters/Quantum/Textures/Afro/Arms/T_Quantum_Basemesh_Arms_Afro_Unity_Normal.1003.png,11187269,3959b293e4eecfbe73b656d939295b40fe6d7ebad7c6aa5c85b37cc9585e1427
assets/Characters/Quantum/Textures/Afro/Body/T_Quantum_Basemesh_Body_Afro_BaseColor.1002.png,14088686,9c3822dafe8cd353cc04f615fc0294b26db776c95c8962f1ef86fd33b5381c7d
assets/Characters/Quantum/Textures/Afro/Body/T_Quantum_Basemesh_Body_Afro_Occlusion.1002.png,987889,656901dd19115db8cb3c68add73cae5e38eb990fe3ce0a8deb7fe098c2f8e6cd
assets/Characters/Quantum/Textures/Afro/Body/T_Quantum_Basemesh_Body_Afro_Roughness.1002.png,4145557,24f1ff92fd39728698d209f78c17ed7e4945fbbfa5c06f92340a59dcf5ad159c
assets/Characters/Quantum/Textures/Afro/Body/T_Quantum_Basemesh_Body_Afro_Unity_Normal.1002.png,12635722,c2710e07053079dbda40d9f7a13c7a1b3f8cdc804f1e85ec510bc0dd1efc3331
assets/Characters/Quantum/Textures/Afro/Head/T_Quantum_Basemesh_Head_Afro_BaseColor.1001.png,19720476,ee2f655b81d416cdd18f064340b25fdbe5b07f077fd863f5c51cf679957aa1cd
assets/Characters/Quantum/Textures/Afro/Head/T_Quantum_Basemesh_Head_Afro_Occlusion.1001.png,2497280,d1c2503493a2c48b17bfe2a85027d95da05789a5738f4d445e3f9138431f48f0
assets/Characters/Quantum/Textures/Afro/Head/T_Quantum_Basemesh_Head_Afro_Roughness.1001.png,4409205,d2fd7025e2a2e4ad7bfac8aed6dcb12ca57e011a057bff76d00a2724cabbfea6
assets/Characters/Quantum/Textures/Afro/Head/T_Quantum_Basemesh_Head_Afro_Unity_Normal.1001.png,19310548,e51bd6bca888742b3bb20786cc2a8871b9c6f064572c330b98b593b6d0b3d6b5
assets/Characters/Quantum/Textures/Asian/Head/T_Quantum_Basemesh_Head_Asian_BaseColor.1001.png,27239943,733a2fa8e4ff56cd19aad7c22a0db545aa2c01034d2c91d528479c5591a7fe31
assets/Characters/Quantum/Textures/Asian/Head/T_Quantum_Basemesh_Head_Asian_Occlusion.1001.png,3050306,727bcf48df92aabe4f8cb2c02c6776cef73a5175846b2ce2f8d8968629050a20
assets/Characters/Quantum/Textures/Asian/Head/T_Quantum_Basemesh_Head_Asian_Roughness.1001.png,5696180,778d20aa4ab93739339cf7242c874e8b5144e22b0a841aacffb60f74ce9feb97
assets/Characters/Quantum/Textures/Asian/Head/T_Quantum_Basemesh_Head_Asian_Unity_Normal.1001.png,20892342,c0e3c5fb972a2a8def7baa774f8ac6ca2cb6024fdae9d0b599e132c39d8279a0
assets/Characters/Quantum/Textures/Clothing/Accessories/F_Bracelet/T_Bracelet_BaseColor.png,19472879,72b24b847a30c8b1dd883cb54c8dd6cf52a533ad400b5862b297b8b3e87f2ba4
assets/Characters/Quantum/Textures/Clothing/Accessories/F_Bracelet/T_Bracelet_Occlusion.png,1659034,1c81599a0f0b61919781faf6ad2371ba78d68a5d37f7e36f5e7e41cafb897012
assets/Characters/Quantum/Textures/Clothing/Accessories/F_Bracelet/T_Bracelet_Roughness.png,5070672,98f0eaccdca81ad1346f0dc63e78b0fd5943c41eb3087095a1a3906d7f9534c3
assets/Characters/Quantum/Textures/Clothing/Accessories/F_Bracelet/T_Bracelet_Unity_Normal.png,10898500,35276635757f0993f35c7588641aa53b76e20b8f754730ac34fc7a661301999a
assets/Characters/Quantum/Textures/Clothing/Accessories/Tie/T_Tie_Black_BaseColor.png,2933815,af37a4427e1d5b807459a95600db1d383330a4fff0650205fd1735347764a4d6
assets/Characters/Quantum/Textures/Clothing/Accessories/Tie/T_Tie_Blue_BaseColor.png,2317943,081c8e73a4faa3ae7cbd1bd3b7a343075971dab7e422a53d22621c4db0946cde
assets/Characters/Quantum/Textures/Clothing/Accessories/Tie/T_Tie_Occlusion.png,1187004,8f176373e57bbd55aaecae96c716c7db8719673fcd37ea3fa7e2bff25a79b3ed
assets/Characters/Quantum/Textures/Clothing/Accessories/Tie/T_Tie_Red_BaseColor.png,2566125,84b3862f2f185ce95f1af04e5012d69643eca30c64415020d74a35e3bc150b78
assets/Characters/Quantum/Textures/Clothing/Accessories/Tie/T_Tie_Roughness.png,1206593,f593e2bab2655314628ed967bd664e2ac52c31aa3c50d9b29f8e22a55903f51a
assets/Characters/Quantum/Textures/Clothing/Accessories/Tie/T_Tie_Unity_Normal.png,5000412,37ff4c6e579c60a4a5eecf290204e5fe00f405e0ab8d0ceaabffeaff6dd56ca4
assets/Characters/Quantum/Textures/Clothing/Accessories/Watches_Military/T_Watches_Military_Beige_BaseColor.png,9406861,ba1585f4bcbbd1aa05184fb66bf060381c34cec6532de9b1e6c8e7bdba25b3f5
assets/Characters/Quantum/Textures/Clothing/Accessories/Watches_Military/T_Watches_Military_Black_BaseColor.png,6676976,13a5d7208ae067e75fba5ce00e32cd8d8eb0fa3568799547b2e88e080d3545a5
assets/Characters/Quantum/Textures/Clothing/Accessories/Watches_Military/T_Watches_Military_Occlusion.png,1730388,7cedad2ef49b7d790b8f04dd74860eba2380ba7a6eddd6d5eaa15a60340f918a
assets/Characters/Quantum/Textures/Clothing/Accessories/Watches_Military/T_Watches_Military_Roughness.png,5242494,fc78782aaef7b725b5bd83e7f4815ef8d9b43b71419363fc300820a868ac1984
assets/Characters/Quantum/Textures/Clothing/Accessories/Watches_Military/T_Watches_Military_Unity_Normal.png,16111836,ae06c73c34ab41faf846cedb8435e3372e058a987bb8f731326c91a7874e93fd
assets/Characters/Quantum/Textures/Clothing/Bags/Backpack_Casual/T_F_Backpack_Casual_Beige_BaseColor.png,23218097,2056514a60451fc96b190c63f2526db2eb7db8edb46ce3c8fae4ed726f8f047a
assets/Characters/Quantum/Textures/Clothing/Bags/Backpack_Casual/T_F_Backpack_Casual_Black_BaseColor.png,19713333,b98040fb1761c938e748cf983961bd5cb669c314404c2ce17e27209a7ff60ab3
assets/Characters/Quantum/Textures/Clothing/Bags/Backpack_Casual/T_F_Backpack_Casual_Burgundy_BaseColor.png,20936872,03c530293ba0e7bd1c315cd8a70c2fb46517d94fb20d7603d9461d8603022339
assets/Characters/Quantum/Textures/Clothing/Bags/Backpack_Casual/T_F_Backpack_Casual_DarkBlue_BaseColor.png,19477220,1442604a76367195ccaa308665b24514abe2cef880962c40d28b4ef9a166dce5
assets/Characters/Quantum/Textures/Clothing/Bags/Backpack_Casual/T_F_Backpack_Casual_Green_BaseColor.png,20917888,fc88d7a54c8967afd8a47288bfa7b678aa67dc2218879ab94116025963acf2de
assets/Characters/Quantum/Textures/Clothing/Bags/Backpack_Casual/T_F_Backpack_Casual_Occlusion.png,1834277,793be073fa358fcc4de8aa2103e06d963cc71c9ae5fb7e66a97ad3311261dbeb
assets/Characters/Quantum/Textures/Clothing/Bags/Backpack_Casual/T_F_Backpack_Casual_Orange_BaseColor.png,23313630,c80cf363f8a408ba5c12cb284e93092ddd932192ca91a2b60acb28eb76813a8a
assets/Characters/Quantum/Textures/Clothing/Bags/Backpack_Casual/T_F_Backpack_Casual_Roughness.png,5666384,1e850235c9c37f00848fc3d14173be57a19c6e00ea8251c366b4853c1802f200
assets/Characters/Quantum/Textures/Clothing/Bags/Backpack_Casual/T_F_Backpack_Casual_Unity_Normal.png,26768982,b5e90a5f2e23117078c8043eab9cb346cfc2e6704edcafba5a437186d013d534
assets/Characters/Quantum/Textures/Clothing/Bags/Backpack_Sport/T_Backpack_Sport_Black_BaseColor.png,18598409,489d7b18f444993816bf7e55d85f6282ed117ee983d910418f4888cb17193480
assets/Characters/Quantum/Textures/Clothing/Bags/Backpack_Sport/T_Backpack_Sport_Blue_BaseColor.png,20454806,6a4a89134e3248c206f2b2613575974e879adda78a57fce3762b3aeae8e004eb
assets/Characters/Quantum/Textures/Clothing/Bags/Backpack_Sport/T_Backpack_Sport_Gray_BaseColor.png,21567603,6a686ddab1b60ac1bf6f415f0f683de9a29bf1c52777973a380ba02e0a3522b3
assets/Characters/Quantum/Textures/Clothing/Bags/Backpack_Sport/T_Backpack_Sport_Green_BaseColor.png,20453693,c17d5d81e3019747a2157e34af94b5f3bccc2ea04d4dd5bed1fd5af6a0d112a4
assets/Characters/Quantum/Textures/Clothing/Bags/Backpack_Sport/T_Backpack_Sport_Occlusion.png,1808109,078faf3214a1fede8f7ad648983da0fa8786461dc5c6554b481dbf957bb01cc7
assets/Characters/Quantum/Textures/Clothing/Bags/Backpack_Sport/T_Backpack_Sport_Red_BaseColor.png,20536084,853443749177ea83fa7d975e0fd9aab137e913a90f95b6cd50da3b64bf082a31
assets/Characters/Quantum/Textures/Clothing/Bags/Backpack_Sport/T_Backpack_Sport_Roughness.png,8007574,4de5e8279cda679848df0cc001da585ba7a3e6dede98864235c372c41b906186
assets/Characters/Quantum/Textures/Clothing/Bags/Backpack_Sport/T_Backpack_Sport_Unity_Normal.png,28693725,6d3daf09f8cc6e10a28417fff798b54d85dac64f2d8ecc07cf9ecaedfbf2f085
assets/Characters/Quantum/Textures/Clothing/Bags/Backpack_Sport/T_Backpack_Sport_Yellow_BaseColor.png,21071759,36f422263696f4943004cafa4522fbf698fd4d362e88e99367cb7482c5bb4465
assets/Characters/Quantum/Textures/Clothing/Bags/Bag_Banana/T_Bag_Banana_Beige_BaseColor.png,20440649,373491eb29985edd8ecae4bdeeb70e0e0a6cf9b7ff37cc3fbbcff37933d79b7d
assets/Characters/Quantum/Textures/Clothing/Bags/Bag_Banana/T_Bag_Banana_Black_BaseColor.png,14979796,4f826b5584d002792ac5a645a04b14006e77138f536c117a531687e88d5fedef
assets/Characters/Quantum/Textures/Clothing/Bags/Bag_Banana/T_Bag_Banana_Camo_BaseColor.png,17819458,74623bbe446e6d770d9435ae8d545564e788ac685a4292ddca653603a0a921c0
assets/Characters/Quantum/Textures/Clothing/Bags/Bag_Banana/T_Bag_Banana_CamoDark_BaseColor.png,16809047,5f5aa9970d7de00ce932c5205ad8a8d409cd0dbbc67583dc07169d9a1abb6eec
assets/Characters/Quantum/Textures/Clothing/Bags/Bag_Banana/T_Bag_Banana_Green_BaseColor.png,16724743,fde2ca1ee9792633d90478fa199f69746cb27fa9ae47bc6e77a979939730c151
assets/Characters/Quantum/Textures/Clothing/Bags/Bag_Banana/T_Bag_Banana_Multicam_BaseColor.png,18699729,5d745a1f38d039773a8636332a7022b2e2baccdb4d375525f16b6a708a6b45eb
assets/Characters/Quantum/Textures/Clothing/Bags/Bag_Banana/T_Bag_Banana_Occlusion.png,2005559,8f564dd6d63678c1d0b2f883b6497ae493282f9d768a6af5ea263867523310b2
assets/Characters/Quantum/Textures/Clothing/Bags/Bag_Banana/T_Bag_Banana_Roughness.png,6601106,f163f5b9cfa88830fa923d32e976ec5208ec7f761f0fe43927fe83d18ae80887
assets/Characters/Quantum/Textures/Clothing/Bags/Bag_Banana/T_Bag_Banana_Unity_Normal.png,29045469,434f01c5cc18e072cf0c730f291cd93e9b4c7367b26f6cc86e7483c77e77e966
assets/Characters/Quantum/Textures/Clothing/Bags/Bag_Postal/T_Postal_Bag_Beige_BaseColor.png,20265576,7141a4d52952ae3e676f25b16927ae257d85a12dcc0304ab482f4e32a73cb54a
assets/Characters/Quantum/Textures/Clothing/Bags/Bag_Postal/T_Postal_Bag_Occlusion.png,1792167,45c8ed869cbbe7aa64939906f4ad5f0d0582c8441efb15b51769a2ca393f03cd
assets/Characters/Quantum/Textures/Clothing/Bags/Bag_Postal/T_Postal_Bag_Olive_BaseColor.png,20025609,09f5e50f239d0b424193376124ca31b47b879dfc800a0f8ade897f4752b00649
assets/Characters/Quantum/Textures/Clothing/Bags/Bag_Postal/T_Postal_Bag_Roughness.png,5470990,ff2d49262ae5406f33b2064e5ed3b202f61a1350703143ec36da8e0162cea77b
assets/Characters/Quantum/Textures/Clothing/Bags/Bag_Postal/T_Postal_Bag_Unity_Normal.png,27358573,da06e8fc878e71babc860027923c8ce8b56a4d188bef1ee1c91aee670fe499ef
assets/Characters/Quantum/Textures/Clothing/Balaclava/T_Balaclava_Crime_Black_BaseColor.png,14798949,c0cfff4a2f1a56ea7557e4fd0bededb3a027afdb23100f65e6a05ab1f0cc033a
assets/Characters/Quantum/Textures/Clothing/Balaclava/T_Balaclava_Crime_Green_BaseColor.png,14642442,4620ff4649b167cf4c1b79ceb60826846e98a9c8e57ed1b925e7e360b02ead37
assets/Characters/Quantum/Textures/Clothing/Balaclava/T_Balaclava_Crime_Normal.png,26550149,d6588bbdc8b0329b813db357cc960ab38a195c8a5b0f6de1565da141c40c16f8
assets/Characters/Quantum/Textures/Clothing/Balaclava/T_Balaclava_Crime_OcclusionRoughnessMetallic.png,9439766,50b5c75b7aa2f8a98c92b24b70d8a917975025c84f291f6cebfca61c8b6e1269
assets/Characters/Quantum/Textures/Clothing/Balaclava/T_Balaclava_Crime_Print_BaseColor.png,18049533,03c4a79f28a7eb9cb781251ff0f8b207ddb519e1bcd6a3fefe3fce554c661f9f
assets/Characters/Quantum/Textures/Clothing/Balaclava/T_Balaclava_Crime_Print_Normal.png,26544093,1d66ff4c4e61348df41a2e013cf6abef762ecb4b48c110a76cfa63cb288872d1
assets/Characters/Quantum/Textures/Clothing/Balaclava/T_Balaclava_Crime_Print_OcclusionRoughnessMetallic.png,9432680,cdad2d9b4098bb8c82833e7b4dca29dabe1c2c3bee6a0235a234f60801f4d0cd
assets/Characters/Quantum/Textures/Clothing/Glasses/Glasses Aviator/Gold/T_Glasses_Aviator_Gold_BaseColor.png,14667030,3c4dd0c7eb8202d321f34c93700430af848d7d1bdb8b514a730c8eab0f0fe6e0
assets/Characters/Quantum/Textures/Clothing/Glasses/Glasses Aviator/Gold/T_Glasses_Aviator_Gold_Occlusion.png,713030,49a595423cca60639d16a0ca1962e1b9d04366c1a967d2bb668767e06bdba66b
assets/Characters/Quantum/Textures/Clothing/Glasses/Glasses Aviator/Gold/T_Glasses_Aviator_Gold_Roughness.png,5535200,09a3ccd453042ce70dc9bf684d7d93d1b68ed98a9342738321e1af2e2439514f
assets/Characters/Quantum/Textures/Clothing/Glasses/Glasses Aviator/Gold/T_Glasses_Aviator_Gold_Unity_Normal.png,9158332,cd592acd8925a332532645dbfddee2d974ee19aaa40a15813d0647dfe72d9b24
assets/Characters/Quantum/Textures/Clothing/Glasses/Glasses Aviator/T_Glasses_Aviator_Brown_BaseColor.png,7276509,a900151139d7dfd1602df98e8b12eef9dd19943dcae7d10a78f34827615b97c2
assets/Characters/Quantum/Textures/Clothing/Glasses/Glasses Aviator/T_Glasses_Aviator_Gold_BaseColor.png,14667030,3c4dd0c7eb8202d321f34c93700430af848d7d1bdb8b514a730c8eab0f0fe6e0
assets/Characters/Quantum/Textures/Clothing/Glasses/Glasses Aviator/T_Glasses_Aviator_Gold_Occlusion.png,713030,49a595423cca60639d16a0ca1962e1b9d04366c1a967d2bb668767e06bdba66b
assets/Characters/Quantum/Textures/Clothing/Glasses/Glasses Aviator/T_Glasses_Aviator_Gold_Roughness.png,5535200,09a3ccd453042ce70dc9bf684d7d93d1b68ed98a9342738321e1af2e2439514f
assets/Characters/Quantum/Textures/Clothing/Glasses/Glasses Aviator/T_Glasses_Aviator_Gold_Unity_Normal.png,9158332,cd592acd8925a332532645dbfddee2d974ee19aaa40a15813d0647dfe72d9b24
assets/Characters/Quantum/Textures/Clothing/Glasses/Glasses Aviator/T_Sunglasses_Brown_BaseColor.png,19150868,5da00a44edfe05dfde4bac547e61ca58609ef4767338aa25e3f7cf123a2f6930
assets/Characters/Quantum/Textures/Clothing/Glasses/Glasses Aviator/T_Sunglasses_Camo_BaseColor.png,19150868,5da00a44edfe05dfde4bac547e61ca58609ef4767338aa25e3f7cf123a2f6930
assets/Characters/Quantum/Textures/Clothing/Glasses/Glasses Aviator/T_Sunglasses_Camo_Occlusion.png,713030,49a595423cca60639d16a0ca1962e1b9d04366c1a967d2bb668767e06bdba66b
assets/Characters/Quantum/Textures/Clothing/Glasses/Glasses Aviator/T_Sunglasses_Camo_Roughness.png,4689926,1d63a621953fc3c64536f5ddfe9c354bcb3a3430da8682fff6eee0cc5dc60b4c
assets/Characters/Quantum/Textures/Clothing/Glasses/Glasses Aviator/T_Sunglasses_Camo_Unity_Normal.png,8844883,cbda6a3f910148910c75b815e3fbed403927ccd65711e4492e8322bbe7775e0a
assets/Characters/Quantum/Textures/Clothing/Glasses/Glasses_Classic/T_Classic_Glasses_BaseColor.png,2425718,b37bcf2a98e54702d01ee341e6f6d8264dec58a910a3c35fa968d41e6aca55bd
assets/Characters/Quantum/Textures/Clothing/Glasses/Glasses_Classic/T_Classic_Glasses_Glass_BaseColor.png,3158941,a61f42019cac9645450a9df7c8d81cfecd0a71f19c3013c8f6413b5013139024
assets/Characters/Quantum/Textures/Clothing/Glasses/Glasses_Classic/T_Classic_Glasses_Glass_Occlusion.png,1339810,27d9a96e3b2740c53d454203e6be1827697eb638738c629990ece94664b55de7
assets/Characters/Quantum/Textures/Clothing/Glasses/Glasses_Classic/T_Classic_Glasses_Glass_Roughness.png,1352023,99700291cac0a52d24ef234e6adc1d40e25ca114f40fddddcf376cfec5a02b97
assets/Characters/Quantum/Textures/Clothing/Glasses/Glasses_Classic/T_Classic_Glasses_Glass_Unity_Normal.png,2753963,c634437f3b02f9d4530719fac83d5a7a0e976070401bf0ab317be50ef043f8fd
assets/Characters/Quantum/Textures/Clothing/Glasses/Glasses_Classic/T_Classic_Glasses_Occlusion.png,1339810,27d9a96e3b2740c53d454203e6be1827697eb638738c629990ece94664b55de7
assets/Characters/Quantum/Textures/Clothing/Glasses/Glasses_Classic/T_Classic_Glasses_Roughness.png,3926132,67681dc7becbb074660869650442d0759f8518c2e247fdff7d526e1e2dd937a2
assets/Characters/Quantum/Textures/Clothing/Glasses/Glasses_Classic/T_Classic_Glasses_Unity_Normal.png,2783845,d2e2e39a46d93ebcbb46232fdf998c5974fd16ccca822f9ea036f7dbb1de5125
assets/Characters/Quantum/Textures/Clothing/Glasses/Glasses_Classic/T_Glasses_Classic_BaseColor.png,2425718,b37bcf2a98e54702d01ee341e6f6d8264dec58a910a3c35fa968d41e6aca55bd
assets/Characters/Quantum/Textures/Clothing/Glasses/Glasses_Classic/T_Glasses_Classic_Glass_BaseColor.png,3158941,a61f42019cac9645450a9df7c8d81cfecd0a71f19c3013c8f6413b5013139024
assets/Characters/Quantum/Textures/Clothing/Glasses/Glasses_Classic/T_Glasses_Classic_Glass_Occlusion.png,1339810,27d9a96e3b2740c53d454203e6be1827697eb638738c629990ece94664b55de7
assets/Characters/Quantum/Textures/Clothing/Glasses/Glasses_Classic/T_Glasses_Classic_Glass_Roughness.png,1352023,99700291cac0a52d24ef234e6adc1d40e25ca114f40fddddcf376cfec5a02b97
assets/Characters/Quantum/Textures/Clothing/Glasses/Glasses_Classic/T_Glasses_Classic_Glass_Unity_Normal.png,2753963,c634437f3b02f9d4530719fac83d5a7a0e976070401bf0ab317be50ef043f8fd
assets/Characters/Quantum/Textures/Clothing/Glasses/Glasses_Classic/T_Glasses_Classic_Occlusion.png,1339810,27d9a96e3b2740c53d454203e6be1827697eb638738c629990ece94664b55de7
assets/Characters/Quantum/Textures/Clothing/Glasses/Glasses_Classic/T_Glasses_Classic_Roughness.png,3926132,67681dc7becbb074660869650442d0759f8518c2e247fdff7d526e1e2dd937a2
assets/Characters/Quantum/Textures/Clothing/Glasses/Glasses_Classic/T_Glasses_Classic_Unity_Normal.png,2783845,d2e2e39a46d93ebcbb46232fdf998c5974fd16ccca822f9ea036f7dbb1de5125
assets/Characters/Quantum/Textures/Clothing/Outerwear/Bomber/T_Bomber_Beige_BaseColor.png,22891711,534d6a5d3b7356aedf63bc74e8763fb1296fc5bc76d0ac79e7e7b05db006a19c
assets/Characters/Quantum/Textures/Clothing/Outerwear/Bomber/T_Bomber_Black_BaseColor.png,16585207,acf5a7f0c71170247b6eefec59d87b45ddc76c1c8801717320199158ac31f858
assets/Characters/Quantum/Textures/Clothing/Outerwear/Bomber/T_Bomber_Blue_BaseColor.png,21635085,13427b201cc39e8bd3805caa1b0a5890994a54f30b3483546444c960a7c55dca
assets/Characters/Quantum/Textures/Clothing/Outerwear/Bomber/T_Bomber_Brown_BaseColor.png,26165917,b7c1e5696593704b0ede23881aeba6e23e0bd4f2793b58606f88a314bc6c3b09
assets/Characters/Quantum/Textures/Clothing/Outerwear/Bomber/T_Bomber_Burgundy_BaseColor.png,20533888,cc5da9733df1401576c151e4c20f44c239725916effc795e5361c149d3785b98
assets/Characters/Quantum/Textures/Clothing/Outerwear/Bomber/T_Bomber_Green_BaseColor.png,20452160,3ae559a5f945408725b19205dd17894fd2fe892d76c37d1e2936816c4225d86f
assets/Characters/Quantum/Textures/Clothing/Outerwear/Bomber/T_Bomber_Green_Occlusion.png,1740142,5dfc34d853915c1a81e42b8276fb68c1b50bdc7af770f08c7572678c90905209
assets/Characters/Quantum/Textures/Clothing/Outerwear/Bomber/T_Bomber_Green_Roughness.png,4447383,65f2312011365366d6ee54f2fbb4c30cc400a1c9a03d658b21c9f2d26d3470fd
assets/Characters/Quantum/Textures/Clothing/Outerwear/Bomber/T_Bomber_Green_Unity_Normal.png,25606663,d952d11950bd1e526f3a09429df4fd2c305600407ba54eb704b842541fda91d3
assets/Characters/Quantum/Textures/Clothing/Outerwear/Bomber/T_Bomber_Occlusion.png,1740142,5dfc34d853915c1a81e42b8276fb68c1b50bdc7af770f08c7572678c90905209
assets/Characters/Quantum/Textures/Clothing/Outerwear/Bomber/T_Bomber_Roughness.png,7672944,543167bc37f62995832617ef5959dbc1e3e2ba30ee3b6e4edfd702d4b77d922b
assets/Characters/Quantum/Textures/Clothing/Outerwear/Bomber/T_Bomber_Unity_Normal.png,30408877,a7abf310230361d0cae4f38790e77118a23cc19e3db6a3a32c83be242b8190bd
assets/Characters/Quantum/Textures/Clothing/Outerwear/Coat/Fabric/T_Coat_Fabric_Beige_BaseColor.png,24360822,955f447314942377c8aa320010ddefdef828d0deae590145217e6cd5e00e4de0
assets/Characters/Quantum/Textures/Clothing/Outerwear/Coat/Fabric/T_Coat_Fabric_Black_BaseColor.png,16045620,38ac7c432ad1597f5df3f5af2daa90a729f3c5a9f1779bf9a282ac8106315640
assets/Characters/Quantum/Textures/Clothing/Outerwear/Coat/Fabric/T_Coat_Fabric_Occlusion.png,2178890,f2a645babe2cf5e7030a1af0e9a7fe191e4f3babc4cd5eb759b0d87685d260c6
assets/Characters/Quantum/Textures/Clothing/Outerwear/Coat/Fabric/T_Coat_Fabric_Roughness.png,6916834,3520665961c0f1b25654823ca86283ba9f3f3fe6991ac0f17be89a5210c17e53
assets/Characters/Quantum/Textures/Clothing/Outerwear/Coat/Fabric/T_Coat_Fabric_Unity_Normal.png,33840845,e8187d7374c191c747722f8b9c6f52d53b45f2d24ec0de68f64a955b2a0766cf
assets/Characters/Quantum/Textures/Clothing/Outerwear/Coat/Leather/T_Coat_Leather_Black_BaseColor.png,17217316,3beef2aae4a8833222816ed79d4fa04fcadd4de9efe32f24a20a4d2100b8729d
assets/Characters/Quantum/Textures/Clothing/Outerwear/Coat/Leather/T_Coat_Leather_Brown_BaseColor.png,24198496,5d3cb3c0dd4a993b0b172862e65b04c61ee0b942f366cabcf3216a073ebdbf83
assets/Characters/Quantum/Textures/Clothing/Outerwear/Coat/Leather/T_Coat_Leather_Occlusion.png,2178890,f2a645babe2cf5e7030a1af0e9a7fe191e4f3babc4cd5eb759b0d87685d260c6
assets/Characters/Quantum/Textures/Clothing/Outerwear/Coat/Leather/T_Coat_Leather_Roughness.png,7680654,0aa6fd55d093e5c1dab973f0e04d6898f106d14dd25398bd13ba0f3b748269a4
assets/Characters/Quantum/Textures/Clothing/Outerwear/Coat/Leather/T_Coat_Leather_Unity_Normal.png,34343978,efaa886f467b1461965231341c360576672ec6d341170cfe8404c4ba8fd0d9cc
assets/Characters/Quantum/Textures/Clothing/Outerwear/F_Jacket_Leather/T_F_Leather_Jacket_Black_BaseColor.png,19273884,a3dd067e69e9501127c9f6c6229d2d7f57ff0143681a52191b7c03422a32ee68
assets/Characters/Quantum/Textures/Clothing/Outerwear/F_Jacket_Leather/T_F_Leather_Jacket_Brown_BaseColor.png,20726824,a04339010f7427d1190ea04709e584ef0ba6f7c02a6f8c2e73a7f6628873df71
assets/Characters/Quantum/Textures/Clothing/Outerwear/F_Jacket_Leather/T_F_Leather_Jacket_Occlusion.png,1988341,7264281323cbd8a35f96f02041ae9e512bb5e48a7df7603800b9be5e523867f8
assets/Characters/Quantum/Textures/Clothing/Outerwear/F_Jacket_Leather/T_F_Leather_Jacket_Roughness.png,7586984,f421fce23f3b3718c8832e7d490d25e0c7a366f2cdd005d706299395f9aa6ca7
assets/Characters/Quantum/Textures/Clothing/Outerwear/F_Jacket_Leather/T_F_Leather_Jacket_Unity_Normal.png,28593391,281f5f12300bdcbb54562682c2792b9267ff151a841ee1d8d17671d030d6bb55
assets/Characters/Quantum/Textures/Clothing/Outerwear/F_Vests_Puffy/T_F_Puffy_Vest_Beige_BaseColor.png,17974849,4cf30ff2a79e522f19781720af2e0c4ed9c23dced9cf6c873c84a5042917a603
assets/Characters/Quantum/Textures/Clothing/Outerwear/F_Vests_Puffy/T_F_Puffy_Vest_Black_BaseColor.png,7991664,4b03e9a364fcadb8eafa71febf1931e50e85db9fc20a80ce803bd49e3efb0e0c
assets/Characters/Quantum/Textures/Clothing/Outerwear/F_Vests_Puffy/T_F_Puffy_Vest_Brown_BaseColor.png,16131686,8a979599f73ee2fd8400f289c3e015e747ec5d160c64172793e0dd646429521a
assets/Characters/Quantum/Textures/Clothing/Outerwear/F_Vests_Puffy/T_F_Puffy_Vest_Dark_Blue_BaseColor.png,9752045,24e0c29fa5ac5b3832b2c4b4c83b4cb5b3f5594eb43db7bd021fac96552d31ad
assets/Characters/Quantum/Textures/Clothing/Outerwear/F_Vests_Puffy/T_F_Puffy_Vest_Green_BaseColor.png,16027883,f1b47ff03afbce888ef74618ea21dc4e3791ee57b4f34d8b4383fc9bc1a8c8cf
assets/Characters/Quantum/Textures/Clothing/Outerwear/F_Vests_Puffy/T_F_Puffy_Vest_Occlusion.png,2066478,cb92dc3982501ea17215d607d3055f0d1bd7b6c967f8e380c065beecff3263e1
assets/Characters/Quantum/Textures/Clothing/Outerwear/F_Vests_Puffy/T_F_Puffy_Vest_Roughness.png,2300606,56da143b7a6139e9004b03702082946c93388cb549987812e6579913a9892d6d
assets/Characters/Quantum/Textures/Clothing/Outerwear/F_Vests_Puffy/T_F_Puffy_Vest_Unity_Normal.png,31931561,b38d9a0a75f0b7e7cdc16770feaaa66e7c9ce0357a3e8b3e45f89a7803aa5a5f
assets/Characters/Quantum/Textures/Clothing/Outerwear/F_Vests_Puffy/T_F_Puffy_Vest_Yellow_BaseColor.png,18792668,0a681d1bef5703a6581dd5e0d1b0bd2ee03ec7ba45797229a24ad87fa8225d05
assets/Characters/Quantum/Textures/Clothing/Outerwear/Jacket_Classic/Leather/T_Jacket_Classic_Leather_BaseColor.png,21553982,287b06a64856309c2bffe53b3793d94d57516ef844e06dbbe0f13faf71dad97a
assets/Characters/Quantum/Textures/Clothing/Outerwear/Jacket_Classic/Leather/T_Jacket_Classic_Leather_Occlusion.png,1964457,8e153018dbdc8dfaee4e50e2a73347f7ad1e066ec97049055207bf7fe6b946de
assets/Characters/Quantum/Textures/Clothing/Outerwear/Jacket_Classic/Leather/T_Jacket_Classic_Leather_Roughness.png,7145647,f3ba320893b39512621926a020d85efd17f75b35a306a65999fa0b62c7e2e70e
assets/Characters/Quantum/Textures/Clothing/Outerwear/Jacket_Classic/Leather/T_Jacket_Classic_Leather_Unity_Normal.png,26651015,4143a771deb2e9ac323e11dca333c219cb48ee007b1cc8c2441f5e848ba3c4f7
assets/Characters/Quantum/Textures/Clothing/Outerwear/Jacket_Classic/T_Jacket_Classic_Beige_BaseColor.png,25272220,d95d300dba90f0bd2524df5903184c26f1c15d561eccd2bfdbcd41ff6d147e98
assets/Characters/Quantum/Textures/Clothing/Outerwear/Jacket_Classic/T_Jacket_Classic_Black(Lines)_BaseColor.png,23846576,f2fb1e03947c35b190d464b2233d9485a28e2fd9cde2f19f2aa830e18fe43bd2
assets/Characters/Quantum/Textures/Clothing/Outerwear/Jacket_Classic/T_Jacket_Classic_Black_BaseColor.png,23067163,e3cb8929185085de2ec7855086f06e03e0b4f0a8f5452a957773b4637015e16d
assets/Characters/Quantum/Textures/Clothing/Outerwear/Jacket_Classic/T_Jacket_Classic_Blue_BaseColor.png,26782695,5761a5b4d0718697fa2a3b4d6f4e4838da48d05c232263e496ad8a6db5955242
assets/Characters/Quantum/Textures/Clothing/Outerwear/Jacket_Classic/T_Jacket_Classic_Burgundy_BaseColor.png,18762784,95a78ae6c394960444add1af60e55a4cd886b76553a3c3a01682912448415bd4
assets/Characters/Quantum/Textures/Clothing/Outerwear/Jacket_Classic/T_Jacket_Classic_Gray(Cubes)_BaseColor.png,31082195,74e26d61576e6c2922086f68d24ea555a573440cb2d4e9e2aff85790a41b075c
assets/Characters/Quantum/Textures/Clothing/Outerwear/Jacket_Classic/T_Jacket_Classic_Gray_BaseColor.png,26595395,fc07025e97944c86e7fbac93242b26f59f22fe652cf4c7a33cf6e5e17fffbbcb
assets/Characters/Quantum/Textures/Clothing/Outerwear/Jacket_Classic/T_Jacket_Classic_Occlusion.png,1964457,8e153018dbdc8dfaee4e50e2a73347f7ad1e066ec97049055207bf7fe6b946de
assets/Characters/Quantum/Textures/Clothing/Outerwear/Jacket_Classic/T_Jacket_Classic_Roughness.png,8124719,a674392a33f52a59ee72643c37437addd8462a9c2ff8ad9c584d95e665069f89
assets/Characters/Quantum/Textures/Clothing/Outerwear/Jacket_Classic/T_Jacket_Classic_Unity_Normal.png,25371609,cc07b9c43c5f141f4002a5e79738877877abab2c7ed733adb00e13d7ad2ee3bb
assets/Characters/Quantum/Textures/Clothing/Outerwear/Jacket_Jeans/Jeans_Jacket/T_Jeans_Jacket_Beige_BaseColor.png,23152279,57b16dec1028ce501766fbeccc99d03c96e9582babd464d7ba8fe8939c52f4a2
assets/Characters/Quantum/Textures/Clothing/Outerwear/Jacket_Jeans/Jeans_Jacket/T_Jeans_Jacket_Black_BaseColor.png,19126874,ee8e9c5ab59a50e1efe34e9ab45504f0b6d46f7428fefe5f0320c9e39f8a86b4
assets/Characters/Quantum/Textures/Clothing/Outerwear/Jacket_Jeans/Jeans_Jacket/T_Jeans_Jacket_Blue_BaseColor.png,22631974,b15a1d723a2f42b54bbe94d23cd2af7c813cabed65e2171ff8ade324e4e8190b
assets/Characters/Quantum/Textures/Clothing/Outerwear/Jacket_Jeans/Jeans_Jacket/T_Jeans_Jacket_Brown_BaseColor.png,21099918,4fc67fedf7b6ad8149585f505d1ebc271527b0090b4c50105f88ec74af105c85
assets/Characters/Quantum/Textures/Clothing/Outerwear/Jacket_Jeans/Jeans_Jacket/T_Jeans_Jacket_Gray_BaseColor.png,22138595,9e67ffe1f5d438ad0ec8b580dd4137ecb884cbcb78577f7159e99aa02927491f
assets/Characters/Quantum/Textures/Clothing/Outerwear/Jacket_Jeans/Jeans_Jacket/T_Jeans_Jacket_Light_Blue_BaseColor.png,22143909,441abe1b942f5a70f4cb4d797c745f73659fae56859db8ed060a28348fd61373
assets/Characters/Quantum/Textures/Clothing/Outerwear/Jacket_Jeans/Jeans_Jacket/T_Jeans_Jacket_Occlusion.png,2174679,be8210832ef8f502c3172e57b66785a3b0f1085cb6e2c833a1222f46e542115b
assets/Characters/Quantum/Textures/Clothing/Outerwear/Jacket_Jeans/Jeans_Jacket/T_Jeans_Jacket_Roughness.png,7246955,092b1e11c70a6a7019f3605db00df618fa60dbcb606b3b1fe4de55059f0988e0
assets/Characters/Quantum/Textures/Clothing/Outerwear/Jacket_Jeans/Jeans_Jacket/T_Jeans_Jacket_Unity_Normal.png,30895886,9e97b0bdbf0bc10e356d4f8b238c33d2663bf908d4e97e0029932e5168955cec
assets/Characters/Quantum/Textures/Clothing/Outerwear/Jacket_Jeans/Jeans_Jacket_Fur_Collar/T_Jeans_Jacket_Beige_Fur_BaseColor.png,27540379,cb24482d7d697a27496023b2f1f8d495568a88ed47addd3a84699c120745279a
assets/Characters/Quantum/Textures/Clothing/Outerwear/Jacket_Jeans/Jeans_Jacket_Fur_Collar/T_Jeans_Jacket_Black_Fur_BaseColor.png,21742998,3bb9edf5050e2914ab402aaa3f289d7ef4f74b39486b2b22a9e23d02ec19b07b
assets/Characters/Quantum/Textures/Clothing/Outerwear/Jacket_Jeans/Jeans_Jacket_Fur_Collar/T_Jeans_Jacket_Blue_Fur_BaseColor.png,26248621,f8971184b9a869c6df961162c1e2c3b19a4efcd93ec9705f8d74d5e8ddec923b
assets/Characters/Quantum/Textures/Clothing/Outerwear/Jacket_Jeans/Jeans_Jacket_Fur_Collar/T_Jeans_Jacket_Brown_Fur_BaseColor.png,24131636,2f63569ad235a6e5f0e8d938d8ed10816184d5c4f615cf12fa65b502881afb74
assets/Characters/Quantum/Textures/Clothing/Outerwear/Jacket_Jeans/Jeans_Jacket_Fur_Collar/T_Jeans_Jacket_Fur_Occlusion.png,2174679,be8210832ef8f502c3172e57b66785a3b0f1085cb6e2c833a1222f46e542115b
assets/Characters/Quantum/Textures/Clothing/Outerwear/Jacket_Jeans/Jeans_Jacket_Fur_Collar/T_Jeans_Jacket_Fur_Roughness.png,7178767,0aab7d506bf3000163247c5e5ffef5373389f4a39b08a1af4544b2ddf6533986
assets/Characters/Quantum/Textures/Clothing/Outerwear/Jacket_Jeans/Jeans_Jacket_Fur_Collar/T_Jeans_Jacket_Fur_Unity_Normal.png,32275237,3b4dac6e00107e0a69a3124c0e21d3e8669f9d4934dac0a71281daadd09c063d
assets/Characters/Quantum/Textures/Clothing/Outerwear/Jacket_Jeans/Jeans_Jacket_Fur_Collar/T_Jeans_Jacket_Gray_Fur_BaseColor.png,25418767,e1c2132dcc16282de9b0aa480ea86e201c304010c08a9e1be367cb2ddb4931d2
assets/Characters/Quantum/Textures/Clothing/Outerwear/Jacket_Jeans/Jeans_Jacket_Fur_Collar/T_Jeans_Jacket_Light_Blue_Fur_BaseColor.png,25599512,c0a0610c29f8272a472608fac335e84fceb0c20e5fada4295195d1d88c9b7109
assets/Characters/Quantum/Textures/Clothing/Outerwear/Jacket_Leather/T_Leather_Jacket_Black_BaseColor.png,21175133,3516f45797bfa843ba54f60f9dc75429d18f8478ea87a030936f4d3fdecf834f
assets/Characters/Quantum/Textures/Clothing/Outerwear/Jacket_Leather/T_Leather_Jacket_Brown_BaseColor.png,22916538,d724ce0668476bb75876a974cfba8e8a8aaa9b857bb543389ab0985da55fca2a
assets/Characters/Quantum/Textures/Clothing/Outerwear/Jacket_Leather/T_Leather_Jacket_Occlusion.png,2119809,499d095192aef1dbaf2c828b506acadf89b8813887ce544c08108e1ef1ec2d40
assets/Characters/Quantum/Textures/Clothing/Outerwear/Jacket_Leather/T_Leather_Jacket_Roughness.png,8377432,55f06609e18039677e602b01e1dbabee6281ad06de22e97694c6cc661f896fb2
assets/Characters/Quantum/Textures/Clothing/Outerwear/Jacket_Leather/T_Leather_Jacket_Unity_Normal.png,31579051,9d56aacdd97d8a78d3da6b2de5938ba5b35c68ab1f74b466bebab0e4157f6916
assets/Characters/Quantum/Textures/Clothing/Outerwear/Jacket_Winter/Fur/T_FurCollar_Roughness.png,8204369,9400a31961f4fe8cf3c8dd35964a644e93a9133a4fca73182b7669fd6512c19b
assets/Characters/Quantum/Textures/Clothing/Outerwear/Jacket_Winter/T_Jacket_Winter_Black_BaseColor.png,22157482,42bbdc16b69ec1e959ec37a24304f6f4cd31ed418d18a16395ab66ad44f809c3
assets/Characters/Quantum/Textures/Clothing/Outerwear/Jacket_Winter/T_Jacket_Winter_Blue_BaseColor.png,21120826,cedba234a2834b3a17cc4a1a14a47a4352226fbb7f92a97ccf29874a2503b5d5
assets/Characters/Quantum/Textures/Clothing/Outerwear/Jacket_Winter/T_Jacket_Winter_Brown_BaseColor.png,20017963,cadc82b44a1c4aede393b9d78eec2a285eabff76d5c8779e646fd48867c12419
assets/Characters/Quantum/Textures/Clothing/Outerwear/Jacket_Winter/T_Jacket_Winter_Green_BaseColor.png,23540706,b1bb8434ab0283aa26bdeec853a61c89cec5ae12b5fb4d81d720b7d4bcfdc51e
assets/Characters/Quantum/Textures/Clothing/Outerwear/Jacket_Winter/T_Jacket_Winter_Occlusion.png,2330259,46a828045b1289170b34daa9de9db6fc4967eb468aacd56f5119e57e05242114
assets/Characters/Quantum/Textures/Clothing/Outerwear/Jacket_Winter/T_Jacket_Winter_Roughness.png,7015459,ce3e16c1c27fbe590d32b43c6b26dce269395667d595bdff63889fb845fe4b88
assets/Characters/Quantum/Textures/Clothing/Outerwear/Jacket_Winter/T_Jacket_Winter_Survival_Orange_BaseColor.png,19388062,350ee45c1685e5a5a1d8200ce8b63ac47bd29176f5bbf4607896080e5d944ec8
assets/Characters/Quantum/Textures/Clothing/Outerwear/Jacket_Winter/T_Jacket_Winter_Unity_Normal.png,31103969,5e1d3c88fd2d2d7f75d8c8f3c96561b2ef0bc660f2a9e55a3e16cc2867228375
assets/Characters/Quantum/Textures/Clothing/Outerwear/Puffer_Jacket/T_Puffer_Jacket_Beige_BaseColor.png,11490350,a8d051039dbb960b303292f2b7fd67cd6d7e426bb175dd3e281954000bd8bc28
assets/Characters/Quantum/Textures/Clothing/Outerwear/Puffer_Jacket/T_Puffer_Jacket_Beige_Clear_BaseColor.png,11983296,1dba820e10bbedf3a62280f0063c1f7ee0c112c9e3ee948ebfbba9c30d01f0b9
assets/Characters/Quantum/Textures/Clothing/Outerwear/Puffer_Jacket/T_Puffer_Jacket_Black_Clear_BaseColor.png,8444356,27a34ccbdef648ff04f66fc0bc6da599142e24bfa2a25d7d28e5081d88e76cef
assets/Characters/Quantum/Textures/Clothing/Outerwear/Puffer_Jacket/T_Puffer_Jacket_Clear_Occlusion.png,2243594,f652288de13100719590955c1c7428adb3843936de036a316aca64705b4204be
assets/Characters/Quantum/Textures/Clothing/Outerwear/Puffer_Jacket/T_Puffer_Jacket_Clear_Roughness.png,4886847,7fdbe2b03e38fdbb02539c8be46133a605dc68c59177b1ba40a1ef15a77e3d61
assets/Characters/Quantum/Textures/Clothing/Outerwear/Puffer_Jacket/T_Puffer_Jacket_Clear_Unity_Normal.png,31461018,822e39443170037b4966033273316880ed37da5bc84ed67afc3421cba840c349
assets/Characters/Quantum/Textures/Clothing/Outerwear/Puffer_Jacket/T_Puffer_Jacket_Dark_Blue_BaseColor.png,8201178,d4db1ac328c55efe15ee1021b453602896f0113eaccc61a44369fbc39c67639e
assets/Characters/Quantum/Textures/Clothing/Outerwear/Puffer_Jacket/T_Puffer_Jacket_Dark_Blue_Clear_BaseColor.png,7701430,c5f006c636432464179e4a89f4a2ca2c781c9c331208a6b37c4a3a28138da716
assets/Characters/Quantum/Textures/Clothing/Outerwear/Puffer_Jacket/T_Puffer_Jacket_Gray_BaseColor.png,9063711,f60490e43da1645accdd591e59260e798733730710f26ed057a90d2a037477fe
assets/Characters/Quantum/Textures/Clothing/Outerwear/Puffer_Jacket/T_Puffer_Jacket_Gray_Clear_BaseColor.png,8748276,0bf78134c97a700ba3610aedbb188bac2359c625473aaa0b7cd196fffbce2355
assets/Characters/Quantum/Textures/Clothing/Outerwear/Puffer_Jacket/T_Puffer_Jacket_Green_BaseColor.png,12273283,90422c76336563fc417b6bc6572470a4b53a99a74cb1a149d34db9f50ea4effa
assets/Characters/Quantum/Textures/Clothing/Outerwear/Puffer_Jacket/T_Puffer_Jacket_Green_Clear_BaseColor.png,13148100,9e95699a082f299b326b88f7cf775f99c90de19a38da034182f52e2291ea3d60
assets/Characters/Quantum/Textures/Clothing/Outerwear/Puffer_Jacket/T_Puffer_Jacket_Occlusion.png,2243594,f652288de13100719590955c1c7428adb3843936de036a316aca64705b4204be
assets/Characters/Quantum/Textures/Clothing/Outerwear/Puffer_Jacket/T_Puffer_Jacket_Orange_BaseColor.png,11336162,ff368eba3159c29af5cf11f7acf27f48929f9f77be01d3cc385db835085af95e
assets/Characters/Quantum/Textures/Clothing/Outerwear/Puffer_Jacket/T_Puffer_Jacket_Orange_Clear_BaseColor.png,11863101,85903d12434d8f3c6521539259ac6b722e1154dac360519f653eca1323bfa1f7
assets/Characters/Quantum/Textures/Clothing/Outerwear/Puffer_Jacket/T_Puffer_Jacket_Roughness.png,4926709,cabf053cd1c7a671063d99f6619e56895704182c2fb3674950cd9b0f1488744d
assets/Characters/Quantum/Textures/Clothing/Outerwear/Puffer_Jacket/T_Puffer_Jacket_Unity_Normal.png,32400501,ce9a7130b471e06049806c02d046d34562479fc810f6006cfe8a966754d91169
assets/Characters/Quantum/Textures/Clothing/Outerwear/Vest_Hunter/T_Vest_Hunter_Beige_BaseColor.png,17979970,3a6c01a2b73645b4512623e03aada99b017cc277e84b359e19933aee0c4622ef
assets/Characters/Quantum/Textures/Clothing/Outerwear/Vest_Hunter/T_Vest_Hunter_Black_BaseColor.png,11628346,8c8af26aaac7addf31cf236c1b2f6d102558910463f20f509368304e30a8cf7a
assets/Characters/Quantum/Textures/Clothing/Outerwear/Vest_Hunter/T_Vest_Hunter_Camo_BaseColor.png,16323958,571c56251006302590b3dc01201721726fb849044a10e9f9edd1b92e1d7496cd
assets/Characters/Quantum/Textures/Clothing/Outerwear/Vest_Hunter/T_Vest_Hunter_Green_BaseColor.png,17703341,b10fb53bc86767aa8c60942f997323df9dc9b4c31e4b2bc2157f039999c49ce9
assets/Characters/Quantum/Textures/Clothing/Outerwear/Vest_Hunter/T_Vest_Hunter_Occlusion.png,1702601,29a506c99575187821406f5d5b2a5e9e1bce95e813b7ba0bb0c4cab876b8119c
assets/Characters/Quantum/Textures/Clothing/Outerwear/Vest_Hunter/T_Vest_Hunter_Roughness.png,2725253,9070c04b0fa9415552efbe113ae103d8835490ffc1b9ca45d18f224cd857cae3
assets/Characters/Quantum/Textures/Clothing/Outerwear/Vest_Hunter/T_Vest_Hunter_Unity_Normal.png,28180986,2cc01cd7c0cf2e49fd1316ad0f6e734bb7b5e37f04f337fd93e8248741cedbd4
assets/Characters/Quantum/Textures/Clothing/Outerwear/Vest_Jeans/Jeans_Vest_Print/T_Jeans_Vest_Print_Blue_BaseColor.png,26121955,ffd9ae8ada321c253f4ee4a6b4a3f5c3fd82288dc76a2f4a7cb1e2d47fd7e9ea
assets/Characters/Quantum/Textures/Clothing/Outerwear/Vest_Jeans/Jeans_Vest_Print/T_Jeans_Vest_Print_Occlusion.png,2016268,b08f6153fdd75ef3acd09e998a0d0c90a43fb117f407bc95fc47b7e49a81f21a
assets/Characters/Quantum/Textures/Clothing/Outerwear/Vest_Jeans/Jeans_Vest_Print/T_Jeans_Vest_Print_Roughness.png,7258928,03644491754c21fd3c6664dabbcfb9bafbd9983ce0c74134a6e0342c4fe3cc13
assets/Characters/Quantum/Textures/Clothing/Outerwear/Vest_Jeans/Jeans_Vest_Print/T_Jeans_Vest_Print_Unity_Normal.png,30443593,481cb87dbd563aa1da823be6010d010ca89b3545714e27b7480f9003d25c2c2d
assets/Characters/Quantum/Textures/Clothing/Outerwear/Vest_Jeans/Jeanse_Vest/T_Jeans_Vest_Beige_BaseColor.png,26440972,65fe7d6920f381ab8ea1e2ab8bb16161670e3da32013393975799253f5cdcacb
assets/Characters/Quantum/Textures/Clothing/Outerwear/Vest_Jeans/Jeanse_Vest/T_Jeans_Vest_Black_BaseColor.png,21570190,f2b86929904bfaa327b0ecbb8e1f62b4f765ab4502debc10f7d9c73032d98609
assets/Characters/Quantum/Textures/Clothing/Outerwear/Vest_Jeans/Jeanse_Vest/T_Jeans_Vest_Blue_BaseColor.png,26225604,1080b45c732f068782e1dc4c51262e0c7fea3b1fb775eb063b657a27153f0c10
assets/Characters/Quantum/Textures/Clothing/Outerwear/Vest_Jeans/Jeanse_Vest/T_Jeans_Vest_Brown_BaseColor.png,24645001,3d7eaa4f3ab28988df041c70618fa7f3f686a8e44106ddd2a8a6bccfbf9aa0f4
assets/Characters/Quantum/Textures/Clothing/Outerwear/Vest_Jeans/Jeanse_Vest/T_Jeans_Vest_Gray_BaseColor.png,24898259,6c69dbbfded8560c96e45131dc0382c06506e6b187a0dfb248edcef14ddd4bc4
assets/Characters/Quantum/Textures/Clothing/Outerwear/Vest_Jeans/Jeanse_Vest/T_Jeans_Vest_Light_Blue_BaseColor.png,25950072,7bf0d4e52face0334b962a441b53184535431fd7de097be74d4ffc6518147503
assets/Characters/Quantum/Textures/Clothing/Outerwear/Vest_Jeans/Jeanse_Vest/T_Jeans_Vest_Occlusion.png,2016268,b08f6153fdd75ef3acd09e998a0d0c90a43fb117f407bc95fc47b7e49a81f21a
assets/Characters/Quantum/Textures/Clothing/Outerwear/Vest_Jeans/Jeanse_Vest/T_Jeans_Vest_Roughness.png,7175491,4f72d30ed8fc730a231a30473a0cbb3f68d43e5dee373e69549e9da93a58862f
assets/Characters/Quantum/Textures/Clothing/Outerwear/Vest_Jeans/Jeanse_Vest/T_Jeans_Vest_Unity_Normal.png,30474498,43850bed6dd7f515f37188fd5a85c7c95bc4d50f4bb09652119964182b35611c
assets/Characters/Quantum/Textures/Clothing/Outerwear/Vests_Puffy/T_Puffy_Vest_Beige_BaseColor.png,19521915,ffbe7dcd5131634c199102c2397e72dfda64e9b61fc0cfc042173dcfa38fb889
assets/Characters/Quantum/Textures/Clothing/Outerwear/Vests_Puffy/T_Puffy_Vest_Black_BaseColor.png,8812406,a4c45253d5954d009ff938e032a4e5ef7235718ae91735074ef52a96e8362ec2
assets/Characters/Quantum/Textures/Clothing/Outerwear/Vests_Puffy/T_Puffy_Vest_Brown_BaseColor.png,18652824,085b204557a9872576d7128e682ded36db002a853589430730d4313e52006655
assets/Characters/Quantum/Textures/Clothing/Outerwear/Vests_Puffy/T_Puffy_Vest_Dark_Blue_BaseColor.png,11005070,c2359b63efaa6805bd59e17967dd46c763da16956022bbe9e34e4f5c3c62d0b7
assets/Characters/Quantum/Textures/Clothing/Outerwear/Vests_Puffy/T_Puffy_Vest_Green_BaseColor.png,17771185,663fb0e477295c84d51347bfbe4b49e376d3718df89eb7343f665836b2c1660b
assets/Characters/Quantum/Textures/Clothing/Outerwear/Vests_Puffy/T_Puffy_Vest_Occlusion.png,2217443,a2fed2d937a3a7f230578a65139d387573ba5a4c1378b6cee013bd0c53a19770
assets/Characters/Quantum/Textures/Clothing/Outerwear/Vests_Puffy/T_Puffy_Vest_Roughness.png,2427102,4c6c636b74ae50afcc01104adb9cba87cf193ec02f4f75aadcd28efff013b699
assets/Characters/Quantum/Textures/Clothing/Outerwear/Vests_Puffy/T_Puffy_Vest_Unity_Normal.png,32199292,2fbbc91c9040d3a5780064624916a580755a7172c02e0d12349e10cda59d8e06
assets/Characters/Quantum/Textures/Clothing/Outerwear/Vests_Puffy/T_Puffy_Vest_Yellow_BaseColor.png,21135964,2f80d8c2b9050c1346013f50b7138e8c1e9f9eb59b0eb405bf7ff30ca1394988
assets/Characters/Quantum/Textures/Clothing/Pants/F_Pants_Jeans/T_F_Pants_Jeans_Beige_BaseColor.png,20741754,21a0db313e1406a2a499a87f34731781eaf7e89fa21321c01d74f1f866cfb422
assets/Characters/Quantum/Textures/Clothing/Pants/F_Pants_Jeans/T_F_Pants_Jeans_Black_BaseColor.png,11267574,2ec940741e6fbd831e46cbbcd1eb86cf38b0aab612b35b427c726ad6ec31cb85
assets/Characters/Quantum/Textures/Clothing/Pants/F_Pants_Jeans/T_F_Pants_Jeans_Blue_BaseColor.png,21530326,800483ebba84240edc864bc20455a02929aafe6d33c73057fa315834a8f64a83
assets/Characters/Quantum/Textures/Clothing/Pants/F_Pants_Jeans/T_F_Pants_Jeans_Blue_Dark_BaseColor.png,19343656,785758f088be06898d2967ac229e6ed2329b5cfc254dc01054926762daacf499
assets/Characters/Quantum/Textures/Clothing/Pants/F_Pants_Jeans/T_F_Pants_Jeans_Blue_Light_BaseColor.png,22530424,fdcd962e6a0ca3666c988b48b83055db60ed910f55f461a53259dc7320cc1648
assets/Characters/Quantum/Textures/Clothing/Pants/F_Pants_Jeans/T_F_Pants_Jeans_Camo_BaseColor.png,13545983,d5c34f9170e068517fdc3b582f9b34404e0a46a8bca56d9475cd3eff48a58f34
assets/Characters/Quantum/Textures/Clothing/Pants/F_Pants_Jeans/T_F_Pants_Jeans_Occlusion.png,1921283,30e4673459ae3682094d97cc056817c040ef4b4665a3e354483f11a53bebf976
assets/Characters/Quantum/Textures/Clothing/Pants/F_Pants_Jeans/T_F_Pants_Jeans_Roughness.png,5832700,b43bce1e474ab474891a34f558695a0ca455fa15c6b30732a8d473505abd5677
assets/Characters/Quantum/Textures/Clothing/Pants/F_Pants_Jeans/T_F_Pants_Jeans_Torn_Blue_Dark_BaseColor.png,25039828,e0095291cf8395eb16195d20f6d65000881e1e3a203a8ff5311974e634bbdb82
assets/Characters/Quantum/Textures/Clothing/Pants/F_Pants_Jeans/T_F_Pants_Jeans_Torn_Occlusion.png,1906093,ad0669e9b8c510b07f8c59bc16f151d346c3b6487b831600a96732fb41459a58
assets/Characters/Quantum/Textures/Clothing/Pants/F_Pants_Jeans/T_F_Pants_Jeans_Torn_Roughness.png,7063560,f5f25162a63dd51da3c2bd5fcdc417926b55c2c2e7240bfb5a417b2b353188cb
assets/Characters/Quantum/Textures/Clothing/Pants/F_Pants_Jeans/T_F_Pants_Jeans_Torn_Unity_Normal.png,36599982,48a1c3bc59aca848f52f72c7bf450383c6e714fe146c84ba0aac1bd31b67a20f
assets/Characters/Quantum/Textures/Clothing/Pants/F_Pants_Jeans/T_F_Pants_Jeans_Unity_Normal.png,36196150,a0c20813371f12a24ea5d04f3759daf194b562637de3ebef1d27ad0466d8d62f
assets/Characters/Quantum/Textures/Clothing/Pants/F_Shorts_Boots/T_F_Shorts_Boots_Beige_BaseColor.png,18902105,91423503cb92686a7aa0f8ed1ffead0d13e10ae0d65bc596440365cc95f62356
assets/Characters/Quantum/Textures/Clothing/Pants/F_Shorts_Boots/T_F_Shorts_Boots_Black_BaseColor.png,13083876,e4604568be3f87007f8db4102e3bfb898fb9c5a7fffa115499d86b65ef62af31
assets/Characters/Quantum/Textures/Clothing/Pants/F_Shorts_Boots/T_F_Shorts_Boots_Green_BaseColor.png,17861506,de702c01fe9c752b350f23e3bc16edc96875abb1739871000061c3f55bc535ec
assets/Characters/Quantum/Textures/Clothing/Pants/F_Shorts_Boots/T_F_Shorts_Boots_Jeans_BaseColor.png,20188024,cbaf1a9b125711fa9c6818c9f11b94beb5fe0cb31377ee175c285977a295c198
assets/Characters/Quantum/Textures/Clothing/Pants/F_Shorts_Boots/T_F_Shorts_Boots_Jeans_Occlusion.png,1979899,d1e9ac064e6f742f9497782c217990339fbf78eec9a6450a34112283ec0946b8
assets/Characters/Quantum/Textures/Clothing/Pants/F_Shorts_Boots/T_F_Shorts_Boots_Jeans_Roughness.png,4639408,296b4623165c1e2b306bd1532467f7a5fb5ccde349da2f73d166a56e89131ec0
assets/Characters/Quantum/Textures/Clothing/Pants/F_Shorts_Boots/T_F_Shorts_Boots_Jeans_Unity_Normal.png,28649843,916fdd5773a864425fc711f66898e3086b1c02fa2ecd8784840959c94b9c87f8
assets/Characters/Quantum/Textures/Clothing/Pants/Jeans/Decal_Jeans/T_Jeans_Turn_BaseColor.png,27191292,3a885ba6e6077d2d0292606b8245f199a85a2291d46643903693142155b10375
assets/Characters/Quantum/Textures/Clothing/Pants/Jeans/Decal_Jeans/T_Jeans_Turn_Occlusion.png,2262312,fc118c7fb038b4928504e84489f624033d3595e68f4bc697f4501245ca6f0514
assets/Characters/Quantum/Textures/Clothing/Pants/Jeans/Decal_Jeans/T_Jeans_Turn_Roughness.png,7207023,335feb861f30609948bc78211d4e1fb54fe919ec94ada9e564bdefd771f218cf
assets/Characters/Quantum/Textures/Clothing/Pants/Jeans/Decal_Jeans/T_Jeans_Turn_Unity_Normal.png,31088758,348847573c20e35d853cc5269849c9b3aed3fbb2961243acd18bdf24647f8ae6
assets/Characters/Quantum/Textures/Clothing/Pants/Jeans/T_Jeans_Beige_BaseColor.png,21049120,30843cb23757e2e4d09e5602a17227c6bafddaef00edb519bd805a1ad7fdf5b8
assets/Characters/Quantum/Textures/Clothing/Pants/Jeans/T_Jeans_Beje_BaseColor.png,20528372,7e43fb461c16fb15301f25fcffc020f85f7e42b2ec2652b201183241fadf10a6
assets/Characters/Quantum/Textures/Clothing/Pants/Jeans/T_Jeans_Black_BaseColor.png,21957205,3b025e6946381988a6ee9fcd24213bfb2b401743528b7335db0debd6aafda80a
assets/Characters/Quantum/Textures/Clothing/Pants/Jeans/T_Jeans_Blue_BaseColor.png,22102120,d4f63249d1cc0a0493fd1360096e3747dd0182bad0d27e79cbbb908a52e8913d
assets/Characters/Quantum/Textures/Clothing/Pants/Jeans/T_Jeans_Blue_Light_BaseColor.png,24018778,c45d871aaf3e9aff93c791e10b573aa2ed3f7d648481d67f02df6d3fabe2bd65
assets/Characters/Quantum/Textures/Clothing/Pants/Jeans/T_Jeans_Occlusion.png,2123461,c9116ef9a109c4c3b5a3d1d18638ca11a33029a30537b2f8982415ced18be616
assets/Characters/Quantum/Textures/Clothing/Pants/Jeans/T_Jeans_Roughness.png,7325852,32d2cc1fe5b77c7c92098adc80a755292d44805e8bec7f5f51dbfa545c25a7af
assets/Characters/Quantum/Textures/Clothing/Pants/Jeans/T_Jeans_Unity_Normal.png,29508444,d89b26f732a68a6a21ffa7badf1ef030cd92b430985bd9e56874d08125014816
assets/Characters/Quantum/Textures/Clothing/Pants/Pants Classic/T_Pants_Classic_Beige_BaseColor.png,23269152,5fc75731a14325ee98b429e93dfa2ff27891bea3171b8743851a1b0c81e93e23
assets/Characters/Quantum/Textures/Clothing/Pants/Pants Classic/T_Pants_Classic_Black(Lines)_BaseColor.png,21459448,033c1155ca726e321cd3f1bbc3ad4d5050cb39f8d981d5f8dbdc243bb0bd294f
assets/Characters/Quantum/Textures/Clothing/Pants/Pants Classic/T_Pants_Classic_Black_BaseColor.png,20934439,ca7aeaf7db6085032dc7b4e61bcbe7c78b8fc943d668b04638b143c2f2259556
assets/Characters/Quantum/Textures/Clothing/Pants/Pants Classic/T_Pants_Classic_Blue_BaseColor.png,24600243,ed8f63654daa625810f017aa925a02e53724495abe0efafac2f193cce219dddd
assets/Characters/Quantum/Textures/Clothing/Pants/Pants Classic/T_Pants_Classic_Burgundy_BaseColor.png,19418496,4917df0139dd0e2e214c3c117a077cedd8fc0646cfb901a21375575df1c4a84b
assets/Characters/Quantum/Textures/Clothing/Pants/Pants Classic/T_Pants_Classic_Gray(Cubes)_BaseColor.png,32125796,5bf19bc3922bb5735043c7de366e76ad27abd6716f3deb09233229769f4c4170
assets/Characters/Quantum/Textures/Clothing/Pants/Pants Classic/T_Pants_Classic_Gray_BaseColor.png,24442800,6825ce196923d41d91108bbd301aae8b2d1f0924f82139f8c95e21d8cb3c803c
assets/Characters/Quantum/Textures/Clothing/Pants/Pants Classic/T_Pants_Classic_Occlusion.png,1384939,639efb08d870293984d790fbb8654076c673d75f63f9a1e4ae11d8b7d385ba63
assets/Characters/Quantum/Textures/Clothing/Pants/Pants Classic/T_Pants_Classic_Roughness.png,7661263,c30da32666aa619c212ba2cd119bc94c517f7a6a795974b4db54bf5bf712830b
assets/Characters/Quantum/Textures/Clothing/Pants/Pants Classic/T_Pants_Classic_Unity_Normal.png,23719362,54181c96c68a6fdeaa6330d35a73cd8df263c23ed678a0ddbc9cdf11c7220770
assets/Characters/Quantum/Textures/Clothing/Pants/Pants_Cargo/T_Pants_Cargo_Beige_BaseColor.png,17413227,c663dbed89d69161cc9ae54211d121698936251d4c56a866ffc1c3be791f3e85
assets/Characters/Quantum/Textures/Clothing/Pants/Pants_Cargo/T_Pants_Cargo_Beige_Black_BaseColor.png,11291065,91cc3a1e5c94b6646c16d473f06cf7c08edfd5bcce86fe4e4d20fe2f445e434e
assets/Characters/Quantum/Textures/Clothing/Pants/Pants_Cargo/T_Pants_Cargo_Black_BaseColor.png,13935842,c4d9a1b853935aa5fd42041172edb5d0579af511b2777fdee3a89169a43108d5
assets/Characters/Quantum/Textures/Clothing/Pants/Pants_Cargo/T_Pants_Cargo_Blue_BaseColor.png,12295156,8c1fdc2c412c4721a06faeb5625b92aaadbc888839f2136c2c5e36a8dacb258c
assets/Characters/Quantum/Textures/Clothing/Pants/Pants_Cargo/T_Pants_Cargo_Camo_BaseColor.png,17637245,754d3f2177b79616643a62605750ac44991b17340170ead0a580e1f54a54c158
assets/Characters/Quantum/Textures/Clothing/Pants/Pants_Cargo/T_Pants_Cargo_CamoDark_BaseColor.png,14429204,9c945e2ca2e5a9cf8ea3da5a89a2d61d1791d897fa2c54e80f827262c15ec972
assets/Characters/Quantum/Textures/Clothing/Pants/Pants_Cargo/T_Pants_Cargo_Gray_BaseColor.png,10946184,a6099ed8b2c274071d44c1e523dbcbb1c4969a86504cd50ceb6325a91717b392
assets/Characters/Quantum/Textures/Clothing/Pants/Pants_Cargo/T_Pants_Cargo_Green_BaseColor.png,16623789,a79bef896ee9485568f3d995c2962775545bba2d125f43f992a1728901f55df3
assets/Characters/Quantum/Textures/Clothing/Pants/Pants_Cargo/T_Pants_Cargo_Multicam_BaseColor.png,15451810,761692c9132a35ad68e628e6b4a285c48d1c9712294efc3b8d01efe212a73c5f
assets/Characters/Quantum/Textures/Clothing/Pants/Pants_Cargo/T_Pants_Cargo_Occlusion.png,1882420,cb0dc43e122c70a108d48bdda885f7bb896c1ac2358507e14f0d8dbe7b0d8d47
assets/Characters/Quantum/Textures/Clothing/Pants/Pants_Cargo/T_Pants_Cargo_PixelCamo_BaseColor.png,17046508,46d9af8f65afe64082cbb814d4bb087c6b422caa08121e8c116b401443f5e29e
assets/Characters/Quantum/Textures/Clothing/Pants/Pants_Cargo/T_Pants_Cargo_PixelSand_BaseColor.png,17503097,e97f5a5218f637a8757a6d21a54fe2fcd83cd632c7938bd7f0ec0e65e3ab48fa
assets/Characters/Quantum/Textures/Clothing/Pants/Pants_Cargo/T_Pants_Cargo_PixelStreet_BaseColor.png,12376510,3ad5a51a3cbbd7e1b0b072c42f3b313c5eaa41726f711a900a5df0938f12c108
assets/Characters/Quantum/Textures/Clothing/Pants/Pants_Cargo/T_Pants_Cargo_Roughness.png,5161864,e29706eed8d180109d9538d0377e88d4cf70d5ca79d39cdbf5e02abc8fa05a11
assets/Characters/Quantum/Textures/Clothing/Pants/Pants_Cargo/T_Pants_Cargo_Street_BaseColor.png,12869951,9267ace0196df90e6e01007810b199f9526ae82b121518acdfb41c877e950dca
assets/Characters/Quantum/Textures/Clothing/Pants/Pants_Cargo/T_Pants_Cargo_Unity_Normal.png,26801292,78174fb386967ca7675128bf18f6eaeb99e94bd2d6a4adcc9281a6066868f038
assets/Characters/Quantum/Textures/Clothing/Pants/Pants_Sport/T_Sport_Pants_Beige_BaseColor.png,19845857,21bec2f2e295552aca0f1ddf6a020dee304418fe0445927c24b730b7c8a72487
assets/Characters/Quantum/Textures/Clothing/Pants/Pants_Sport/T_Sport_Pants_Beige_Lines_BaseColor.png,19471536,43d9f37c5ad5758b3c5487cdeed7afc86e521af600e15298d3ebbb98bab17d62
assets/Characters/Quantum/Textures/Clothing/Pants/Pants_Sport/T_Sport_Pants_Black_BaseColor.png,20752379,84bf7ce738899a4fbd84dd5c8f21f164d9719b5c2e470f6337bcd1f2d8d10c6b
assets/Characters/Quantum/Textures/Clothing/Pants/Pants_Sport/T_Sport_Pants_Black_Lines_BaseColor.png,20338867,b6fd74e2a6d737844590519d35e571cdd5a0fbbe0a13cfd22fc32664d99b0464
assets/Characters/Quantum/Textures/Clothing/Pants/Pants_Sport/T_Sport_Pants_Blue_BaseColor.png,21113058,ccbca54844cdcca2faeb2569e8e631858b2be2e7824fa87deadfe799e9f0e210
assets/Characters/Quantum/Textures/Clothing/Pants/Pants_Sport/T_Sport_Pants_Blue_Lines_BaseColor.png,20671194,9ca9834313a2f7ef8737b5d7435703006ba0886cf7ff233e921d4a72c48ca216
assets/Characters/Quantum/Textures/Clothing/Pants/Pants_Sport/T_Sport_Pants_Burgundy_BaseColor.png,21381911,b2eeb6624042ceff564b5f11fb4e8dcf5503ef8ec655e4472b0942aea4e8924c
assets/Characters/Quantum/Textures/Clothing/Pants/Pants_Sport/T_Sport_Pants_Burgundy_Lines_BaseColor.png,21166242,b4e2a567fca56a91f9fcb351f770efdefd63b967be6af8ee751405afe46ce8cc
assets/Characters/Quantum/Textures/Clothing/Pants/Pants_Sport/T_Sport_Pants_Gray_BaseColor.png,22993701,f87f5677d186660b65620a800702b8437fcd6e992600407650b04c827c9af71a
assets/Characters/Quantum/Textures/Clothing/Pants/Pants_Sport/T_Sport_Pants_Gray_Lines_BaseColor.png,22433956,a2ec3e53de1732cfe93545187a519d3b3691590b94b6a46237a4926b3a69803e
assets/Characters/Quantum/Textures/Clothing/Pants/Pants_Sport/T_Sport_Pants_Green_BaseColor.png,23297748,e22f00b8eae74afd5dd521d7f1a17c7596cd0510428d8fcd99a754b387b0e2aa
assets/Characters/Quantum/Textures/Clothing/Pants/Pants_Sport/T_Sport_Pants_Green_Lines_BaseColor.png,22799518,2d65e381529cbf11c6ba05fbf13ae9da2cc88dc9ddf5105e32022459c52a40a4
assets/Characters/Quantum/Textures/Clothing/Pants/Pants_Sport/T_Sport_Pants_Lines_Occlusion.png,1601337,f6bbf09bf70dd430502945e33029a4c8833c5a00671d6fe2c81d6d1fc2566305
assets/Characters/Quantum/Textures/Clothing/Pants/Pants_Sport/T_Sport_Pants_Lines_Roughness.png,5226081,2f06afcca648d88cbbda83f97e0489231f8fdb9ca2ce55861080806314c5b91e
assets/Characters/Quantum/Textures/Clothing/Pants/Pants_Sport/T_Sport_Pants_Lines_Unity_Normal.png,25503526,8e414d808666d37ac459149d669418f83f500946ec3a34715ab0a24f5ba48ea7
assets/Characters/Quantum/Textures/Clothing/Pants/Pants_Sport/T_Sport_Pants_Occlusion.png,1601337,f6bbf09bf70dd430502945e33029a4c8833c5a00671d6fe2c81d6d1fc2566305
assets/Characters/Quantum/Textures/Clothing/Pants/Pants_Sport/T_Sport_Pants_Roughness.png,5152883,46f4bdb94564b66092f8b993e56c9de18eab26c3be192cf8b9bab327b395195a
assets/Characters/Quantum/Textures/Clothing/Pants/Pants_Sport/T_Sport_Pants_Unity_Normal.png,25151360,cfa5b6a3926e0462b8275d5e3dbfea2318a92210713ef37b52dd80299775d601
assets/Characters/Quantum/Textures/Clothing/Pants/Pants_Sport/T_Sport_Pants_White_BaseColor.png,20133561,56820a8838085de85afb7ee5f259f69be161ccf429082f28a2a477288c19eb7f
assets/Characters/Quantum/Textures/Clothing/Pants/Pants_Sport/T_Sport_Pants_White_Lines_BaseColor.png,19967849,853947f9fb248e9e260a5d5cc8d7bda8ca6b784ebf25412fd2323d5edea46af8
assets/Characters/Quantum/Textures/Clothing/Pants/Pants_Sport/T_Sport_Pants_Yellow_BaseColor.png,20879448,4270f0038dd1c4774d65b31a35a1e461f54a0b65247c5eabb5461a6753ab844b
assets/Characters/Quantum/Textures/Clothing/Pants/Pants_Sport/T_Sport_Pants_Yellow_Lines_BaseColor.png,20479463,d53f9699677a03202034a7d05aca98ccf58a0141f18bcf8658d2c6ae3b9fc5b7
assets/Characters/Quantum/Textures/Clothing/Pants/Shorts/T_Shorts_Black_BaseColor.png,26319096,95545f30964f22d7574ce9b0e443cb65e46ed411aecc19ba48518c80ca1867b5
assets/Characters/Quantum/Textures/Clothing/Pants/Shorts/T_Shorts_Camo_BaseColor.png,28365819,b0c846f76f97ed4bbb3b36f6a188a9de5cac901a6d7a0c7d706ffb82e84980e0
assets/Characters/Quantum/Textures/Clothing/Pants/Shorts/T_Shorts_Occlusion.png,2191559,e75169dcd6058f4e99694919623d7739283e3656df29dab53db2a1dda09c869c
assets/Characters/Quantum/Textures/Clothing/Pants/Shorts/T_Shorts_Roughness.png,14898494,bf818598b6a30ae518dc13f9953c78e8b139a3f246b9f5d13227fa64f75ac3ac
assets/Characters/Quantum/Textures/Clothing/Pants/Shorts/T_Shorts_Unity_Normal.png,78557412,f5b1674378af5a15b062401bd74f0e36327412d41568622199c17d68edd3af0b
assets/Characters/Quantum/Textures/Clothing/Pants/Shorts_Breeches/T_Shorts_Breeches_Beige_BaseColor.png,15237247,7ea305b9722259fd5dc9af1f4e5b05bda4345c0a7669ab9271e2e341ee11e570
assets/Characters/Quantum/Textures/Clothing/Pants/Shorts_Breeches/T_Shorts_Breeches_Camo_BaseColor.png,16380987,19374b43406951dd0f31ec5e80a61b096157b5903d87dfca81da96e2faebb510
assets/Characters/Quantum/Textures/Clothing/Pants/Shorts_Breeches/T_Shorts_Breeches_Gray_BaseColor.png,15618470,ee37574805602fbb5320e998355114db4ef170bc3686e0f01e91b4a9f40d17ff
assets/Characters/Quantum/Textures/Clothing/Pants/Shorts_Breeches/T_Shorts_Breeches_Green_BaseColor.png,15142394,45f605d1e17a9135979ad9879f92555cddf0c3fa9ea76b76f9b3d9432d9b4d21
assets/Characters/Quantum/Textures/Clothing/Pants/Shorts_Breeches/T_Shorts_Breeches_Occlusion.png,1815014,d0cc493714c0b95adac70e294761d6c1c2db9f57841643b5b1f0f2c1aab75a69
assets/Characters/Quantum/Textures/Clothing/Pants/Shorts_Breeches/T_Shorts_Breeches_Roughness.png,5591426,727e1a664bc1e5ea9cfebf38669d726a7854a18a753da469c877baba6602fb67
assets/Characters/Quantum/Textures/Clothing/Pants/Shorts_Breeches/T_Shorts_Breeches_Unity_Normal.png,29907022,4b13f6f632fb66213684110f80ba07d489f6575d10371f09ef215e4d9cab0785
assets/Characters/Quantum/Textures/Clothing/Shoes/Boots/T_Boots_Black_BaseColor.png,8427779,babbbdb82db0711bd71107471b8c4acf64adce2a861ce781d47544278ee0af46
assets/Characters/Quantum/Textures/Clothing/Shoes/Boots/T_Boots_Camo_BaseColor.png,10376957,90e73876a1ba6c51078ca54c2d5293aef1e463d74b2bb5764085c3d28ae1844d
assets/Characters/Quantum/Textures/Clothing/Shoes/Boots/T_Boots_Occlusion.png,1126471,5cc99112e8ce94120d81b53291d6beaec1b1534b3e30102b05a97d9565649635
assets/Characters/Quantum/Textures/Clothing/Shoes/Boots/T_Boots_Roughness.png,5850340,1dfb4e0eab045856f3b0c5a919f5167645a785b7b7ecc3512682d34ed1aac5c0
assets/Characters/Quantum/Textures/Clothing/Shoes/Boots/T_Boots_Unity_Normal.png,15575977,eaf03e14f1b21c4315c2a2c0b83a1137a8323b9aecf8102f59aa748f02143a8d
assets/Characters/Quantum/Textures/Clothing/Shoes/Boots_Classic/T_Pants_Classic_Beige_BaseColor.png,23269152,5fc75731a14325ee98b429e93dfa2ff27891bea3171b8743851a1b0c81e93e23
assets/Characters/Quantum/Textures/Clothing/Shoes/Boots_Classic/T_Pants_Classic_Black(Lines)_BaseColor.png,21459448,033c1155ca726e321cd3f1bbc3ad4d5050cb39f8d981d5f8dbdc243bb0bd294f
assets/Characters/Quantum/Textures/Clothing/Shoes/Boots_Classic/T_Pants_Classic_Black_BaseColor.png,20934439,ca7aeaf7db6085032dc7b4e61bcbe7c78b8fc943d668b04638b143c2f2259556
assets/Characters/Quantum/Textures/Clothing/Shoes/Boots_Classic/T_Pants_Classic_Blue_BaseColor.png,24600243,ed8f63654daa625810f017aa925a02e53724495abe0efafac2f193cce219dddd
assets/Characters/Quantum/Textures/Clothing/Shoes/Boots_Classic/T_Pants_Classic_Burgundy_BaseColor.png,19418496,4917df0139dd0e2e214c3c117a077cedd8fc0646cfb901a21375575df1c4a84b
assets/Characters/Quantum/Textures/Clothing/Shoes/Boots_Classic/T_Pants_Classic_Gray(Cubes)_BaseColor.png,32125796,5bf19bc3922bb5735043c7de366e76ad27abd6716f3deb09233229769f4c4170
assets/Characters/Quantum/Textures/Clothing/Shoes/Boots_Classic/T_Pants_Classic_Gray_BaseColor.png,24442800,6825ce196923d41d91108bbd301aae8b2d1f0924f82139f8c95e21d8cb3c803c
assets/Characters/Quantum/Textures/Clothing/Shoes/Boots_Classic/T_Pants_Classic_Occlusion.png,1384939,639efb08d870293984d790fbb8654076c673d75f63f9a1e4ae11d8b7d385ba63
assets/Characters/Quantum/Textures/Clothing/Shoes/Boots_Classic/T_Pants_Classic_Roughness.png,7661263,c30da32666aa619c212ba2cd119bc94c517f7a6a795974b4db54bf5bf712830b
assets/Characters/Quantum/Textures/Clothing/Shoes/Boots_Classic/T_Pants_Classic_Unity_Normal.png,23719362,54181c96c68a6fdeaa6330d35a73cd8df263c23ed678a0ddbc9cdf11c7220770
assets/Characters/Quantum/Textures/Clothing/Shoes/Flip_Flops/T_Shorts_Breeches_Beige_BaseColor.png,15237247,7ea305b9722259fd5dc9af1f4e5b05bda4345c0a7669ab9271e2e341ee11e570
assets/Characters/Quantum/Textures/Clothing/Shoes/Flip_Flops/T_Shorts_Breeches_Camo_BaseColor.png,16380987,19374b43406951dd0f31ec5e80a61b096157b5903d87dfca81da96e2faebb510
assets/Characters/Quantum/Textures/Clothing/Shoes/Flip_Flops/T_Shorts_Breeches_Gray_BaseColor.png,15618470,ee37574805602fbb5320e998355114db4ef170bc3686e0f01e91b4a9f40d17ff
assets/Characters/Quantum/Textures/Clothing/Shoes/Flip_Flops/T_Shorts_Breeches_Green_BaseColor.png,15142394,45f605d1e17a9135979ad9879f92555cddf0c3fa9ea76b76f9b3d9432d9b4d21
assets/Characters/Quantum/Textures/Clothing/Shoes/Flip_Flops/T_Shorts_Breeches_Occlusion.png,1815014,d0cc493714c0b95adac70e294761d6c1c2db9f57841643b5b1f0f2c1aab75a69
assets/Characters/Quantum/Textures/Clothing/Shoes/Flip_Flops/T_Shorts_Breeches_Roughness.png,5591426,727e1a664bc1e5ea9cfebf38669d726a7854a18a753da469c877baba6602fb67
assets/Characters/Quantum/Textures/Clothing/Shoes/Flip_Flops/T_Shorts_Breeches_Unity_Normal.png,29907022,4b13f6f632fb66213684110f80ba07d489f6575d10371f09ef215e4d9cab0785
assets/Characters/Quantum/Textures/Clothing/Shoes/Sneakers/Sneakers_Fabric/T_F_Sneakers_Beige_BaseColor.png,10695755,5bec350271c13b3f9d3df9f19d0c524a14c6c63580b8fe901d748e5256934e6d
assets/Characters/Quantum/Textures/Clothing/Shoes/Sneakers/Sneakers_Fabric/T_F_Sneakers_Blue_BaseColor.png,13161195,b85b9936753c296fd4caf64184bbeae9a592be5d4196b035b0caa270ac547e3c
assets/Characters/Quantum/Textures/Clothing/Shoes/Sneakers/Sneakers_Fabric/T_F_Sneakers_Fabric_BaseColor.png,9255541,3232e116c7fe9a7268aa7355d44eaa51b57ce9913ff9b4b924c9b76e6e696724
assets/Characters/Quantum/Textures/Clothing/Shoes/Sneakers/Sneakers_Fabric/T_F_Sneakers_Fabric_Occlusion.png,1619233,bbb65b696ea4a6fa78aff8e8aad5337c759e78abffda1089371a6e41fbb1e1b3
assets/Characters/Quantum/Textures/Clothing/Shoes/Sneakers/Sneakers_Fabric/T_F_Sneakers_Fabric_Roughness.png,4660484,cbd3b39191322d8bb6d403b7722226e2d4b11b0a7b3816f1b146e0879b730016
assets/Characters/Quantum/Textures/Clothing/Shoes/Sneakers/Sneakers_Fabric/T_F_Sneakers_Fabric_Unity_Normal.png,23945871,10223e97b23a4dbfe35e13c7a23349a5835c6c8a04515495433c8e0330961d81
assets/Characters/Quantum/Textures/Clothing/Shoes/Sneakers/Sneakers_Fabric/T_F_Sneakers_Red_BaseColor.png,12286368,01c0d64b08dd861efcc1ac633b9d94d692016bc3cef2067ac217f010f83ae70e
assets/Characters/Quantum/Textures/Clothing/Shoes/Sneakers/Sneakers_Leather/New_Black/T_F_Sneakers_BaseColor.png,7740222,8eb8cdab9d1db43bf7f695cb404bbd5bc8dc4e7357ededfccdbebfcaadd30878
assets/Characters/Quantum/Textures/Clothing/Shoes/Sneakers/Sneakers_Leather/New_Black/T_F_Sneakers_Occlusion.png,1567474,fbdd83a41a078072e766e3c4847441ba39498ec16173db2af0f1730193c60286
assets/Characters/Quantum/Textures/Clothing/Shoes/Sneakers/Sneakers_Leather/New_Black/T_F_Sneakers_Roughness.png,5983053,9de1a3b04fe85c7e5a3db37d0ca781f65125ce05b96a9e51df1d4f9a0ad5efee
assets/Characters/Quantum/Textures/Clothing/Shoes/Sneakers/Sneakers_Leather/T_F_Sneakers_Leather_Black_BaseColor.png,7746855,6c87072a7b9ba9fbf2622182434c035e8de4de297e1b384443c7a49c52181bb2
assets/Characters/Quantum/Textures/Clothing/Shoes/Sneakers/Sneakers_Leather/T_F_Sneakers_Leather_Occlusion.png,1567474,fbdd83a41a078072e766e3c4847441ba39498ec16173db2af0f1730193c60286
assets/Characters/Quantum/Textures/Clothing/Shoes/Sneakers/Sneakers_Leather/T_F_Sneakers_Leather_Roughness.png,6426204,49ae6efe4ac1d392cbcd0639cca81edb98b76cf226ff1a220c0f62dfad92c985
assets/Characters/Quantum/Textures/Clothing/Shoes/Sneakers/Sneakers_Leather/T_F_Sneakers_Leather_Unity_Normal.png,24026606,e36cfa7dab2ce11676743b0206556b4658edc51163a9d15f0749cb62130e9b64
assets/Characters/Quantum/Textures/Clothing/Shoes/Sneakers/Sneakers_Leather/T_F_Sneakers_Leather_White_BaseColor.png,9819860,2abe40d196564e811688f80b3c3336f8341f560f86c816d1bbee5490800c574e
assets/Characters/Quantum/Textures/Clothing/Shoes/Sneakers_Sport/T_Sneakers_Sport_Black_BaseColor.png,12217178,9fd7c15a6f6a55c1eff0429f62c05153b7737a7fe9d72ecba19f88c6e0e02da6
assets/Characters/Quantum/Textures/Clothing/Shoes/Sneakers_Sport/T_Sneakers_Sport_Blue_BaseColor.png,13181334,6a8953b964111a98de665806b0aecf99eb316a43993890657b9b51f035ea59f9
assets/Characters/Quantum/Textures/Clothing/Shoes/Sneakers_Sport/T_Sneakers_Sport_Green_BaseColor.png,12925379,8f8ac89ede9bab6ff4af272b83917f575cb291d2d9e56373ad276037f16b70ec
assets/Characters/Quantum/Textures/Clothing/Shoes/Sneakers_Sport/T_Sneakers_Sport_Occlusion.png,2304500,eba1c839c78f951480cbfb48b9ec51d9fb6bc63cb6120ad921ee9e96c580daef
assets/Characters/Quantum/Textures/Clothing/Shoes/Sneakers_Sport/T_Sneakers_Sport_Roughness.png,2832343,e6a0f79c9f9cd807f2c9420af0c42ab0c00eadf72b36a1fe63688176ee8de442
assets/Characters/Quantum/Textures/Clothing/Shoes/Sneakers_Sport/T_Sneakers_Sport_Unity_Normal.png,24306353,790b3dcf98afe578e97ed633d6d47af1827aeda8b5a76f12f4b3b6056be17dcd
assets/Characters/Quantum/Textures/Clothing/Shoes/Sneakers_Sport/T_Sneakers_Sport_Violet_BaseColor.png,13131620,737f33cfdc8e564f4c2c3dafe0605afab0fd39d96a4b126480e9e57bbf823e8d
assets/Characters/Quantum/Textures/Clothing/Shoes/Socks/T_Socks_BaseColor.png,998776,527a78564cced08db908b42deb1a0d31b0ac5771ce91b4e6c16b050a82ce061f
assets/Characters/Quantum/Textures/Clothing/Shoes/Socks/T_Socks_Occlusion.png,404758,0b7946f02a006cdf751aab84b0e5cc9d5990286cb57bc61a52415b3d4b81999f
assets/Characters/Quantum/Textures/Clothing/Shoes/Socks/T_Socks_Roughness.png,409025,2bbe2402e4f9386f60246b758b63780fccdfd050b2f510abc1a5033c43fadc47
assets/Characters/Quantum/Textures/Clothing/Shoes/Socks/T_Socks_Unity_Normal.png,1566716,3d7bf8b5547e84bfb80efc6baea3566e4f79060b4f997e20274aa9ca0e7db1db
assets/Characters/Quantum/Textures/Clothing/Shoes/Socks/T_Socks_White_BaseColor.png,1711119,0dfa55b75ddfb6cf453bc7020f05eb886bdb8c333807c6312a4258d8dc5b7f9c
assets/Characters/Quantum/Textures/Clothing/Shoes/Socks/T_Socks_White_Blue_BaseColor.png,13476179,4d6d47813d708f40cede79522216aece463f4550f904adc32f9de9be27f73f59
assets/Characters/Quantum/Textures/Clothing/Shoes/Socks/T_Socks_White_Red_BaseColor.png,13433109,a3f7e4a521bde47a5dd3bd775802f338c89446d496434d45d8a8adc8b14237d6
assets/Characters/Quantum/Textures/Clothing/Tops/F_Jersey/T_Woman_Jersey_Beige_BaseColor.png,15987099,542a93da0582c71252cbb272f6bbe57a33c070dd61c5c6aebd5bc9fb2507647e
assets/Characters/Quantum/Textures/Clothing/Tops/F_Jersey/T_Woman_Jersey_Black_BaseColor.png,15763512,8ebc335d61ef6de90bc69d889561abfe8d74bcd3a2f62dfdbdda45e99280718b
assets/Characters/Quantum/Textures/Clothing/Tops/F_Jersey/T_Woman_Jersey_Burgundy_BaseColor.png,17603539,a1e001ebb3b9aa5e3fb21bb823ae9677de71baff0b0df61b4e3c840e7459fd36
assets/Characters/Quantum/Textures/Clothing/Tops/F_Jersey/T_Woman_Jersey_Gray_BaseColor.png,18586219,71fb5c9c9f84ad71c9d767947173d7547952559e419e89a9f46a44afb4358e0d
assets/Characters/Quantum/Textures/Clothing/Tops/F_Jersey/T_Woman_Jersey_Green_BaseColor.png,16166614,413ed307e7e75cf2c4d4e81abc1ce4b831b98b8d42f405af42660d0906749f5b
assets/Characters/Quantum/Textures/Clothing/Tops/F_Jersey/T_Woman_Jersey_Occlusion.png,1559162,dcfe28131c6fe3f6be0a09adc5a0a0908b2f37cc0c529b88d29efef1633e83f3
assets/Characters/Quantum/Textures/Clothing/Tops/F_Jersey/T_Woman_Jersey_Roughness.png,4677183,ca49c857c6ef2259568c1f53f8c7a675f034e36309b15a5a995df5770d065d19
assets/Characters/Quantum/Textures/Clothing/Tops/F_Jersey/T_Woman_Jersey_Unity_Normal.png,30746583,786425458e3f1d4cfa4a8ebe456a99bd2d3e6e70c062b992a222c02a0e3167ec
assets/Characters/Quantum/Textures/Clothing/Tops/F_Tshirt_Tucked/T_F_Tshirt_Tucked_Beige_BaseColor.png,21949207,7fdbb063a40624b2ac285f6d368ba31cf5a06fb7065f8ff44a14e6a8aa5cff55
assets/Characters/Quantum/Textures/Clothing/Tops/F_Tshirt_Tucked/T_F_Tshirt_Tucked_Beige_Print_BaseColor.png,22171266,7c4f53b24e89611e4c3d105e109f04605647b1f1590003412fbeb195e0d5525c
assets/Characters/Quantum/Textures/Clothing/Tops/F_Tshirt_Tucked/T_F_Tshirt_Tucked_Beige_Print_Occlusion.png,1569364,209e0b40f76ff4388343cd0d45abec83c2361011c218de3ba0c58e6958a642d9
assets/Characters/Quantum/Textures/Clothing/Tops/F_Tshirt_Tucked/T_F_Tshirt_Tucked_Beige_Print_Roughness.png,4263505,e16bb18790c755038062ed6b3f36fc2b78933a6b589be0cdf23cc72edd047272
assets/Characters/Quantum/Textures/Clothing/Tops/F_Tshirt_Tucked/T_F_Tshirt_Tucked_Beige_Print_Unity_Normal.png,25808367,42f9be2941c34c4b9eddc2bd1f612ab43adeddf83dfe56dfa338e121dc9b27e7
assets/Characters/Quantum/Textures/Clothing/Tops/F_Tshirt_Tucked/T_F_Tshirt_Tucked_Black_BaseColor.png,16476197,032559093e83991b2d89f96cc3b978a6454a08baa363b0098f6d346d34283e09
assets/Characters/Quantum/Textures/Clothing/Tops/F_Tshirt_Tucked/T_F_Tshirt_Tucked_Black_Print_BaseColor.png,17085779,7b17d91bac2ed3b92a478b7a835db493bf81341defba08b9db9b7fa2474aee8e
assets/Characters/Quantum/Textures/Clothing/Tops/F_Tshirt_Tucked/T_F_Tshirt_Tucked_Black_Print_Occlusion.png,1569364,209e0b40f76ff4388343cd0d45abec83c2361011c218de3ba0c58e6958a642d9
assets/Characters/Quantum/Textures/Clothing/Tops/F_Tshirt_Tucked/T_F_Tshirt_Tucked_Black_Print_Roughness.png,4265186,a56b07e3d2e548e5791137a12991d6b92ffdac7aa9b52ef5a03790be908645c0
assets/Characters/Quantum/Textures/Clothing/Tops/F_Tshirt_Tucked/T_F_Tshirt_Tucked_Black_Print_Unity_Normal.png,25799871,1232cbd3e5e76a48de5d8766ed5c1668389b976396de448451b11c506e171119
assets/Characters/Quantum/Textures/Clothing/Tops/F_Tshirt_Tucked/T_F_Tshirt_Tucked_Blue_BaseColor.png,19609394,51db26453e67efd956005b2c2db0e27fc67a69cdfe46435237abb82574b0be79
assets/Characters/Quantum/Textures/Clothing/Tops/F_Tshirt_Tucked/T_F_Tshirt_Tucked_Burgundy_BaseColor.png,19251304,3f9957149bd02cf08d36eb670ebe6ab388a16f6656d3b3d173858b42e3f6ec4c
assets/Characters/Quantum/Textures/Clothing/Tops/F_Tshirt_Tucked/T_F_Tshirt_Tucked_Gray_BaseColor.png,19865483,cf9e9e7d4fc3528ccb6a1f5dc0afd0cfad32b8dfc47a576c46efec195ff28e49
assets/Characters/Quantum/Textures/Clothing/Tops/F_Tshirt_Tucked/T_F_Tshirt_Tucked_Green_BaseColor.png,18993928,915e178a2be9a86b1a2445ef8db1bb392092b3563eebd1a562b971900c15bff8
assets/Characters/Quantum/Textures/Clothing/Tops/F_Tshirt_Tucked/T_F_Tshirt_Tucked_Occlusion.png,1569364,209e0b40f76ff4388343cd0d45abec83c2361011c218de3ba0c58e6958a642d9
assets/Characters/Quantum/Textures/Clothing/Tops/F_Tshirt_Tucked/T_F_Tshirt_Tucked_Orange_Tucked_BaseColor.png,20296238,fdc52084f9c7d3b3a9f01cef5b67a63813e93a7bb94f1897c45761047ca890c2
assets/Characters/Quantum/Textures/Clothing/Tops/F_Tshirt_Tucked/T_F_Tshirt_Tucked_Roughness.png,4286343,69f3211739bac0353d2cfc8986023b7689a5779b14b4be96c3d33b26b3c5e926
assets/Characters/Quantum/Textures/Clothing/Tops/F_Tshirt_Tucked/T_F_Tshirt_Tucked_Unity_Normal.png,24645663,5f7f3fd4332aee958cf6938a847297a0d87f885dd393adb0509479e4847fdc3e
assets/Characters/Quantum/Textures/Clothing/Tops/F_Tshirt_Tucked/T_F_Tshirt_Tucked_White_BaseColor.png,20074124,df015da203ab267ce2ddb136d78cb0d598ae3f7ebb3ab1f1af745ed42e6669cb
assets/Characters/Quantum/Textures/Clothing/Tops/F_Tshirt_Tucked/T_F_Tshirt_Tucked_White_Print_BaseColor.png,20037108,1e343f47bccb38633e2e02cd5eb12cdf2cc014d21d6b85e2adfb0a5ed88a43e3
assets/Characters/Quantum/Textures/Clothing/Tops/F_Tshirt_Tucked/T_F_Tshirt_Tucked_White_Print_Occlusion.png,1569364,209e0b40f76ff4388343cd0d45abec83c2361011c218de3ba0c58e6958a642d9
assets/Characters/Quantum/Textures/Clothing/Tops/F_Tshirt_Tucked/T_F_Tshirt_Tucked_White_Print_Roughness.png,4292066,8c7d0eda5698d2596a5c21cb92db0ac7695664e5656d9b0d23f55f2c0a63f516
assets/Characters/Quantum/Textures/Clothing/Tops/F_Tshirt_Tucked/T_F_Tshirt_Tucked_White_Print_Unity_Normal.png,24737483,9c35dcfa89fa20d862e2f611fe9244d51bf231c3ecbcf0b232bb427563a01078
assets/Characters/Quantum/Textures/Clothing/Tops/Hoodie/T_Hoodie_Beige_BaseColor.png,19389440,b5936942c131477700468fc71602a1c51c37d28770f185f20e48320e90523c65
assets/Characters/Quantum/Textures/Clothing/Tops/Hoodie/T_Hoodie_Black_BaseColor.png,18562865,0cba9cd4f17b58aff29dcfc2be1d99f358a735507268237bb5cbcfd629d1fdb3
assets/Characters/Quantum/Textures/Clothing/Tops/Hoodie/T_Hoodie_Blue_BaseColor.png,20662965,126874aaf2fbf94bb3b5e41af4959dcd563d96a1fa3ebc932f660c30dae437f3
assets/Characters/Quantum/Textures/Clothing/Tops/Hoodie/T_Hoodie_Burgundy_BaseColor.png,20784796,4d9c056bf634c580a5f37832085663a441d8da934bc14c945ff86919029aa2de
assets/Characters/Quantum/Textures/Clothing/Tops/Hoodie/T_Hoodie_Burgundy_Print_BaseColor.png,20898510,67d2d50f17482df6d048f5e0f486357bb23ff067ae0edecb648094c0aa603f07
assets/Characters/Quantum/Textures/Clothing/Tops/Hoodie/T_Hoodie_Burgundy_Print_Occlusion.png,1702437,0d3c7a83e34cb2152df851078e6b5090d6153352b97fa0e3c8c558474b9fc357
assets/Characters/Quantum/Textures/Clothing/Tops/Hoodie/T_Hoodie_Burgundy_Print_Roughness.png,5106123,614b248ae1ba166314dfe99dc314487a7b1b6df6f5a88b7b7f4e4f8eff6de946
assets/Characters/Quantum/Textures/Clothing/Tops/Hoodie/T_Hoodie_Burgundy_Print_Unity_Normal.png,24291787,9b7fd1d89f5855163e7aa18c44ec5ffc4e657f2d3695b02277c134675bda4723
assets/Characters/Quantum/Textures/Clothing/Tops/Hoodie/T_Hoodie_Gray_BaseColor.png,22834412,49fcee0a76cb046f9887f0276eb78cd8324fd34cff46f29b50342b25ab938acd
assets/Characters/Quantum/Textures/Clothing/Tops/Hoodie/T_Hoodie_Green_BaseColor.png,22817263,2545ff1694649fd13d9e5f09c219a2c53588ce33091014ba5db3692c5dce7551
assets/Characters/Quantum/Textures/Clothing/Tops/Hoodie/T_Hoodie_Green_Print_BaseColor.png,22855883,84a0fb17b2f5e86a28df54642b5f9cb481f7e401726db0e0553175005779ed1e
assets/Characters/Quantum/Textures/Clothing/Tops/Hoodie/T_Hoodie_Green_Print_Occlusion.png,1702437,0d3c7a83e34cb2152df851078e6b5090d6153352b97fa0e3c8c558474b9fc357
assets/Characters/Quantum/Textures/Clothing/Tops/Hoodie/T_Hoodie_Green_Print_Roughness.png,5112168,994c1a73b1ed61c68b019201e14242b04cfebbec2e7dce240c381a6d9adc8f39
assets/Characters/Quantum/Textures/Clothing/Tops/Hoodie/T_Hoodie_Green_Print_Unity_Normal.png,24225866,949d4d59c173148f9748bbcce369e6e5df56c5eed083225b85fbfd8e57195964
assets/Characters/Quantum/Textures/Clothing/Tops/Hoodie/T_Hoodie_Occlusion.png,1702437,0d3c7a83e34cb2152df851078e6b5090d6153352b97fa0e3c8c558474b9fc357
assets/Characters/Quantum/Textures/Clothing/Tops/Hoodie/T_Hoodie_Roughness.png,5333002,5e16f763d7dc558e660196cf593252372e90d3957f495ffd6ada6a754fc3c158
assets/Characters/Quantum/Textures/Clothing/Tops/Hoodie/T_Hoodie_Unity_Normal.png,24585161,3dd70aede2a922feba10372597d4f0b9fd4f48ab7cc0ae55c49a20165eb8b8ee
assets/Characters/Quantum/Textures/Clothing/Tops/Hoodie/T_Hoodie_White_BaseColor.png,19412803,c0bc28b3b969da9cf01e1f14e6ef48691b3c7ee33193a81134bcbf2c94970c50
assets/Characters/Quantum/Textures/Clothing/Tops/Hoodie/T_Hoodie_Yellow_BaseColor.png,20142504,65525eacb468a4db3e8e701943e841a9aac54c255e0b029b8470f8434eafbdf5
assets/Characters/Quantum/Textures/Clothing/Tops/Hoodie/T_Hoodie_Yellow_Print_BaseColor.png,20228149,3d6b20e4fb13869aa01a319f6d59aa4642bcf660c3f38c01fb1d3b746df4a282
assets/Characters/Quantum/Textures/Clothing/Tops/Hoodie/T_Hoodie_Yellow_Print_Occlusion.png,1702437,0d3c7a83e34cb2152df851078e6b5090d6153352b97fa0e3c8c558474b9fc357
assets/Characters/Quantum/Textures/Clothing/Tops/Hoodie/T_Hoodie_Yellow_Print_Roughness.png,5405818,f42a52e4bff76933da5d377ab2efb8e37ec55d7a5721df0e0012f42bb4d14847
assets/Characters/Quantum/Textures/Clothing/Tops/Hoodie/T_Hoodie_Yellow_Print_Unity_Normal.png,24107950,dfea23db8a8b34db5d4a1feaf119460eb07c4dd01bfb48c77a2bca213f62d182
assets/Characters/Quantum/Textures/Clothing/Tops/Hoodie_Hood/T_Hoodie_Hood_Beige_BaseColor.png,19494966,e26f76708157abcb352fe8e532730444282c38c658bca13e71b4742a45257fee
assets/Characters/Quantum/Textures/Clothing/Tops/Hoodie_Hood/T_Hoodie_Hood_Black_BaseColor.png,18629385,09cd8a66caa3c26fbf420245ded3d8c06b63e31c8f3851d095ae97fad1c7473e
assets/Characters/Quantum/Textures/Clothing/Tops/Hoodie_Hood/T_Hoodie_Hood_Blue_BaseColor.png,20701264,969cae7103aa8e2bc33de58f48e3a196a2a98bf37da2c61f76621e7868b284f0
assets/Characters/Quantum/Textures/Clothing/Tops/Hoodie_Hood/T_Hoodie_Hood_Burgundy_BaseColor.png,20862792,d238353a15b2eb56ad8fb3d9b8ad1fc786d924ca828fe00714e828fe69bf36a6
assets/Characters/Quantum/Textures/Clothing/Tops/Hoodie_Hood/T_Hoodie_Hood_Burgundy_Print_BaseColor.png,20915196,8fb888c3d21342b10300300f7d704a4d78880294a1501a0e929e9fe56bd87fdb
assets/Characters/Quantum/Textures/Clothing/Tops/Hoodie_Hood/T_Hoodie_Hood_Burgundy_Print_Occlusion.png,1951792,587d399d1b39323e28fd807377c3d47170a6ad15b39eea375860070d8e6788cb
assets/Characters/Quantum/Textures/Clothing/Tops/Hoodie_Hood/T_Hoodie_Hood_Burgundy_Print_Roughness.png,5208257,65d7859c0a787358f27c95dcee8409d114f7402cea4762a0bece80a4507c7847
assets/Characters/Quantum/Textures/Clothing/Tops/Hoodie_Hood/T_Hoodie_Hood_Burgundy_Print_Unity_Normal.png,25107804,b56d54bf2d4c9d457e4b1f7f72e5dffc9151c23303a7a315fd3e25573b96c4a2
assets/Characters/Quantum/Textures/Clothing/Tops/Hoodie_Hood/T_Hoodie_Hood_Gray_BaseColor.png,22879309,06c3835f5c3244309e19f90f2cc1dc48561f7de9b6285e891ffb1d83fa758b72
assets/Characters/Quantum/Textures/Clothing/Tops/Hoodie_Hood/T_Hoodie_Hood_Green_BaseColor.png,22818583,67b62e118c6ce541daeabf0d8e8746fce891b7bdb396c4b94e228c8de2cf9e7b
assets/Characters/Quantum/Textures/Clothing/Tops/Hoodie_Hood/T_Hoodie_Hood_Green_Print_BaseColor.png,22846017,26249b90f575f5599ae842e7418f19a89c7b04a4642d7dcfc2aaacaf090856c4
assets/Characters/Quantum/Textures/Clothing/Tops/Hoodie_Hood/T_Hoodie_Hood_Green_Print_Occlusion.png,1951792,587d399d1b39323e28fd807377c3d47170a6ad15b39eea375860070d8e6788cb
assets/Characters/Quantum/Textures/Clothing/Tops/Hoodie_Hood/T_Hoodie_Hood_Green_Print_Roughness.png,5212398,2fe08bd927e47c1cba1a1fcd5bdfed4d0f1f413c6c66575aa67f3f468e27a3d0
assets/Characters/Quantum/Textures/Clothing/Tops/Hoodie_Hood/T_Hoodie_Hood_Green_Print_Unity_Normal.png,25079910,19327fa6a9d601c914a3d27ecf764262397279157ad6a98c4bfa0dac8e45b0e1
assets/Characters/Quantum/Textures/Clothing/Tops/Hoodie_Hood/T_Hoodie_Hood_Occlusion.png,1951792,587d399d1b39323e28fd807377c3d47170a6ad15b39eea375860070d8e6788cb
assets/Characters/Quantum/Textures/Clothing/Tops/Hoodie_Hood/T_Hoodie_Hood_Roughness.png,5445574,751bd6e60a9f769f3bcb7c46daa08b96ac060e0354c8fb29b056d30da81a0cfd
assets/Characters/Quantum/Textures/Clothing/Tops/Hoodie_Hood/T_Hoodie_Hood_Unity_Normal.png,25390157,f17a49d5bfb1e5aa452c8578ac5a2bac1f1de6053a4251d26570aa382bd3a46c
assets/Characters/Quantum/Textures/Clothing/Tops/Hoodie_Hood/T_Hoodie_Hood_White_BaseColor.png,19558780,e85d8dd12a06df72de66e4c47e6ee49dad344a477283898286d4cc4000a090e6
assets/Characters/Quantum/Textures/Clothing/Tops/Hoodie_Hood/T_Hoodie_Hood_Yellow_BaseColor.png,20261563,2747077a066c09a67687996d59ca38824dc5269d5e5aa0490df4d53aaff88372
assets/Characters/Quantum/Textures/Clothing/Tops/Hoodie_Hood/T_Hoodie_Hood_Yellow_Print_BaseColor.png,20306390,6acb418969707b9c9894e88222e7fb810c40cf8250436e46f9159ecddda1441e
assets/Characters/Quantum/Textures/Clothing/Tops/Hoodie_Hood/T_Hoodie_Hood_Yellow_Print_Occlusion.png,1951792,587d399d1b39323e28fd807377c3d47170a6ad15b39eea375860070d8e6788cb
assets/Characters/Quantum/Textures/Clothing/Tops/Hoodie_Hood/T_Hoodie_Hood_Yellow_Print_Roughness.png,5509585,49e8aa083ba28a62e9162dc1b447249a56b90d9dd4058ed4b583820096f86794
assets/Characters/Quantum/Textures/Clothing/Tops/Hoodie_Hood/T_Hoodie_Hood_Yellow_Print_Unity_Normal.png,24932412,a9295c1f04e87a19c6d0b9d36209b5a98d76312acfb5156dfc5b8b8f082f45de
assets/Characters/Quantum/Textures/Clothing/Tops/Hoodie_Hood_Up/T_Hoodie_Hood_Up_Beige_BaseColor.png,20173748,042841344fc0467a0c94baf8e357fd2a44f3d6c8c26f125293953c0494e47839
assets/Characters/Quantum/Textures/Clothing/Tops/Hoodie_Hood_Up/T_Hoodie_Hood_Up_Black_BaseColor.png,19296697,8418ed69f89ae2c0f0cb18482318be49ce7ac0bfcbbbce7021b8ddb61554451b
assets/Characters/Quantum/Textures/Clothing/Tops/Hoodie_Hood_Up/T_Hoodie_Hood_Up_Blue_BaseColor.png,21415151,73f0c02c03e3d1249d1d548ba53400f37eecd8435a4ebefcbd4b3a3d69c52098
assets/Characters/Quantum/Textures/Clothing/Tops/Hoodie_Hood_Up/T_Hoodie_Hood_Up_Burgundy_BaseColor.png,21538444,bd47e425f2298f621d8bcca4083527b72e034698043c88ff205884ffee4b685b
assets/Characters/Quantum/Textures/Clothing/Tops/Hoodie_Hood_Up/T_Hoodie_Hood_Up_Burgundy_Print_BaseColor.png,21611990,5cad1e9cadc23ede17b4e0469d5183952cc7c105caaaf85f5edd2ad7a105ed6f
assets/Characters/Quantum/Textures/Clothing/Tops/Hoodie_Hood_Up/T_Hoodie_Hood_Up_Burgundy_Print_Occlusion.png,1897627,42fc112a538b1c8a3d90631d097fbbc78d2b92e0bf1dcf9468dabe45d2d2ddd2
assets/Characters/Quantum/Textures/Clothing/Tops/Hoodie_Hood_Up/T_Hoodie_Hood_Up_Burgundy_Print_Roughness.png,5332659,b12ff0ce457d1887868dea25644ed262209538c6e69394f2fd1e5e08c9caf38a
assets/Characters/Quantum/Textures/Clothing/Tops/Hoodie_Hood_Up/T_Hoodie_Hood_Up_Burgundy_Print_Unity_Normal.png,25713087,aefd38b95fe9875a7e438af01aa5a0d8b3887785fd04dddc0ee64b8e1f655214
assets/Characters/Quantum/Textures/Clothing/Tops/Hoodie_Hood_Up/T_Hoodie_Hood_Up_Gray_BaseColor.png,23718102,d75c00a50d6583ea98302003c77f41dc39d4d2960dc62726cef81583a5dc638f
assets/Characters/Quantum/Textures/Clothing/Tops/Hoodie_Hood_Up/T_Hoodie_Hood_Up_Green_BaseColor.png,23660146,701f4e5734c5d8896e1c04de6fa0096edc32fc2231c46037ca49c5f4c781b0f5
assets/Characters/Quantum/Textures/Clothing/Tops/Hoodie_Hood_Up/T_Hoodie_Hood_Up_Green_Print_BaseColor.png,23688920,0a5b4b74bada5dcf5b4cc12e56387b042d5cc3726745fd97c0ed7d35079f3753
assets/Characters/Quantum/Textures/Clothing/Tops/Hoodie_Hood_Up/T_Hoodie_Hood_Up_Green_Print_Occlusion.png,1897627,42fc112a538b1c8a3d90631d097fbbc78d2b92e0bf1dcf9468dabe45d2d2ddd2
assets/Characters/Quantum/Textures/Clothing/Tops/Hoodie_Hood_Up/T_Hoodie_Hood_Up_Green_Print_Roughness.png,5327906,7749843497914155378b637e904796196a594b677bfba2af6dac0128e5d86877
assets/Characters/Quantum/Textures/Clothing/Tops/Hoodie_Hood_Up/T_Hoodie_Hood_Up_Green_Print_Unity_Normal.png,25665171,77a2c1a5d6c92c283dcedc596f30d23c718c0d601f5e2b3b4ab88728c04d624e
assets/Characters/Quantum/Textures/Clothing/Tops/Hoodie_Hood_Up/T_Hoodie_Hood_Up_Occlusion.png,1897627,42fc112a538b1c8a3d90631d097fbbc78d2b92e0bf1dcf9468dabe45d2d2ddd2
assets/Characters/Quantum/Textures/Clothing/Tops/Hoodie_Hood_Up/T_Hoodie_Hood_Up_Roughness.png,5568029,ec3252ac748ecc5a5e18283e787a5533a85060c33f3b05ab2750c079b5e22fc6
assets/Characters/Quantum/Textures/Clothing/Tops/Hoodie_Hood_Up/T_Hoodie_Hood_Up_Unity_Normal.png,25942472,6cfbe4770c01de18ad882e2851a263a936fd2306998ed94e1dc39a51937383ee
assets/Characters/Quantum/Textures/Clothing/Tops/Hoodie_Hood_Up/T_Hoodie_Hood_Up_White_BaseColor.png,20194554,b26f94a2458236148ecd96e73bde39935f85bf26530ed2b77813662252294163
assets/Characters/Quantum/Textures/Clothing/Tops/Hoodie_Hood_Up/T_Hoodie_Hood_Up_Yellow_BaseColor.png,20965346,18d85b840c4a3e12bafbce438876f6edd6f48fdb25793755eea4ec463c72d6cb
assets/Characters/Quantum/Textures/Clothing/Tops/Hoodie_Hood_Up/T_Hoodie_Hood_Up_Yellow_Print_BaseColor.png,21027375,af3e18a251b0316793fa7552ea3ad348be1a9c798815984ef191213f5bb7b09e
assets/Characters/Quantum/Textures/Clothing/Tops/Hoodie_Hood_Up/T_Hoodie_Hood_Up_Yellow_Print_Occlusion.png,1897627,42fc112a538b1c8a3d90631d097fbbc78d2b92e0bf1dcf9468dabe45d2d2ddd2
assets/Characters/Quantum/Textures/Clothing/Tops/Hoodie_Hood_Up/T_Hoodie_Hood_Up_Yellow_Print_Roughness.png,5643251,974f12e329b120bbfc3d9dc0709b3c11e7ff7f361d3fba6463bb4768211dd1e0
assets/Characters/Quantum/Textures/Clothing/Tops/Hoodie_Hood_Up/T_Hoodie_Hood_Up_Yellow_Print_Unity_Normal.png,25570518,5613f94838a4cbafd69f7ef0fa24ec0c9ad57cf632726b133e4ae11e2af0b534
assets/Characters/Quantum/Textures/Clothing/Tops/Hoodie_Zipper/T_Hoodie_Zipper_Beige_BaseColor.png,22204981,0e50a1d1a09fc26a76b1bc0558f3c337f8624b1d9c85f0017d65ae8adbf975bb
assets/Characters/Quantum/Textures/Clothing/Tops/Hoodie_Zipper/T_Hoodie_Zipper_Black_BaseColor.png,21612024,bd5807dbff28b51d2ad9bc6925712f0cd19b599b6bc0c69a05adbd6f35c27ed3
assets/Characters/Quantum/Textures/Clothing/Tops/Hoodie_Zipper/T_Hoodie_Zipper_Blue_BaseColor.png,22301808,0548a94ef47ea10de8ae55e9c255e6109ec8c0904398731543681d256067b799
assets/Characters/Quantum/Textures/Clothing/Tops/Hoodie_Zipper/T_Hoodie_Zipper_Burgundy_BaseColor.png,23877296,009024118bf660894c7052f05994375354097c60bfa70cc9f0a778e879c2144a
assets/Characters/Quantum/Textures/Clothing/Tops/Hoodie_Zipper/T_Hoodie_Zipper_Gray_BaseColor.png,25974477,e7b54766bee7aa163e47160360395e41cc8ca1df0035ffdeb46deb6734f42603
assets/Characters/Quantum/Textures/Clothing/Tops/Hoodie_Zipper/T_Hoodie_Zipper_Green_BaseColor.png,25864143,c25e8e70199637deeee94d1d6041ba2b2448f94872325e48962800755c054872
assets/Characters/Quantum/Textures/Clothing/Tops/Hoodie_Zipper/T_Hoodie_Zipper_Occlusion.png,1984254,704dc9d1a1a3b735e0296cd5e39384ebfa3e1c6731c898e4820f78d6a037f0bf
assets/Characters/Quantum/Textures/Clothing/Tops/Hoodie_Zipper/T_Hoodie_Zipper_Roughness.png,5351885,f433d145478e27f2e02809391909892e4c38ac63f42617d0bdb33ad953990b39
assets/Characters/Quantum/Textures/Clothing/Tops/Hoodie_Zipper/T_Hoodie_Zipper_Unity_Normal.png,26116323,596d62c344f7e03cdcd805bc30399c36f3514844215d63bd454cf42dbaf002f4
assets/Characters/Quantum/Textures/Clothing/Tops/Hoodie_Zipper/T_Hoodie_Zipper_White_BaseColor.png,22495025,ef2680dc3dc3dc0c77686ea27428700d5dd639e849450f889b840f45cf658a1f
assets/Characters/Quantum/Textures/Clothing/Tops/Hoodie_Zipper/T_Hoodie_Zipper_Yellow_BaseColor.png,23266440,b85f26ec0ad70f4f2ebf7e1b723f690a3e7bf0b690f60e0b5a79da20c77bcd50
assets/Characters/Quantum/Textures/Clothing/Tops/Hoodie_Zipper_Hood/T_Hoodie_Zipper_Hood_Beige_BaseColor.png,24191426,f0a2cbb446a20d707b2815c574fb3dbd2e4a25dd7e3b751d6f38f5938a136c76
assets/Characters/Quantum/Textures/Clothing/Tops/Hoodie_Zipper_Hood/T_Hoodie_Zipper_Hood_Black_BaseColor.png,23528942,be616c79939f057f36255ac1d46b195af16ffc438ab55ed1f7e86601002b5905
assets/Characters/Quantum/Textures/Clothing/Tops/Hoodie_Zipper_Hood/T_Hoodie_Zipper_Hood_Blue_BaseColor.png,24290003,669b3931103c42baeff66099fc8f93241e011c808146a2c057cc31f4fba9c590
assets/Characters/Quantum/Textures/Clothing/Tops/Hoodie_Zipper_Hood/T_Hoodie_Zipper_Hood_Burgundy_BaseColor.png,26029414,769bb0a9939f1aca3304872f4836e7f85e652579357aed2254ed7a5be5522f16
assets/Characters/Quantum/Textures/Clothing/Tops/Hoodie_Zipper_Hood/T_Hoodie_Zipper_Hood_Gray_BaseColor.png,28408563,27fbe8f2763271c450326c834b1063dd4c1ee106526850832c353f33405f4e8e
assets/Characters/Quantum/Textures/Clothing/Tops/Hoodie_Zipper_Hood/T_Hoodie_Zipper_Hood_Green_BaseColor.png,28271974,627b391d43c900b931cce17941048e38fa3a1a3917a74dc639126540e5c18e93
assets/Characters/Quantum/Textures/Clothing/Tops/Hoodie_Zipper_Hood/T_Hoodie_Zipper_Hood_Occlusion.png,2007934,b85ddef74a6039fa2a9b85c6702c31e8c9b4eb3f5737722fb8378c44cdeeb9b2
assets/Characters/Quantum/Textures/Clothing/Tops/Hoodie_Zipper_Hood/T_Hoodie_Zipper_Hood_Roughness.png,5767442,db8c685e5252b451f543fafa11354d7eb1d30a9aceae758e8cdc2a470e351ea2
assets/Characters/Quantum/Textures/Clothing/Tops/Hoodie_Zipper_Hood/T_Hoodie_Zipper_Hood_Unity_Normal.png,27879809,3b769423dbfbaa414261952e50da1fdba6f2c21cca473c9527d4612dbed30ff5
assets/Characters/Quantum/Textures/Clothing/Tops/Hoodie_Zipper_Hood/T_Hoodie_Zipper_Hood_White_BaseColor.png,24512009,0810d9a04d25e968aadae33dcb93cd545656a1104da29d6aa5339b7cb3af8a27
assets/Characters/Quantum/Textures/Clothing/Tops/Hoodie_Zipper_Hood/T_Hoodie_Zipper_Hood_Yellow_BaseColor.png,25341271,ff8653925917ab9a38009f63975e8fadfe4e59d3487a9eba3a021f2e3f6ee060
assets/Characters/Quantum/Textures/Clothing/Tops/M_Jersey/T_Jersey_Beige_BaseColor.png,21290436,7db2cb6be89d8aae1ce32bf1600058fb4576843e7d5764eebed9675bdf57491b
assets/Characters/Quantum/Textures/Clothing/Tops/M_Jersey/T_Jersey_Black_BaseColor.png,15570555,30f6fb6c3e90302eb2070d57a3b4b899b3dc9e417e8a731b1b7d42594767751a
assets/Characters/Quantum/Textures/Clothing/Tops/M_Jersey/T_Jersey_Blue_BaseColor.png,24586475,6781710950a3c9139c8046bd974f21357b4cd3f60e0795efc9dac88ccbc2e5f7
assets/Characters/Quantum/Textures/Clothing/Tops/M_Jersey/T_Jersey_Burgundy_BaseColor.png,21185469,f7e8e9b13f3f1027c99d9b2babd1d794c1b864d6a074cdff30c3f58a6b185ce0
assets/Characters/Quantum/Textures/Clothing/Tops/M_Jersey/T_Jersey_Camel_BaseColor.png,20778029,33cbb5fc5a9244d8ca585cc80cdb09fe63a3027bd34f5d2ae9fc744bff136031
assets/Characters/Quantum/Textures/Clothing/Tops/M_Jersey/T_Jersey_Occlusion.png,1901470,f9e55d53771f81d65dae8d93b3cdcf127479f15410fab7bd2e42f63e132095b4
assets/Characters/Quantum/Textures/Clothing/Tops/M_Jersey/T_Jersey_Olive_BaseColor.png,23132690,06b54451ab9b4c4199648e81fde4a52699687bc717c3ff45edc9edadbc6ac862
assets/Characters/Quantum/Textures/Clothing/Tops/M_Jersey/T_Jersey_Red_BaseColor.png,18985433,78c5fc17199b0fce44a888ffd3ddd013385c28f151b54b044cc40915f5a2488f
assets/Characters/Quantum/Textures/Clothing/Tops/M_Jersey/T_Jersey_Roughness.png,3914938,4ebc8e63ba8f61d5b03d5a46167c3358b0f4a0037412e1cffce421b8f75df9a8
assets/Characters/Quantum/Textures/Clothing/Tops/M_Jersey/T_Jersey_Unity_Normal.png,34085263,abcff6609736d4a575c98294053857fdfcc6a3e603ddd173b00f77f020583bd7
assets/Characters/Quantum/Textures/Clothing/Tops/M_Jersey/T_Jersey_White_BaseColor.png,19225646,f67ebc0782597b3eb0de3da4277a53b40616478a32d4764e085eea8345de7448
assets/Characters/Quantum/Textures/Clothing/Tops/Shirt_Classic/T_Shirt_Classic_Black_BaseColor.png,12368952,78da15d670edb5bf8a470e13588c90e629bf3d05a43d2b6ef273ad7823d2def2
assets/Characters/Quantum/Textures/Clothing/Tops/Shirt_Classic/T_Shirt_Classic_Blue_BaseColor.png,18876220,bf551f722b266aa4b0ec64c510a7a2b23091e9bffe218b6b5fcf5184e07109b5
assets/Characters/Quantum/Textures/Clothing/Tops/Shirt_Classic/T_Shirt_Classic_Occlusion.png,2133636,ae47ca63f0844c145eda2cab2dbb2cc04f3ba7d98f864061cc24c7a6fd9157fc
assets/Characters/Quantum/Textures/Clothing/Tops/Shirt_Classic/T_Shirt_Classic_Roughness.png,2691531,6093e0e8724ded50b038f0d3a9690345f8de5a84b5dbf56c2162b50752ce346b
assets/Characters/Quantum/Textures/Clothing/Tops/Shirt_Classic/T_Shirt_Classic_Unity_Normal.png,24679133,bfdbe66bd7343ccfef3fd683ef12eb86c7500341e33c88bce178d8b839d6adb1
assets/Characters/Quantum/Textures/Clothing/Tops/Shirt_Classic/T_Shirt_Classic_White_BaseColor.png,17850516,71a90543ba4cdc414a9cc216e66b4b8ee8b0d700ddbc0019bdf97171888430fb
assets/Characters/Quantum/Textures/Clothing/Tops/Shirt_Hawaiian/Shirt_Open_Blue_Green/T_Shirt_Open_Blue_BaseColor.png,22019294,0acf8f6165f61e3ca0eb019e45c9dd9b07192ecfc9a962c274dd76f3f10b8118
assets/Characters/Quantum/Textures/Clothing/Tops/Shirt_Hawaiian/Shirt_Open_Blue_Green/T_Shirt_Open_Green_BaseColor.png,21077207,e5cb39b62a11b1411f33db9281d1283fcb3557052553b6fb6ae84769ab2cf32c
assets/Characters/Quantum/Textures/Clothing/Tops/Shirt_Hawaiian/Shirt_Open_Blue_Green/T_Shirt_Open_Occlusion.png,1901317,90795de90a0db01db0361a886bbe3c0f77acd87c0656a6ece7430a46e0d68cbe
assets/Characters/Quantum/Textures/Clothing/Tops/Shirt_Hawaiian/Shirt_Open_Blue_Green/T_Shirt_Open_Roughness.png,4537153,28023803fed55df347b5f0049fc982c4e8dad3e531ab466c938f8b0b897f52c5
assets/Characters/Quantum/Textures/Clothing/Tops/Shirt_Hawaiian/Shirt_Open_Blue_Green/T_Shirt_Open_Unity_Normal.png,34561255,0e35fc75fbf901fa5fa44544cfb9a0b945e6037b158a7c161447b9cdf1f0ef2c
assets/Characters/Quantum/Textures/Clothing/Tops/Shirt_Hawaiian/Shirt_Open_RedPlaid/T_Shirt_Open_RedPlaid_BaseColor.png,13478175,9ed9b1d5f356909bbb3d73b97e4fc8ec039dd5b41bcd1fc1502b2bbc386ce2e3
assets/Characters/Quantum/Textures/Clothing/Tops/Shirt_Hawaiian/Shirt_Open_RedPlaid/T_Shirt_Open_RedPlaid_Occlusion.png,1901317,90795de90a0db01db0361a886bbe3c0f77acd87c0656a6ece7430a46e0d68cbe
assets/Characters/Quantum/Textures/Clothing/Tops/Shirt_Hawaiian/Shirt_Open_RedPlaid/T_Shirt_Open_RedPlaid_Roughness.png,6670836,532ca09b76cf1cda822b4a520106b0fe32f6d80e1a4c568f6f77e98cf2a9393b
assets/Characters/Quantum/Textures/Clothing/Tops/Shirt_Hawaiian/Shirt_Open_RedPlaid/T_Shirt_Open_RedPlaid_Unity_Normal.png,29671287,ed12eb021456f534e45291d5096283b03ac53e8edd6615b9d6f90d9ac8ebd84d
assets/Characters/Quantum/Textures/Clothing/Tops/Shirt_Hawaiian/T_Hawaii_Shirt_Occlusion.png,1901317,90795de90a0db01db0361a886bbe3c0f77acd87c0656a6ece7430a46e0d68cbe
assets/Characters/Quantum/Textures/Clothing/Tops/Shirt_Hawaiian/T_Hawaii_Shirt_Orange_Print_BaseColor.png,24518317,a292396a55d69f7081672569751d6443d8869316fca23e8099fb2882517d3b6c
assets/Characters/Quantum/Textures/Clothing/Tops/Shirt_Hawaiian/T_Hawaii_Shirt_Red_BaseColor.png,24588430,878c352746304f4b5d8e04c88b9d92b35f4825686020b1e62c3002d59a39fe17
assets/Characters/Quantum/Textures/Clothing/Tops/Shirt_Hawaiian/T_Hawaii_Shirt_Red_White_Line_BaseColor.png,22765562,1c4337eab79e6fe54b2c198c592d4d3e865bb3899a7d2e9184967f05b043b21e
assets/Characters/Quantum/Textures/Clothing/Tops/Shirt_Hawaiian/T_Hawaii_Shirt_Roughness.png,7232995,981e61d6163034009278f7b72f86b61abe0e1f2c7d4f91ace374a5be76b7c5fd
assets/Characters/Quantum/Textures/Clothing/Tops/Shirt_Hawaiian/T_Hawaii_Shirt_Unity_Normal.png,30185640,c5ac07fdff9c015013d36afb451595d87cf974d74deaa43a81955b3a56531aa9
assets/Characters/Quantum/Textures/Clothing/Tops/Shirt_RolledUp/T_Shirt_RolledUp_BaseColor.png,22587002,79d601052a3ad3f15717fe2b67401fd05c51beea4818bc27707fdff29a0ca5c2
assets/Characters/Quantum/Textures/Clothing/Tops/Shirt_RolledUp/T_Shirt_RolledUp_Beige_BaseColor.png,15690205,3c618c44c713b0b9d9cc483e83f55aa1e6938924cf4307175cc4d054b4d29c51
assets/Characters/Quantum/Textures/Clothing/Tops/Shirt_RolledUp/T_Shirt_RolledUp_Beige_Occlusion.png,1827813,57074f635145db8789ec8a4190502c620003b0f00d435752a6845d0ef0613213
assets/Characters/Quantum/Textures/Clothing/Tops/Shirt_RolledUp/T_Shirt_RolledUp_Beige_Roughness.png,3893846,7f9c7b25a5989d9a71b48e68b1eadcaff9bf9acf099103dced485468278f1b7c
assets/Characters/Quantum/Textures/Clothing/Tops/Shirt_RolledUp/T_Shirt_RolledUp_Beige_Unity_Normal.png,32077021,a96f7198598d5381424e48be001b49159cc84f978781c634dd3c49a1bbd56d44
assets/Characters/Quantum/Textures/Clothing/Tops/Shirt_RolledUp/T_Shirt_RolledUp_Blue_BaseColor.png,21915162,bb64145dc097f375aec7a900c25ab7d907c30e495d27eacc7bb776cd391a1567
assets/Characters/Quantum/Textures/Clothing/Tops/Shirt_RolledUp/T_Shirt_RolledUp_Gray_BaseColor.png,15735805,a5eab3e15e475d878c36a9413805f050bed451054a4c7292cb1450a52e757095
assets/Characters/Quantum/Textures/Clothing/Tops/Shirt_RolledUp/T_Shirt_RolledUp_Gray_Occlusion.png,1827813,57074f635145db8789ec8a4190502c620003b0f00d435752a6845d0ef0613213
assets/Characters/Quantum/Textures/Clothing/Tops/Shirt_RolledUp/T_Shirt_RolledUp_Gray_Roughness.png,6036693,75761f7a15b5e086020c7afde6655f45ab423f088f8bc665775b69e59e123417
assets/Characters/Quantum/Textures/Clothing/Tops/Shirt_RolledUp/T_Shirt_RolledUp_Gray_Unity_Normal.png,25567644,0fcf10c067d92f21309bb7432a4aabf1f24fe6c6e5dc317c7966d03d86ad721f
assets/Characters/Quantum/Textures/Clothing/Tops/Shirt_RolledUp/T_Shirt_RolledUp_Occlusion.png,1827813,57074f635145db8789ec8a4190502c620003b0f00d435752a6845d0ef0613213
assets/Characters/Quantum/Textures/Clothing/Tops/Shirt_RolledUp/T_Shirt_RolledUp_Red_BaseColor.png,18866060,862086bd78529cb1513e4d4eb105a38e18c36dbfba9fddcb76a608034b3f3ba1
assets/Characters/Quantum/Textures/Clothing/Tops/Shirt_RolledUp/T_Shirt_RolledUp_Roughness.png,6450345,887808cf2c6121c178cf1ba1c286a5e0331e8e89608fba5608bcf50022dd6b32
assets/Characters/Quantum/Textures/Clothing/Tops/Shirt_RolledUp/T_Shirt_RolledUp_Unity_Normal.png,27163319,cf810adfc0c21410229c6c3b02ae0a1503910033efc8380eebc2988ae78093a5
assets/Characters/Quantum/Textures/Clothing/Tops/Shirt_RolledUp/T_Shirt_RolledUp_White_BaseColor.png,14668671,74f0aadc935099eb61354a03ef5731a840d9678701bc58ff0d39aa544404ba3e
assets/Characters/Quantum/Textures/Clothing/Tops/Shirt_RolledUp/T_Shirt_RolledUp_White_Green_BaseColor.png,18706196,f1f8104b3a960cf0b3105c6ed0aac5cc776cd01723909f57dd9af41c1b7917ce
assets/Characters/Quantum/Textures/Clothing/Tops/Shirt_RolledUp/T_Shirt_RolledUp_White_Occlusion.png,1827813,57074f635145db8789ec8a4190502c620003b0f00d435752a6845d0ef0613213
assets/Characters/Quantum/Textures/Clothing/Tops/Shirt_RolledUp/T_Shirt_RolledUp_White_Roughness.png,5502609,2709eb7f91c0229d6c6a7202285c482ecab3fea849cdc5aad9920e7f9672a55e
assets/Characters/Quantum/Textures/Clothing/Tops/Shirt_RolledUp/T_Shirt_RolledUp_White_Unity_Normal.png,33117741,fe8dcb7075c6957607738dc51e379fa58955a85e28b8602d5b895639bf7b9f5a
assets/Characters/Quantum/Textures/Clothing/Tops/Sweater/T_Sweater_Beige_BaseColor.png,23387252,881325b8c4bdbef38e1d99b64d49eadf569efd00d6b99fa1a3b05af07a32b23d
assets/Characters/Quantum/Textures/Clothing/Tops/Sweater/T_Sweater_Beige_Occlusion.png,1702437,0d3c7a83e34cb2152df851078e6b5090d6153352b97fa0e3c8c558474b9fc357
assets/Characters/Quantum/Textures/Clothing/Tops/Sweater/T_Sweater_Beige_Roughness.png,6373515,6806eb474cd7d4935977fe050c1da077f0091075b2c950e9bcb4b28237f7ae8a
assets/Characters/Quantum/Textures/Clothing/Tops/Sweater/T_Sweater_Beige_Unity_Normal.png,29789442,3edfa77b4ffa5be29b1555ce3fc9b38b8c90166197e1c85c0aabe36b4577f13e
assets/Characters/Quantum/Textures/Clothing/Tops/Sweater/T_Sweater_Gray_BaseColor.png,21914845,179167a1c6262acb668c95f49c4e4b392536c020ac01c67fe194f9710b329a40
assets/Characters/Quantum/Textures/Clothing/Tops/Sweater/T_Sweater_Gray_Occlusion.png,1702437,0d3c7a83e34cb2152df851078e6b5090d6153352b97fa0e3c8c558474b9fc357
assets/Characters/Quantum/Textures/Clothing/Tops/Sweater/T_Sweater_Gray_Roughness.png,6175592,440f9693176717f8b218d82e9a2685dffe29eee14fe601ee0eef6012953a519e
assets/Characters/Quantum/Textures/Clothing/Tops/Sweater/T_Sweater_Gray_Unity_Normal.png,28979650,0e0fef1d5e5d7258e78291ae69b0df0c51a77a5d39cfb370d187bce7ea06260a
assets/Characters/Quantum/Textures/Clothing/Tops/Sweater/T_Sweater_White_BaseColor.png,21609934,eff946db4d95edc383ac4fa899ce676f63ed7ab89234541a7e167fe8ff792186
assets/Characters/Quantum/Textures/Clothing/Tops/Sweater/T_Sweater_White_Occlusion.png,1702437,0d3c7a83e34cb2152df851078e6b5090d6153352b97fa0e3c8c558474b9fc357
assets/Characters/Quantum/Textures/Clothing/Tops/Sweater/T_Sweater_White_Roughness.png,6469535,fe884bacc43bf7b9db77a822174bb620d68378db4937fbfe52640d9f1dc31803
assets/Characters/Quantum/Textures/Clothing/Tops/Sweater/T_Sweater_White_Unity_Normal.png,29609524,180bd5e4ccf28a09c1a7d86f78a948d988efc037e2e8fd9b69bc8df3c508e871
assets/Characters/Quantum/Textures/Clothing/Tops/TShirt/T_TShirt_Beige_BaseColor.png,22890595,7499f611bf4182b64a21d412ce707ee4cb5bb238a09c3a65dbaf9cd4a77105a2
assets/Characters/Quantum/Textures/Clothing/Tops/TShirt/T_TShirt_Black_BaseColor.png,16206607,8b7a0946b92e01710d9152d60cb21f2de39923bfde2561a84d30fd98e5d529b1
assets/Characters/Quantum/Textures/Clothing/Tops/TShirt/T_TShirt_Black_Print_BaseColor.png,16896978,ce386676f33816577e682e5e66bc419eec9e40ca9cee9c69177374d9b14b7b36
assets/Characters/Quantum/Textures/Clothing/Tops/TShirt/T_TShirt_Black_Print_Occlusion.png,1681494,0b5fb94b0f309324183c621d0d06a6591396d678078816f695431010e4f54cb3
assets/Characters/Quantum/Textures/Clothing/Tops/TShirt/T_TShirt_Black_Print_Roughness.png,4233240,f5da5683f8ae174497166688922e7b743344e3adac53ff7de0639e3825000a41
assets/Characters/Quantum/Textures/Clothing/Tops/TShirt/T_TShirt_Black_Print_Unity_Normal.png,26312393,8edb5d53b6467d921bce7cfa883336482ea4438373ef5071ca060d332a384c8f
assets/Characters/Quantum/Textures/Clothing/Tops/TShirt/T_TShirt_Blue_BaseColor.png,19693178,7b68a94eeda4c66f2513c7ff84369987fef36782a7a67ad5035b58c5e36df69c
assets/Characters/Quantum/Textures/Clothing/Tops/TShirt/T_TShirt_Burgundy_BaseColor.png,19292766,0003714f49c43a9ede40c834de682ba67f36835ef70bd747768e578b35422068
assets/Characters/Quantum/Textures/Clothing/Tops/TShirt/T_TShirt_Burgundy_Print_BaseColor.png,19887365,ecb3f129879cb243bee50bf23dca1568247acd065cd48c15c34282325f019399
assets/Characters/Quantum/Textures/Clothing/Tops/TShirt/T_TShirt_Burgundy_Print_Occlusion.png,1681494,0b5fb94b0f309324183c621d0d06a6591396d678078816f695431010e4f54cb3
assets/Characters/Quantum/Textures/Clothing/Tops/TShirt/T_TShirt_Burgundy_Print_Roughness.png,4257292,18f5bd7b7fc65ec9f841fbc03914e0143103156291673b43114271a8ffc3ee88
assets/Characters/Quantum/Textures/Clothing/Tops/TShirt/T_TShirt_Burgundy_Print_Unity_Normal.png,26281602,55dbdf4b4fdda3117ed10761fe4404fb6bf756e6e40e3462f842297daeaf56e6
assets/Characters/Quantum/Textures/Clothing/Tops/TShirt/T_TShirt_Gray_BaseColor.png,20316452,484f82a9dc2617dee546e5d32f10191f27441d49f5beee79f15530e335a8ebf4
assets/Characters/Quantum/Textures/Clothing/Tops/TShirt/T_TShirt_Green_BaseColor.png,19104795,abcd601b73faf181c7ef12a466c69e073a987e62f56b11635f7971af982a6bc2
assets/Characters/Quantum/Textures/Clothing/Tops/TShirt/T_TShirt_Occlusion.png,1681494,0b5fb94b0f309324183c621d0d06a6591396d678078816f695431010e4f54cb3
assets/Characters/Quantum/Textures/Clothing/Tops/TShirt/T_TShirt_Orange_BaseColor.png,20824044,d68c030cecf5cfcba5c4184d86b683b5469bb37d816df7f2bc98f002d63cfb8c
assets/Characters/Quantum/Textures/Clothing/Tops/TShirt/T_TShirt_Roughness.png,4213386,ef3127b1cd5830d3611c6e3f72c892f80f573e2032131da7aa5a7a933dc372cf
assets/Characters/Quantum/Textures/Clothing/Tops/TShirt/T_TShirt_Unity_Normal.png,26104738,8ab8e0d03b3323f8c1781ecd858c867099a3842fa55e4eb7e6c4ee09e0446d1c
assets/Characters/Quantum/Textures/Clothing/Tops/TShirt/T_TShirt_White_BaseColor.png,20445610,d13ee107e01e8850d89fdd54c5f9b4866edea2cc9ac816e0d03387016b0cc0b9
assets/Characters/Quantum/Textures/Clothing/Tops/TShirt/T_TShirt_White_Print_BaseColor.png,20619598,8fa7c3ee28fcceb0cb1a4eff18e0b2a94e27b492c35846d03e994147af0f1d06
assets/Characters/Quantum/Textures/Clothing/Tops/TShirt/T_TShirt_White_Print_Occlusion.png,1681494,0b5fb94b0f309324183c621d0d06a6591396d678078816f695431010e4f54cb3
assets/Characters/Quantum/Textures/Clothing/Tops/TShirt/T_TShirt_White_Print_Roughness.png,4255041,2b4d3bcc933a65dd1b5faee646b3b4b31fd44f3f40db8c3efef8f4b5915caae8
assets/Characters/Quantum/Textures/Clothing/Tops/TShirt/T_TShirt_White_Print_Unity_Normal.png,25241911,69d639235d67d44a76e74efb15970fb45450708176211fcc1c1873efb98555d7
assets/Characters/Quantum/Textures/Clothing/Tops/TShirt_Tucked/T_TShirt_Tucked_Beige_BaseColor.png,19122164,299ef5bcc42ad7e9dffce8c59eb8daed76fd3c05e9fb49a81f5a0f2c447d5dfe
assets/Characters/Quantum/Textures/Clothing/Tops/TShirt_Tucked/T_TShirt_Tucked_Black_BaseColor.png,14489709,6b04c987ee80fd62ec9b220111fa449ad2b635fd56c92438e5cf008556be322d
assets/Characters/Quantum/Textures/Clothing/Tops/TShirt_Tucked/T_TShirt_Tucked_Black_Print_BaseColor.png,14980521,ed6869d902670b584e3806b256a3f94477456bfa6f984e6fa2f7ecebbd06fa15
assets/Characters/Quantum/Textures/Clothing/Tops/TShirt_Tucked/T_TShirt_Tucked_Black_Print_Occlusion.png,1376661,0fe9a9c2ff2668b94eeb44bbc7e728777d81d861aadf6a657dd15699c707f14f
assets/Characters/Quantum/Textures/Clothing/Tops/TShirt_Tucked/T_TShirt_Tucked_Black_Print_Roughness.png,3755328,dba4a375a6b3029dc806a46d4bf9198a5a95fd17b20fb4e457b60175462da8d1
assets/Characters/Quantum/Textures/Clothing/Tops/TShirt_Tucked/T_TShirt_Tucked_Black_Print_Unity_Normal.png,22662902,edbd38462d27eebe6eb76486456161f48ab53864622b32debfa9f55c2629a217
assets/Characters/Quantum/Textures/Clothing/Tops/TShirt_Tucked/T_TShirt_Tucked_Blue_BaseColor.png,17027825,de89f96331b4d4381e5ddca38f669b53b3e6197b6e2dfd3f85ada43592084ff7
assets/Characters/Quantum/Textures/Clothing/Tops/TShirt_Tucked/T_TShirt_Tucked_Burgundy_BaseColor.png,16605128,80c20d84e6045d338c127098e9ae26fda695afdadc6e60636ef8e047de32aa74
assets/Characters/Quantum/Textures/Clothing/Tops/TShirt_Tucked/T_TShirt_Tucked_Gray_BaseColor.png,17116614,e96afb498b083ea767fc1d31e11a77acced10f68a2729f12741c0b66f4d97a9c
assets/Characters/Quantum/Textures/Clothing/Tops/TShirt_Tucked/T_TShirt_Tucked_Green_BaseColor.png,16559831,aa26c1e5654b969e9f08058e677be8a65c1182debc316d600979ccab220f5517
assets/Characters/Quantum/Textures/Clothing/Tops/TShirt_Tucked/T_TShirt_Tucked_Green_Print_BaseColor.png,17002822,3f2589cad9c59639165f3556e6b7730b2b18e6ec4530682e0a4a057a2585ce4a
assets/Characters/Quantum/Textures/Clothing/Tops/TShirt_Tucked/T_TShirt_Tucked_Green_Print_Occlusion.png,1376661,0fe9a9c2ff2668b94eeb44bbc7e728777d81d861aadf6a657dd15699c707f14f
assets/Characters/Quantum/Textures/Clothing/Tops/TShirt_Tucked/T_TShirt_Tucked_Green_Print_Roughness.png,3743135,155bc2bd9b7af81660740655f9a29488cda394947d415b9d9be87497064fa778
assets/Characters/Quantum/Textures/Clothing/Tops/TShirt_Tucked/T_TShirt_Tucked_Green_Print_Unity_Normal.png,22635907,228769df1362c1107fa40574d82f94c8dd00544adffe10b6eb8093fb775bc2cf
assets/Characters/Quantum/Textures/Clothing/Tops/TShirt_Tucked/T_TShirt_Tucked_Occlusion.png,1376661,0fe9a9c2ff2668b94eeb44bbc7e728777d81d861aadf6a657dd15699c707f14f
assets/Characters/Quantum/Textures/Clothing/Tops/TShirt_Tucked/T_TShirt_Tucked_Orange_BaseColor.png,17566706,99bad65142c45742bc007a94e6ab2848184d572d2e64b18ef90e8ace01ad8947
assets/Characters/Quantum/Textures/Clothing/Tops/TShirt_Tucked/T_TShirt_Tucked_Roughness.png,3763486,e06a77fded777dbde5a99ceba64c32d5985192c52bd90c4aa0ddfb8a2649f7b3
assets/Characters/Quantum/Textures/Clothing/Tops/TShirt_Tucked/T_TShirt_Tucked_Unity_Normal.png,22554549,4df0eb5475b2fc4eca6e35f375aa3f059fb6aab99fec8cdd1dc649010c512470
assets/Characters/Quantum/Textures/Clothing/Tops/TShirt_Tucked/T_TShirt_Tucked_White_BaseColor.png,17084114,9c63f7b632d9e0b86b061fca75627df57426a35ca222a53ccfbf1fef6629a00c
assets/Characters/Quantum/Textures/Clothing/Tops/TShirt_Tucked/T_TShirt_Tucked_White_Print_BaseColor.png,17354502,0a84fac485e7e954d1bed28cb5997b8906fcd1b4ea8fb5cff6b99e96ea6d6ca2
assets/Characters/Quantum/Textures/Clothing/Tops/TShirt_Tucked/T_TShirt_Tucked_White_Print_Occlusion.png,1376661,0fe9a9c2ff2668b94eeb44bbc7e728777d81d861aadf6a657dd15699c707f14f
assets/Characters/Quantum/Textures/Clothing/Tops/TShirt_Tucked/T_TShirt_Tucked_White_Print_Roughness.png,3758246,625c5e9ef17f7ca3008dbdbecbfdbb605f4326d538a6f720ac65c44c39116cba
assets/Characters/Quantum/Textures/Clothing/Tops/TShirt_Tucked/T_TShirt_Tucked_White_Print_Unity_Normal.png,21806529,58da882d8397ff388d99e159c984b097a07676b0a7a6848ca0524eec0f55f407
assets/Characters/Quantum/Textures/European/Arms/T_Quantum_Basemesh_Arms_BaseColor.1003.png,13005866,22eee803ad300e3e212b1de1b49208affe9f2c51461f0167d139fd324287b73e
assets/Characters/Quantum/Textures/European/Arms/T_Quantum_Basemesh_Arms_Occlusion.1003.png,1467325,2ceee25851a480fe3f8e5ec732728412802d3a84317375c92954fd2feb376801
assets/Characters/Quantum/Textures/European/Arms/T_Quantum_Basemesh_Arms_Roughness.1003.png,3983860,d28cb8fb6dccbc75584471b0f4cc94d60c3e810ac78f8ea1a149863fbb58f84b
assets/Characters/Quantum/Textures/European/Arms/T_Quantum_Basemesh_Arms_Unity_Normal.1003.png,9118440,3ad449976e76b9d6b9f0605a28477f3b4388ad2eaae566bb7a412fbe8d9f7231
assets/Characters/Quantum/Textures/European/Body/T_Quantum_Basemesh_Body_BaseColor.1002.png,13620973,75a98cfc83cb62b98763bcda117a581303eabbfc5b56f3ac1c241ca14dd984f0
assets/Characters/Quantum/Textures/European/Body/T_Quantum_Basemesh_Body_Occlusion.1002.png,985119,12b59c31f6d0d3c710991bcef4618db59f33a4cf56a2acee579da8dd6daf2694
assets/Characters/Quantum/Textures/European/Body/T_Quantum_Basemesh_Body_Roughness.1002.png,4320882,0ce22579e5a9aea5cc7c962c417d815bcf5266e4e0d72232a3cf5b1f85052577
assets/Characters/Quantum/Textures/European/Body/T_Quantum_Basemesh_Body_Unity_Normal.1002.png,12635335,c400ba5c239e0ef662ee243faddc5b36b0dec427e66aa17ae02e1b4d6d5acb54
assets/Characters/Quantum/Textures/European/Head/T_Quantum_Basemesh_Head_BaseColor.1001.png,26334696,d7b096a3ba23d27dad4867ca0512b3b81799dccf8963347a09e48b86a680adee
assets/Characters/Quantum/Textures/European/Head/T_Quantum_Basemesh_Head_Occlusion.1001.png,1504214,ae7e26a4e222d5a67716d3a270e29565a025532c76bfdee90316b06f160550dd
assets/Characters/Quantum/Textures/European/Head/T_Quantum_Basemesh_Head_Roughness.1001.png,5637440,77d07b0883aae8e1f51a89d0dad1cc69d15c317614274c42f07a8fd8131d6bb7
assets/Characters/Quantum/Textures/European/Head/T_Quantum_Basemesh_Head_Unity_Normal.1001.png,20810583,369d281014a2c5e60a3e4b20bb92280532f6455c4c6554fb1618537e5c58c976
assets/Characters/Quantum/Textures/Eyes/T_Eye_Blue.png,1444218,b727713b361940f395dfe96597cd0b2d950a4045c2ee8827d6f0117380b495cb
assets/Characters/Quantum/Textures/Eyes/T_Eye_Brown.png,1331743,505639eeb69231b01332aa2bc7a83bdb4bd8e812b654d114934e3055ff223a2a
assets/Characters/Quantum/Textures/Eyes/T_Eye_DarkBrown.png,1262035,e5481331e62ab2e22ee57b0d7b44a7da0f0867397949613021c39a246d22e67a
assets/Characters/Quantum/Textures/Eyes/T_Eye_Gray.png,1440953,b62b0bda890ec668b30ee6757d6ff2910ccd01a68438b43f42b07b9850e22614
assets/Characters/Quantum/Textures/Eyes/T_Eye_Green.png,1407713,9aa70d494384750fbe71f0b093ae28104f863df49272330e5e6469a96fbb98a2
assets/Characters/Quantum/Textures/Eyes/T_Eye_Hazel.png,1453022,420e21acbd077b06562e1cf8a56676ac7827d495860fe6b95b3474bb2a650063
assets/Characters/Quantum/Textures/Female/Afro/Arms/T_F_Vivian_Basemesh_Arms_Afro_BaseColor.1003.png,6811935,7d7673504c8d6cbc81b6952fcde36dd71f077d0fb02accd58f7307a8131e8363
assets/Characters/Quantum/Textures/Female/Afro/Arms/T_F_Vivian_Basemesh_Arms_Afro_Occlusion.1003.png,2117456,324d99af599eafff796babe2c0c15b2b1a77340f8e1a2b55c4bb79e090082cac
assets/Characters/Quantum/Textures/Female/Afro/Arms/T_F_Vivian_Basemesh_Arms_Afro_Roughness.1003.png,215354,8dff8b2c3e07a1f4f564156c7ab86cf6bbbe06a67c25d11bff045d2d06aac0e3
assets/Characters/Quantum/Textures/Female/Afro/Arms/T_F_Vivian_Basemesh_Arms_Afro_Unity_Normal.1003.png,14108327,4f90cc2bc0817e78a03c48386f1840707e3d74fc5de634a1aceac2036a424f2b
assets/Characters/Quantum/Textures/Female/Afro/Body/T_F_Vivian_Basemesh_Body_Afro_BaseColor.1002.png,7741322,0dcbdd9d372d1f855258ff605358e53fc7c96bf89263b16ef83db206a6573b91
assets/Characters/Quantum/Textures/Female/Afro/Body/T_F_Vivian_Basemesh_Body_Afro_Occlusion.1002.png,1831778,3b8a9c674922454cdf12cc985c1c099b1e1ed26b57196c52aaf70cfebf1ed89e
assets/Characters/Quantum/Textures/Female/Afro/Body/T_F_Vivian_Basemesh_Body_Afro_Roughness.1002.png,1605708,74df9d64c372662d2c381124413e4db71b1524d622261cd38fffa42998c5c34e
assets/Characters/Quantum/Textures/Female/Afro/Body/T_F_Vivian_Basemesh_Body_Afro_Unity_Normal.1002.png,14760213,ae1847e0eda21ee3174e806ad7c31710262f1afa4f327e8e2ac7ac81ea80b34d
assets/Characters/Quantum/Textures/Female/Afro/Head/T_F_Vivian_Basemesh_Head_Afro_BaseColor.1001.png,11101838,d4230e1067c4c99474f917eee6b963490ccbb67438453eedc312cc14345f4e90
assets/Characters/Quantum/Textures/Female/Afro/Head/T_F_Vivian_Basemesh_Head_Afro_Occlusion.1001.png,2521605,defd743eee395dc7f72818208cbf189322e0ed9c230d02cc36beab0afdf0e7dc
assets/Characters/Quantum/Textures/Female/Afro/Head/T_F_Vivian_Basemesh_Head_Afro_Roughness.1001.png,4362316,0aa9365e8f7a9193d852137423c8810dbb0427671d606299aff030266c188172
assets/Characters/Quantum/Textures/Female/Afro/Head/T_F_Vivian_Basemesh_Head_Afro_Unity_Normal.1001.png,16668481,4d45d675b9ef2a31db18affe93908b696c291ee5cf107ac0346af5c75026052d
assets/Characters/Quantum/Textures/Female/European/Arms/T_F_Vivian_Basemesh_Arms_BaseColor.1003.png,16724514,c789be66b01a460a5d1e170f9f3c95a7c06313a4e30b38f31fbf0d35602c4fa9
assets/Characters/Quantum/Textures/Female/European/Arms/T_F_Vivian_Basemesh_Arms_Occlusion.1003.png,2117456,324d99af599eafff796babe2c0c15b2b1a77340f8e1a2b55c4bb79e090082cac
assets/Characters/Quantum/Textures/Female/European/Arms/T_F_Vivian_Basemesh_Arms_Roughness.1003.png,3203477,12a0c1a0e07667abd57d32ec4fbb61c829b2ae4cb9f5ec1606f9123fd80c07b1
assets/Characters/Quantum/Textures/Female/European/Arms/T_F_Vivian_Basemesh_Arms_Unity_Normal.1003.png,14202139,91beec7a854a134a0e22d2ccd63613c5cc2c9c0b5b5a82eb1b6b4d6451148e9c
assets/Characters/Quantum/Textures/Female/European/Body/T_F_Vivian_Basemesh_Body_BaseColor.1002.png,10731013,0ae460e9b5188a1eb0334590509303006c76a378f5b8cfab29a0a003a8c8079c
assets/Characters/Quantum/Textures/Female/European/Body/T_F_Vivian_Basemesh_Body_Occlusion.1002.png,1831778,3b8a9c674922454cdf12cc985c1c099b1e1ed26b57196c52aaf70cfebf1ed89e
assets/Characters/Quantum/Textures/Female/European/Body/T_F_Vivian_Basemesh_Body_Roughness.1002.png,3436878,b32ddb69c9a40da5cc446c254642488d64c3c518c252c69617ede89d9aebc859
assets/Characters/Quantum/Textures/Female/European/Body/T_F_Vivian_Basemesh_Body_Unity_Normal.1002.png,14803062,b3081a2056e9e878819f42a7939cd1a1408f45e71baaae35b0e3cb6e72b5f32c
assets/Characters/Quantum/Textures/Female/European/Head/T_F_Vivian_Basemesh_Head_BaseColor.1001.png,17059758,96fa60c68222291375a69483c0d5998b8f127f4ab5ba3fc9dbb3210f92536b99
assets/Characters/Quantum/Textures/Female/European/Head/T_F_Vivian_Basemesh_Head_Occlusion.1001.png,2733175,40bd12c49899ea4f01ccb45a077fcb76cf3c65fd7826a3d3d3acd4fd47bee551
assets/Characters/Quantum/Textures/Female/European/Head/T_F_Vivian_Basemesh_Head_Roughness.1001.png,5334561,f59fd076830a2d3371abc095e89d2cec8a2972bb41caa0b29c26f6aa24056cc6
assets/Characters/Quantum/Textures/Female/European/Head/T_F_Vivian_Basemesh_Head_Unity_Normal.1001.png,20471595,c7faa8189f213430fb525a4bf3f6e5c43ff1dfa824d8cb4322b5c389e8400a89
assets/Characters/Quantum/Textures/Female/Old/Head/T_F_Vivian_Basemesh_Head_Old_BaseColor.1001.png,17775604,9325960b8d611e067447065b4b3cbb99d21ed626fe85f2a4a5844cb3ed785137
assets/Characters/Quantum/Textures/Female/Old/Head/T_F_Vivian_Basemesh_Head_Old_Occlusion.1001.png,2563305,b64e320700e520bf94a6909b1784c80e77d706429792914e9b4043617fd42c62
assets/Characters/Quantum/Textures/Female/Old/Head/T_F_Vivian_Basemesh_Head_Old_Roughness.1001.png,4867978,a104899bc107e93b6ef1bd0ba1ee6a453843603bed7945a7e037f5a3290e7baf
assets/Characters/Quantum/Textures/Female/Old/Head/T_F_Vivian_Basemesh_Head_Old_Unity_Normal.1001.png,18992776,ca0ac381f035c83b2d3460f787d6e12f1cf685e8f3d11b9c4b9a520091d48479
assets/Characters/Quantum/Textures/Old/Arms/T_Quantum_Basemesh_Arms_old_BaseColor.1003.png,10844825,1724e98ba224ef4924be54e87f2ae6c67a2e42f55a1702b5dfac0932ba104f02
assets/Characters/Quantum/Textures/Old/Arms/T_Quantum_Basemesh_Arms_old_Occlusion.1003.png,1099172,a21b5b058a5535427bc578cb6fbddb51ffb98d43da0da2be4e33af73227d2335
assets/Characters/Quantum/Textures/Old/Arms/T_Quantum_Basemesh_Arms_old_Roughness.1003.png,4009294,a3ff81574febe99e8705c05b1db138c6fc5a1241146ed2d222bd2839df5cacfc
assets/Characters/Quantum/Textures/Old/Arms/T_Quantum_Basemesh_Arms_old_Unity_Normal.1003.png,14058721,afcba32b0636e465d5cc31038e2279bac9e09c1960f9828eb9a75cd1e9559e65
assets/Characters/Quantum/Textures/Old/Body/T_Quantum_Basemesh_Body_old_BaseColor.1002.png,12077889,858751792198465611cb2ac85f265043bdca76e42bd74b4799362b2bc4e4dcc4
assets/Characters/Quantum/Textures/Old/Body/T_Quantum_Basemesh_Body_old_Occlusion.1002.png,934799,25e66d7f34abb764d3d4c3ca592822007947ec6f0b9599209ee71a6fe9f620bf
assets/Characters/Quantum/Textures/Old/Body/T_Quantum_Basemesh_Body_old_Roughness.1002.png,4574324,d480f3869fdd0bbee814a2092a6d9ba6caa57c103094a6a812deb8a0a8563024
assets/Characters/Quantum/Textures/Old/Body/T_Quantum_Basemesh_Body_old_Unity_Normal.1002.png,15502867,021be2991baf123081ee6d7a50685276a2ca310d3df6e7137c22db3ae2c33e78
assets/Characters/Quantum/Textures/Old/Head/T_Quantum_Basemesh_Head_old_BaseColor.1001.png,18601676,ef772306c1c121c3e0277b0e8e3f9896e12601c847cec94bce834a4b95ee0df9
assets/Characters/Quantum/Textures/Old/Head/T_Quantum_Basemesh_Head_old_Occlusion.1001.png,1894270,a0327f86976075f560ca27dfb5c12fb40c61657ad76d41cd5cfbe690bb25c348
assets/Characters/Quantum/Textures/Old/Head/T_Quantum_Basemesh_Head_old_Roughness.1001.png,5970626,dde7be884632319242d3815ddf000c4f2a255056fd41a2790295c66690e697dd
assets/Characters/Quantum/Textures/Old/Head/T_Quantum_Basemesh_Head_old_Unity_Normal.1001.png,21020181,1cdc3dda9a786c0ead9703a6ae37c6d1e6b8a8b3394e0f434e4c3d0c94affb28
assets/Characters/Quantum/Textures/Young/Head/T_Quantum_Basemesh_Head_Young_BaseColor.1001.png,29054183,13874551dd178f3b8d372864ebadbcf1f62a9263b3b7cffd379c89bf57d047cc
assets/Characters/Quantum/Textures/Young/Head/T_Quantum_Basemesh_Head_Young_Occlusion.1001.png,1815266,5124dbd0265830f705de452f8eb162296f8ddb54895b352b61bb1c8559c349c9
assets/Characters/Quantum/Textures/Young/Head/T_Quantum_Basemesh_Head_Young_Roughness.1001.png,4527949,2dd3d620c90f42177af9ea770c1e462df3542700d7a90b7c399c81cbae937750
assets/Characters/Quantum/Textures/Young/Head/T_Quantum_Basemesh_Head_Young_Unity_Normal.1001.png,18854464,95ccf071ceb5803229e00fe6ca9e862fa08d65b3bd1b2a0e6e50484df93a7c07
assets/Effects/Blood/blood1.bvat,6638844,d0c1ddd471e5262c58a9ee5bcde5f19805c2dff96657cecd457d8ec32416ed03
assets/Effects/Blood/blood2_left.bvat,7671956,61eb32a8f509456faaff4f911a7a9b1e573a2501cbf0a24eb6c65c643b6051ea
assets/Effects/Blood/blood2_right.bvat,7769260,e53608b54315cd9b26066075a103ead9b292b8cf1a195e6137e3aec7583cd732
assets/Effects/Blood/blood2_vertical.bvat,8114124,b011bcf27ae1b21e897d31049148ee532953642d663bb75dba833d24d48baeb6
assets/Effects/Blood/blood3.bvat,6065124,09929c6c31f29c533421efa4335183aa364197fe370e1a005a0b0c24c8e58444
assets/Effects/Blood/blood4.bvat,8564524,a5d808c682845d41ff95e660671262070615c4d481106f63d60806f13e854790
assets/Effects/Blood/blood5.bvat,5827756,42c4e25b859a688c0bbbdd55a2f4200edd5e004a391a1d9a75fb512e98f5a0d8
assets/Effects/Blood/blood6.bvat,8925132,cb1afafcd520a397e19e6c774026d515e7404c3410cd4e575ae678c1c069de75
assets/Effects/Blood/blood7.bvat,14602188,83d3154c4b08c8cdbaf9746c2e8def237c44c0030f798210b1c7dab3b976168d
assets/Effects/Blood/blood8.bvat,15856764,02a370243d06c1e857c53f8d40501463dcc0436c8d499e60130b423593c18c28
assets/Effects/Blood/blood9.bvat,8556012,8cd577556d7934a1bd3e4658264b2178cd53d473a1819dc5d8d3fd1847855e5d
assets/Effects/Blood/decals/attached_mask.png,153316,9d4f09d9b5a929599cbf113392020fd7801967d5906300e414441729a5a4dfb7
assets/Effects/Blood/decals/attached_mask.png.meta,79,bc43f92b59b2a5265df122d1873326e4a5ad66ffd06c463bd1e1a548faf5e615
assets/Effects/Blood/decals/attached_norm.png,242460,3d55b86f821b6f589bd0e8dc43fa18a003e042d76f299a36918956f2d5e3a85d
assets/Effects/Blood/decals/attached_norm.png.meta,79,913ee150996212efed24580c5ecfb7759237e84cec4b10d9571e1bf6067c3308
assets/Effects/Blood/decals/blood1_mask.png,24479,9cf6af3fbb88a165dbd70631c909d894b42a3ff44647735b513e3f7986706f4b
assets/Effects/Blood/decals/blood1_mask.png.meta,79,66e0870f3dcb9c98ee7cfb9a5cb0312c508a192488a06acaabfc536107ec9a10
assets/Effects/Blood/decals/blood1_norm.png,34023,275b94998edf4c09b433a135e11fad17a11d49becdf4a27d527bf1a18f121c4f
assets/Effects/Blood/decals/blood1_norm.png.meta,79,e28bb2806b996afae04bbeab03195c17718fb687d812a76a67357deccf0e8285
assets/Effects/Blood/decals/blood2_left_mask.png,51528,0f2e2c127652be46ec35169d59c83deef0f6ae4a6528bcf4087d8c68f3cea116
assets/Effects/Blood/decals/blood2_left_mask.png.meta,79,dfa2b78666479df3c6c7c49ca12ff8fb1c4a412db90268a7dc4052f02b9012e9
assets/Effects/Blood/decals/blood2_left_norm.png,86120,2176bf8b31aa6fa0b74ffe277c6c0187368529e596617f55264fc73ae229d7f2
assets/Effects/Blood/decals/blood2_left_norm.png.meta,79,f0e2cd38af6f53940023492e55f9cac9e30dc0d5fdaeac3f518d609b5c2ca80b
assets/Effects/Blood/decals/blood2_right_mask.png,40887,f9628b5e96e9e1bab39fa5a39774b57bb1d7b09a01142557833bf261f7897335
assets/Effects/Blood/decals/blood2_right_mask.png.meta,79,e1fd920657f70b1619584de17637acb974ebe0d00002b963a7ae9994e2568750
assets/Effects/Blood/decals/blood2_right_norm.png,63964,76af107b01a75091da160929835d0548e6352fa30782a66216517fdd0b433e70
assets/Effects/Blood/decals/blood2_right_norm.png.meta,79,5685c28261e078145d945f84c4e89ec201bdbaff50d62e7c868b5c675bc9c631
assets/Effects/Blood/decals/blood2_vertical_mask.png,50957,82dc404b27759fbb22129b8b56b74016065b432c09496d5628de13cf6d30e47f
assets/Effects/Blood/decals/blood2_vertical_mask.png.meta,79,d3e5deea33c55843af51849739cfb95a1321228ba250b5d86464acbb158e1811
assets/Effects/Blood/decals/blood2_vertical_norm.png,57210,300a002e658495f5e49ead73dc342a554b050cb0c59b1755e27b9744a6c79b38
assets/Effects/Blood/decals/blood2_vertical_norm.png.meta,79,5c80f6f3f1e6cdda311dbce42dd3b8ca3ef21e7c4ce0beaed0705013c2f8c72c
assets/Effects/Blood/decals/blood3_mask.png,12255,90b9c735f7b0db407d57ac58d55458784f7cb29e6f957b1da7f75eaf7d1396d8
assets/Effects/Blood/decals/blood3_mask.png.meta,79,8d6b6b2463e5ee3afcf7e7a98b4a4cf3fd94ecfe3556fe39c7ae7aacd84ebf6f
assets/Effects/Blood/decals/blood3_norm.png,20751,b8501ab95a3947ce1a0ee583689e1d7a2c9dc56cf3ced9acd504e1e17e9bec7f
assets/Effects/Blood/decals/blood3_norm.png.meta,79,99a50bb9f0736310de4162dde22adf8a361b74b1fc349d86237fd2a66b8f4c85
assets/Effects/Blood/decals/blood4_mask.png,15231,ee73c4b5f8411a368dadbe24b5c34d063d7c5380e270082fa6f7288e5ef923a1
assets/Effects/Blood/decals/blood4_mask.png.meta,79,f26bcf4eab07bd076fd625f8a0b59a923edc7509354c8be96298cf5dc397d707
assets/Effects/Blood/decals/blood4_norm.png,26490,c897716f4dfe94a8cd6bbd2d7e1ecb64092ba51321f6638cf330a6179b6e0627
assets/Effects/Blood/decals/blood4_norm.png.meta,79,7ba59c2988a89538f23429aa5381f59af0149a07792c7915f97344d193907fae
assets/Effects/Blood/decals/blood6_mask.png,90315,f0c5958eb92e4cdbc7837b0ced5359e1249456054c57005b8ed0259d6836035a
assets/Effects/Blood/decals/blood6_mask.png.meta,79,32ed6bd166c787e8d3cd96404967be915829914c471ecf7d870b96408d93d3f9
assets/Effects/Blood/decals/blood6_norm.png,102061,230a40ab5f05fb8af2e154e571654717effa970038f6d3d9855b8d9b49b9c5cc
assets/Effects/Blood/decals/blood6_norm.png.meta,79,f31c531c69c6a8d3248d751563f8057f94b60449075a5de985ded14b7700297a
assets/Effects/Blood/decals/blood7_mask.png,209684,b68e17c286d365690c589961e35b98d7d7c93f54fd097b1ce12ba6bed60e7a12
assets/Effects/Blood/decals/blood7_mask.png.meta,79,53ce083456d0677e11e0c849081ebfde9052781b51d0028dd1844125d4995177
assets/Effects/Blood/decals/blood7_norm.png,252980,1adf4551ea63e074e81b378755ce7acd83bcd0638673e9fefd2a432d517ef3b2
assets/Effects/Blood/decals/blood7_norm.png.meta,79,02cf5f91ae579e1be64897d34328a7ddbdfb381ffd07840eea2e530acf5517b4
assets/Effects/Blood/decals/blood8_mask.png,144646,3271de80aa79dd263014b37baa0f3535a8bea3c8623520d6f1f53ed480e73e11
assets/Effects/Blood/decals/blood8_mask.png.meta,79,eb63ae15244d2826ff551fba9c610b201e9c41a5f5552554f2081bd8384d7296
assets/Effects/Blood/decals/blood8_norm.png,153769,04df12a2cd43b0c3eff7d7f84bcfdcb21cb4f1b4dc3097723543b666dc769b78
assets/Effects/Blood/decals/blood8_norm.png.meta,79,a7710fb8a1ba247bfbd5fa21d76318121385358665d4b680ef1f7f7d2188d996
assets/Effects/Blood/decals/blood9_mask.png,168144,5e5b486ebc28e2f4d7ea0239dc14f1a7d79ee74e1f1b1f01fc04632e0e33da61
assets/Effects/Blood/decals/blood9_mask.png.meta,79,4fbe089649247b0fe1ae4a8ff165e7a68b7b2b8b6554efb2c25fc9abc8ed3616
assets/Effects/Blood/decals/blood9_norm.png,197244,5cca6fa33bbf665ec2b806e005b224ede5c343aa686f9f98c2464fc5fc05a82a
assets/Effects/Blood/decals/blood9_norm.png.meta,79,2678bb7198cd9c70ee9a8370dc9c466235453335215ccf43ab548da29ac18333
assets/Effects/Blood/decals/char_mask.png,41478,e9a8fb9d0fbc10b7f8f78ac056e7100aaa2e55af169023369586c4e1655962d6
assets/Effects/Blood/decals/char_mask.png.meta,79,ad7156e117bd9b5677b33d6ba6bf807052201d7a8780d1093dad3e2ea0057dce
assets/Effects/Blood/decals/char_norm.png,61828,ab27b06df968d1201afb04b7e126c9cad8c8bfce68be4cff0543023ab58fc1a6
assets/Effects/Blood/decals/char_norm.png.meta,79,ad532cbab96568c32084b2f3710821f0b23c3118170c4db3f9f17f0e4c6a3532
assets/Effects/Blood/decals/lookup.png,1855,4553af0444b4bbfdfccc07f1c716ac16b57c839f2559f7912e4bc9f9fd43d99a
assets/Effects/Blood/decals/lookup.png.meta,79,36f650c54e827725a67753178da9a0f3ece384ee3d173b0dc245d2171bd7f97b
assets/Effects/Blood/README.md,325,5f5f51f558a75d23579a519390c4be9f6685bc83c6b79ecc311ec24b45a63ade
assets/Effects/Knife/decals_large.kfx,55924352,869297fe9699d7401597396f6d38247296ba87ccfd84934818677284858bc45b
assets/Effects/Knife/decals_small.kfx,41943872,42385b03190cab05beb2c25355d46777b97945f1d0360ffeb6c2f446c43b619c
assets/Effects/Knife/sprites.kfx,37749840,7b163aabb4d13d037656e74e26125c12ba801cb8f49f2e3f34ea2b3a4d07ed67
assets/Effects/Muzzle/7.png,264048,782aefb3d6a36c27ce7ad81fd36ac4a519b376a2e92f9474e466edd960878068
assets/Effects/Muzzle/8.png,234815,18226f9151ddd31784ea76e81bc7b2fd886951a9db8377f6b08dcdcfbc43a391
assets/Effects/Muzzle/blurred circle.png,269437,1419cac53b2218c88ab94010ccba3b443120fb05fdb15e0c3c8b99533e38f81e
assets/Effects/Muzzle/T_MuzzleBurst.png,445251,2b410342ab8b2dda3ecb0ae07fe6575d5a8da48105ec9690466293ef18a63140
assets/Effects/Muzzle/T_MuzzleCore.png,234815,18226f9151ddd31784ea76e81bc7b2fd886951a9db8377f6b08dcdcfbc43a391
assets/Effects/Muzzle/T_MuzzleFlame.png,198595,0eb83aa4ec03b11a7d4ff28ea60b71e9769247984377ab278047f40b4076b409
assets/Effects/Muzzle/T_MuzzleSmoke.tga,67108908,3c2bfeb87bfa5300dfb021d516411c81aef2c007dd8faaf6e310e1a3b9e34a65
assets/Environments/Apartment/Textures/apt_floor_albedo.png,6892663,32d3bf770ae9c36bd08681d055fe1f1a46ce88209e053d75f59f418cf9c2d7bc
assets/Environments/Apartment/Textures/apt_floor_normal.png,5776095,a53bb7d8540f7280189ff5c74ae0149d0a75c131882b4396405bd9e8dda49fe4
assets/Environments/Apartment/Textures/apt_floor_roughness.png,3974153,9c2f5171fca74785df8ea00a0f0ca0b5d37742dc6662fbbd8c5042df9c6e431f
assets/Furniture/Bathroom/Models/Bathroom_Box_A.fbx,33008,036b63fa9388e524c6dd7c0b35ecd7a0d9d141e43ccbfbe810a7a4ce86e30ffc
assets/Furniture/Bathroom/Models/Bathroom_Box_A_Lid.fbx,27568,7aacf220e9ef492bf953614585b6b24628e3cbb9fdd73f5cb99ae9b75db938cc
assets/Furniture/Bathroom/Models/Bathroom_Box_B.fbx,23904,646415c0769aa8e2b8260340babec0cdb19c906bf350f2620d7a7437191d19d4
assets/Furniture/Bathroom/Models/Bathroom_Shelf_Unit_A.fbx,81344,b9fc1f8e45d8c9c45b5fb947cfa3bed8d928bcdcbd481b0a6caf468cfeebcf0d
assets/Furniture/Bathroom/Models/Bathroom_Shelf_Unit_B.fbx,43168,b7b45f7c9cfde5fab67d1556600f6f8d70b9d1e309ea374c92ea077573d99309
assets/Furniture/Bathroom/Models/Bathroom_Sink_Body.fbx,266768,0ed40fcb42debac4cf6e70e5ef3ef1945b2ccda16919147c3e6b7b5541889268
assets/Furniture/Bathroom/Models/Bathroom_Sink_Cabinet.fbx,25184,4ceff80d6279c53d399cde3612b5e27f12d5d9e699308af6568fbf5e35705b8b
assets/Furniture/Bathroom/Models/Bathroom_Sink_Door_L.fbx,37792,9c66f39700b8050af4184041999697933da60b598ea70cb73da43b44b8a38582
assets/Furniture/Bathroom/Models/Bathroom_Sink_Door_R.fbx,37856,4eea74cbdb17e09667782c703a34d8647ca752c397030a08785ef6a8de4941ad
assets/Furniture/Bathroom/Models/Bathroom_Toilet_Cabinet.fbx,24160,bf31d0294d3a5e6b7a0c378368c27d68d8cac1519c5222005ec8e9aaf833c532
assets/Furniture/Bathroom/Models/Handsoap.fbx,55376,46c75a7ee8e0b8358b5f58c159a0c92d9deb6ba9b2a41fc2eef775491a063cca
assets/Furniture/Bathroom/Models/Laundrybasket.fbx,61136,6e0167955e125087c3e8b50b8e30edaf83da088475347dd1f6f2d564415ad8d4
assets/Furniture/Bathroom/Models/Lotiontube.fbx,38176,205aa764b81a4ebd2289737f10f58f484309b485cf13c54a805523de3d913b7f
assets/Furniture/Bathroom/Models/Mirror_Bathroom.fbx,24464,2031a5502302528cffc15bb853b5dcec56c5298c7c5c9a8bfd4398d282c4048f
assets/Furniture/Bathroom/Models/Mirror_Body.fbx,59088,9dcdba18424fabf95af36a1535dae88a28f5539b4b0cb946db25ee65f56ae1db
assets/Furniture/Bathroom/Models/Shampoo_Bottle_A.fbx,30352,caea94fd4b24b9b7afcbc78fab255fe50c10bba2a59dcd4b2473ca9bb41a8424
assets/Furniture/Bathroom/Models/Shampoo_Bottle_B.fbx,30320,762f1ca76a3267f0658329637f71619b19df40125da90c3f633457c8e6dcffca
assets/Furniture/Bathroom/Models/Shower.fbx,281408,6850ade29b8fd3cbcf57a2ad0389ee10bfb1767737f93e7ffb3257a5d74fd130
assets/Furniture/Bathroom/Models/Shower_Soap_Holder.fbx,41392,2f18a5af63af0b78f3f06f2dd24017747480a19d54dab7e42cdb2061b651bda9
assets/Furniture/Bathroom/Models/Shower_Stall_190cm_L.fbx,36080,87a6e79e8506f79abeb3c2bc9f55db4f677586c413f688a4c13f3352af3ce8a9
assets/Furniture/Bathroom/Models/Shower_Stall_190cm_R.fbx,35920,f93226669f32e7b192102a80035f5bc13b95deec72b9a54a543ff57e104e9312
assets/Furniture/Bathroom/Models/Shower_Stall_Door.fbx,25888,97ec2a84940edb55a827af76087a05e1ac19b945cf06f921431d6008f979b3ca
assets/Furniture/Bathroom/Models/Shower_Stall_Glass.fbx,20640,1b40ce0b3872ca570bc4477bd4bf4a9e5aed2480bff7d9f7b3105def2d6f7b77
assets/Furniture/Bathroom/Models/Toilet.fbx,176448,71f0e045aa9845ec257b9faeee23fa29ce2dca160a91f2ed3a0a4fb4766b03db
assets/Furniture/Bathroom/Models/Toiletpaper_Set.fbx,46608,7968755cd488c113d18ff8507ae0f2768b4e533a8b7520a715dd0e391f4bd12b
assets/Furniture/Bathroom/Models/Toiletpaper_Single.fbx,24976,7429958f2e854beb0f5417ee557a12459bd592f4f5e07a695ec0e658cc78f7d1
assets/Furniture/Bathroom/Models/Toothbrush_A.fbx,25568,f070b6dab3760cd0406c439352413a7de373cdaf66bc2406904779274fc8c048
assets/Furniture/Bathroom/Models/Toothbrush_B.fbx,25584,4fefd717ba6ee0ac8e25fba8a7d7e935086effe80e6730076ea96161f938f6fc
assets/Furniture/Bathroom/Models/Toothbrush_Mug.fbx,37872,ba5e7dbacb95d70fb5e644a5dc6b526580c6dda82764734d353548e1822b08bf
assets/Furniture/Bathroom/Models/Toothpaste.fbx,37744,cf8d6bb0e13b675700e97dee273d3786e0762b94665d5c82f3ce0baf2454f4c0
assets/Furniture/Bathroom/Models/Towel_Hanging_Large.fbx,54336,a20a8e4f4e2517521b25cae074e9ad17d205ee6f2c255eb1ae05551e7c2a6ccc
assets/Furniture/Bathroom/Models/Towel_Hanging_Small.fbx,49616,c240231eaac6188755cc36d645eb520c9d09cbe144fc7a97a44233b7c2ab9cc8
assets/Furniture/Bathroom/Models/Towel_Holder.fbx,26352,f9989e705983589b35afc8334c8e94b760249eaa2e038472e2277b45456d585e
assets/Furniture/Bathroom/Models/Towel_Pile.fbx,40208,20318c842def6365186c183b7cb788f6d49119c5ad63777cafceb3418298b8c0
assets/Furniture/Bathroom/Models/Towel_Roll_Set.fbx,97952,20c7be3a2628a84ef325d03756003039b4a9d63ec25db7211ac262d491c4ddf3
assets/Furniture/Bathroom/Models/Towel_Roll_Single.fbx,43280,cbeabff257ee9f912130e2ac36de4f6347b189facccca64b401327ec4a72c357
assets/Furniture/Bathroom/Models/Washingmachine.fbx,151936,400381a724f6fba78a7362f3bbff17007195e1abef5fd30d1fcea6a049763642
assets/Furniture/Bathroom/Textures/Bathroom_Props/Bathroom_Props_AO.png,8721830,83ebc3a7ccd82ab61b0e6d3d9322a0636cb5189023869275b3cecad20e3af39a
assets/Furniture/Bathroom/Textures/Bathroom_Props/Bathroom_Props_Base_Color.png,29164147,3fd09eeb8b6c77d35d88caca1f1d671e01bd8977f65c4009aaf402c5c32a1b71
assets/Furniture/Bathroom/Textures/Bathroom_Props/Bathroom_Props_Metallic.png,132383,6f171820371707416737ff4932bea365c478191bceee3c9a4385fee702731c98
assets/Furniture/Bathroom/Textures/Bathroom_Props/Bathroom_Props_Normal.png,31299812,732a439b4e0601709bd8ddb89056587ab7993561aba06f3bb2a0136ad5be24e2
assets/Furniture/Bathroom/Textures/Bathroom_Props/Bathroom_Props_Roughness.png,14697278,80d1effa2f0e1b36157aba7dfed921a93c65789c8df63f1ebbb5fd43d0857987
assets/Furniture/Bathroom/Textures/Bathroom_Sink/Bathroom_Sink_AO.png,1983660,faa0d959cc3e20f9022b5f5d3aeee45d90e413c2a20d43b992a9e167093cfb4d
assets/Furniture/Bathroom/Textures/Bathroom_Sink/Bathroom_Sink_Base_Color.png,5843814,a23758113026bf83cf76f88b9b431827c74e8cffeb30d8b20ec5b8e19bca32fc
assets/Furniture/Bathroom/Textures/Bathroom_Sink/Bathroom_Sink_Metallic.png,254776,d94dc63d10b90c884ce9b9fa7f8bee8baf9adee58d4baba1f2e9d0cbfc400d95
assets/Furniture/Bathroom/Textures/Bathroom_Sink/Bathroom_Sink_Normal.png,4815900,8ddd35df13d6cd5cc1e2e6043e003f5cb11775595942cb3c4247c280f1df0981
assets/Furniture/Bathroom/Textures/Bathroom_Sink/Bathroom_Sink_Roughness.png,3812962,e847324e96e514e267a2476a40f771071a3824adfdfb6b80540ae58ab8f192ff
assets/Furniture/Bathroom/Textures/Mirrors/Mirrors_AO.png,1624808,398d3d54c421a960d8d919e0432352f2e93870ab0d32db3c1c86139dd9b78602
assets/Furniture/Bathroom/Textures/Mirrors/Mirrors_Base_Color.png,3421098,4ff8a84cdedffcfa064d828bae0db9f00e8456ee18df780596ea9510f386aa94
assets/Furniture/Bathroom/Textures/Mirrors/Mirrors_Metallic.png,38674,87d177f591db8505650c1c1057e402f2a4ce4bed56e200d025b0cad316f75578
assets/Furniture/Bathroom/Textures/Mirrors/Mirrors_Normal.png,1821496,56402165c9b8280cbc232b1235856b24c1ab99fbce0524cdb31557c730ea3b9a
assets/Furniture/Bathroom/Textures/Mirrors/Mirrors_Roughness.png,3474607,1d5f052619f8ea5aeb29e71c718ddcdc7bc3083ce649ab04ae3e9301757939b2
assets/Furniture/Bathroom/Textures/Shower/Shower_AO.png,2222325,c3d17601daa42d842e374548d5d74492d35269c351f31b3046c021dc362f67c9
assets/Furniture/Bathroom/Textures/Shower/Shower_Base_Color.png,3555604,7ac3664a031c90f54677ae523a209add3d667f63ae25a99e636bdfb084159fc4
assets/Furniture/Bathroom/Textures/Shower/Shower_Metallic.png,740396,3dddb9dad5c5bebe88a992d94f0bf774d36d0bf2e6906a1ede59f2bb2d096e8e
assets/Furniture/Bathroom/Textures/Shower/Shower_Normal.png,4977305,78fc4cb77353fe0e4a4da977cbd5e16421061cbc9c0e71b69d97ce18f82d07c4
assets/Furniture/Bathroom/Textures/Shower/Shower_Roughness.png,3868889,d1419f8d73d967aab86df02ac2e84f4631b8374996db96810bdbcfa900261857
assets/Furniture/Bathroom/Textures/Shower_Glass/Shower_Glass_AO.png,130322,0e815a009038b5f28f263b57360ff5e739f85615d62888be976395404f683c01
assets/Furniture/Bathroom/Textures/Shower_Glass/Shower_Glass_Base_Color.png,1198848,49c37a27fb372c9f9f1a50e23449f1d9bb5e7cfc4871968df61947dde9765ac2
assets/Furniture/Bathroom/Textures/Shower_Glass/Shower_Glass_Metallic.png,12427,6c76c5c54d40936dbe65975246622601cb8fd118a5bccb148901dbcd8fe4337a
assets/Furniture/Bathroom/Textures/Shower_Glass/Shower_Glass_Normal.png,1653009,4d0667dffbdb10c7212484b329d04d64326fa64cccdf47c75bf32cd5e2fc9082
assets/Furniture/Bathroom/Textures/Shower_Glass/Shower_Glass_Roughness.png,2121058,c6f73fc7644f938df9be84153c1a6808bb2fda54ef73718d047c890812387706
assets/Furniture/Bathroom/Textures/Toilet/Toilet_AO.png,1815035,64208bacfed1bd4f8c86ccc92284ed5aab9e4e0137166e26245dc9cb4c10bea2
assets/Furniture/Bathroom/Textures/Toilet/Toilet_Base_Color.png,4794119,d2a6ac6aa877fc9134383a57da27814a49d7ffaeaa4d1beabaf39f58c533aa73
assets/Furniture/Bathroom/Textures/Toilet/Toilet_Metallic.png,132826,a7ccf303d590133a5584e5841215656091f1fcd05a875d3445bffd71ab818255
assets/Furniture/Bathroom/Textures/Toilet/Toilet_Normal.png,6183182,4c19d48854738fc292225647a81dd45876694ef3ee28acdd6f3370f35dcd4db8
assets/Furniture/Bathroom/Textures/Toilet/Toilet_Roughness.png,4172838,0a73594a653d2dd27f8b6f1dd368fa202518d3a68a71191cb5b8311117b79b82
assets/Furniture/Bedroom/Models/Bed.fbx,351840,6ee5aad9574e20ad5b93c067347fd05b5cb4181edd9049ba754a916e40c1b227
assets/Furniture/Bedroom/Models/Bed_Bunk.fbx,286288,3578c85e13878bb9dd33d68eafa664b29168a4d5e36be98e9b8f13bdf9498608
assets/Furniture/Bedroom/Models/Bed_Pillow_A.fbx,65120,d55f725f509442e481f6b746552f1ae4a7af019b914a59bb579f8facb65755e4
assets/Furniture/Bedroom/Models/Bed_Pillow_B.fbx,65152,9bc894103a8a37c7e3705e9ade7268da39ee8b88b4a0d01f2d8eeb27efb37a00
assets/Furniture/Bedroom/Models/Bed_Single_Person.fbx,149344,da430d409ffe917058aa4184ae58ceef252aa8ca427c119e23820fcec25ee944
assets/Furniture/Bedroom/Models/Dresser_B.fbx,27568,d4cbd1120c56cdd2a48fe3dc2bce709035b57408166e43672f270ac55d9f0ec7
assets/Furniture/Bedroom/Models/Dresser_B_Drawer_A.fbx,31632,085183ffd60d92eeffe1226f0fd05a17ffe45601460771b01ee8c127bcede28d
assets/Furniture/Bedroom/Models/Dresser_C.fbx,24944,b795b34c34ad5904e93237f2ca5a3872ca79410399d762f4f41fb9b8ff8c4c85
assets/Furniture/Bedroom/Models/Dresser_C_Drawer_A.fbx,38224,46e6ac7cef9d49bba918dff5b08c2ddcaab47f889da2dd692f18a0e9184f6d09
assets/Furniture/Bedroom/Models/Dresser_C_Drawer_B.fbx,38288,2334617e97c41004690d8ffd05e36f84b73c2800ddf5684130330ca8327ef33d
assets/Furniture/Bedroom/Models/Dresser_D.fbx,24768,7c08daff52ab255118c9be9c0ab40e5bd68995c30fbdbba5ba59ba919b3169f5
assets/Furniture/Bedroom/Models/Dresser_D_Drawer_A.fbx,30864,e26729c4fb1453065de6023a58f000327dbf968558889abe75bdf85e9e34cba8
assets/Furniture/Bedroom/Models/Dresser_D_Drawer_B.fbx,30928,e504a67a31b65f4e92d59fb4e4dd146c915226eb521200545662edf42c04d9bb
assets/Furniture/Bedroom/Models/Dresser_D_Drawer_C.fbx,30896,fc13edc9b70b40368e4254bc19ec5ea75b584f0af233194977b290c44318b481
assets/Furniture/Bedroom/Models/Dresser_Large_A.fbx,49840,7b3a3d51dd7b7a932657226f3d159d9e9ee4feea5d2fc9cb4e0fb4fab58dd5af
assets/Furniture/Bedroom/Models/Dresser_Large_A_Drawer_A.fbx,42592,b5d5a62b3582c5007b429b126377710bf3fdb09801bf3bcd830ce8ae092c2b3b
assets/Furniture/Bedroom/Models/Dresser_Large_A_Drawer_B.fbx,42688,6cfdf57776a697bb974622525193a43da909a33a39d9bfc9c5e8cad9521f125e
assets/Furniture/Bedroom/Models/Dresser_Large_A_Extension.fbx,27472,5ee739e92c7b0bc4e49ad605712c3054083814627a4122f39b4b969724c426db
assets/Furniture/Bedroom/Models/Dresser_Large_A_Extension_Door_L.fbx,45472,a90d707e53dac78aef0714644409881a944bcc4d40c38018720862f29b43bc23
assets/Furniture/Bedroom/Models/Dresser_Large_A_Extension_Door_R.fbx,45600,037139bcc2c3e51b724a4a8ffd92d0bfac864b3a3d69ec4d6f74858b01805b8d
assets/Furniture/Bedroom/Models/Nightstand_A.fbx,49072,868508ae449d8e97b46cf96fc0bc5f413c22084837c051718ec6391ff80b0692
assets/Furniture/Bedroom/Models/Nightstand_A_Drawer_A.fbx,33808,c41c3deede77f816b972fd90d1b4b8e7380295ffcb4e26ebbc0b88fab0c18ae0
assets/Furniture/Bedroom/Models/Nightstand_A_Drawer_B.fbx,33808,a8dfdd6cc25e4eb987033297b6dadad632139069f49abe271e9aa55e0019d8c1
assets/Furniture/Bedroom/Models/Nightstand_B.fbx,27552,406716eb9643cef00d7b71b1d869da122cf086d80d6c2582d94460fca601398d
assets/Furniture/Bedroom/Models/Nightstand_B_Drawer_A.fbx,31696,3f51e025b6ad6ea26be059282cf43f238f85a06b8fb4a3fe9fd8ce4d0ad99dae
assets/Furniture/Bedroom/Models/Nightstand_B_Drawer_B.fbx,31696,10b99572ac6b125b2436550b758df255b51f0a55cacc86a11b74e6724fa817f3
assets/Furniture/Bedroom/Textures/Bed_Blanket_Clean/Bed_Blanket_Clean_AO.png,1680286,67cf2826d4fd52ecef377a998f393417fb446cbd7aeb0f5ffb557207ae7595d3
assets/Furniture/Bedroom/Textures/Bed_Blanket_Clean/Bed_Blanket_Clean_Base_Color.png,4930205,b8e5f9b1cdda35ef2fa2643483c7689a25e525f5a39dfa30e70f553309ff759f
assets/Furniture/Bedroom/Textures/Bed_Blanket_Clean/Bed_Blanket_Clean_Metallic.png,20521,ede92eac0f0d25a087bb5f386a85fdbd7107f1269bdaecb433507e9d86bf9aaf
assets/Furniture/Bedroom/Textures/Bed_Blanket_Clean/Bed_Blanket_Clean_Normal.png,8176452,49a7891cd4b4e23698b11d2bf79b044aa5d08d5804366db774fa200c835445c2
assets/Furniture/Bedroom/Textures/Bed_Blanket_Clean/Bed_Blanket_Clean_Roughness.png,3454183,8c395d3f01f630007687d82fa0975a24d2db6a63788fe383c29030eb389c67bc
assets/Furniture/Bedroom/Textures/Bed_Pillows_Mattress_Clean/Bed_Pillows_Mattress_Clean_AO.png,892999,4f264cf7425406b58133527d211bbb6ed8e6e7b288f47846e85d4223850c3aa2
assets/Furniture/Bedroom/Textures/Bed_Pillows_Mattress_Clean/Bed_Pillows_Mattress_Clean_Base_Color.png,3766786,fb028c79cd2fcf211d486207d59cd60d0120bdcb154642272f4a80b8b5400c8b
assets/Furniture/Bedroom/Textures/Bed_Pillows_Mattress_Clean/Bed_Pillows_Mattress_Clean_Metallic.png,20521,ede92eac0f0d25a087bb5f386a85fdbd7107f1269bdaecb433507e9d86bf9aaf
assets/Furniture/Bedroom/Textures/Bed_Pillows_Mattress_Clean/Bed_Pillows_Mattress_Clean_Normal.png,7245154,6115a45c66aab79a8b28d343b455a595abc0f0068f2c40463c35e53a87697388
assets/Furniture/Bedroom/Textures/Bed_Pillows_Mattress_Clean/Bed_Pillows_Mattress_Clean_Roughness.png,1124322,8906a7fdc5a8001f592cdee2cae00041cb013efcc96c98852aea31a2db644178
assets/Furniture/Bedroom/Textures/Bed_Small_Blanket_Pillow/Bed_Small_Blanket_Pillow_AO.png,1753263,03508b379ef256b529d2944e0ccfbf2d32d17cdca0ee515863682493eb9c043e
assets/Furniture/Bedroom/Textures/Bed_Small_Blanket_Pillow/Bed_Small_Blanket_Pillow_Base_Color.png,8856357,2b387edf2273a1256cd8e81b81ee96cfcbd6cacadee01aed354c8fed0628aca9
assets/Furniture/Bedroom/Textures/Bed_Small_Blanket_Pillow/Bed_Small_Blanket_Pillow_Metallic.png,20521,ede92eac0f0d25a087bb5f386a85fdbd7107f1269bdaecb433507e9d86bf9aaf
assets/Furniture/Bedroom/Textures/Bed_Small_Blanket_Pillow/Bed_Small_Blanket_Pillow_Normal.png,9294005,7867c7b73d83bbf55845282ef4ad3b3ab781457f0807ab2c3454822baa47247d
assets/Furniture/Bedroom/Textures/Bed_Small_Blanket_Pillow/Bed_Small_Blanket_Pillow_Roughness.png,3987680,647c36f34cc6fd9509367ef3f61c4544baee16fe602df57c5a88f9c485e66d34
assets/Furniture/Bedroom/Textures/Bed_Small_Frames_Mattress/Bed_Small_Frames_Mattress_AO.png,925423,f5d8a207beef799ee79edd074290a7d6348011d5283e4b4bf62c2b30f549295e
assets/Furniture/Bedroom/Textures/Bed_Small_Frames_Mattress/Bed_Small_Frames_Mattress_Base_Color.png,7360767,659bb28272192bc0fcf92d0a42c9e08822dc48ed50a2583b609ae65b41f9bcc9
assets/Furniture/Bedroom/Textures/Bed_Small_Frames_Mattress/Bed_Small_Frames_Mattress_Metallic.png,20521,ede92eac0f0d25a087bb5f386a85fdbd7107f1269bdaecb433507e9d86bf9aaf
assets/Furniture/Bedroom/Textures/Bed_Small_Frames_Mattress/Bed_Small_Frames_Mattress_Normal.png,7769398,60ec5a92ba33785f069ec34a39dd178fbb382eec9c4d1e2506ee35d0a380feba
assets/Furniture/Bedroom/Textures/Bed_Small_Frames_Mattress/Bed_Small_Frames_Mattress_Roughness.png,3972947,f4a8083c6bf73c78789ce5505678d907520650ee6ce20ccc5b86331a3bf40deb
assets/Furniture/Bedroom/Textures/Bed_Woodenframes_Clean/Bed_Woodenframes_Clean_AO.png,1219824,94eff2c3fa76d204516efe9d2d88161313ea7b58d074bc37d481c9f48912fdac
assets/Furniture/Bedroom/Textures/Bed_Woodenframes_Clean/Bed_Woodenframes_Clean_Base_Color.png,6170075,dc4f8e1db73d88ccc0071d04992d5c2710efc648bbafb18ac0e46c4bcf3ec50c
assets/Furniture/Bedroom/Textures/Bed_Woodenframes_Clean/Bed_Woodenframes_Clean_Metallic.png,20521,ede92eac0f0d25a087bb5f386a85fdbd7107f1269bdaecb433507e9d86bf9aaf
assets/Furniture/Bedroom/Textures/Bed_Woodenframes_Clean/Bed_Woodenframes_Clean_Normal.png,5227674,37c7fb6d104a4c875909e2d2b32d1ffba087906402aa597f99c06fa76598be51
assets/Furniture/Bedroom/Textures/Bed_Woodenframes_Clean/Bed_Woodenframes_Clean_Roughness.png,4055176,72a25a2c565d2c3202ace98096ac8050507c0a16c629dce2092d636d187742bf
assets/Furniture/Bedroom/Textures/Dressers_B/Dressers_B_AO.png,1149618,0dc5eb583d042d5f297ae6763956a09a2246d8e80cee5281cb7f2e294eab980f
assets/Furniture/Bedroom/Textures/Dressers_B/Dressers_B_Base_Color.png,7055810,5b557284e1ffc98dc8d8669539deed73a2bddc068f2cc88e1f1b6db87cef49c6
assets/Furniture/Bedroom/Textures/Dressers_B/Dressers_B_Metallic.png,154417,f904e920aa2284061185b1b0128ab5e8712d831e63d2f47b6513dfce33396c8b
assets/Furniture/Bedroom/Textures/Dressers_B/Dressers_B_Normal.png,4445250,b0a44d67d4b6831b3daaebdc1520472aba5d19910d953aacb80e57b21a77ccf5
assets/Furniture/Bedroom/Textures/Dressers_B/Dressers_B_Roughness.png,3835420,97c859fe7aecb72128d735b5b62c3936f757d46c74a656aedac1fbcbeadb9bf1
assets/Furniture/Bedroom/Textures/Dressers_Clean/Dressers_Clean_AO.png,5386152,550d878eea1be15c475008ab210565e6514d7eeeab834ab56c09503672d21ae4
assets/Furniture/Bedroom/Textures/Dressers_Clean/Dressers_Clean_Base_Color.png,27639345,269765f71adf517241a0e5b340fc5688ee84f6e6c8e2c9fb446da3a4a675f1de
assets/Furniture/Bedroom/Textures/Dressers_Clean/Dressers_Clean_Metallic.png,173480,2a9e575082174115f81b4c480e0a972e1590ae8303aed30dc5e25e67886a0824
assets/Furniture/Bedroom/Textures/Dressers_Clean/Dressers_Clean_Normal.png,21051890,617e9a84bd37199e103f0abc9439efe286794cc935e48ab3df33ccf805714c76
assets/Furniture/Bedroom/Textures/Dressers_Clean/Dressers_Clean_Roughness.png,16096792,08ee5fe1aeac05255556bbe95206fcc8d039b1dfd4ec3434bfb46fd75c30c63b
assets/Furniture/Bedroom/Textures/Sidetables/Sidetables_AO.png,7850641,0c756deb916bcf0fda423de3351fa7bcfb0c05d2661edadbbb4719734bb6abe4
assets/Furniture/Bedroom/Textures/Sidetables/Sidetables_Base_Color.png,27680972,108f38f94adbfd9958065ff53b1c617ed1f63fd4b88584ca35733e89b135a4f0
assets/Furniture/Bedroom/Textures/Sidetables/Sidetables_Metallic.png,73053,11340402f368c9c10ef273ab69506d913c647dee6c12f0df909bab6a69574bd1
assets/Furniture/Bedroom/Textures/Sidetables/Sidetables_Normal.png,23427903,76ee02d3f22ed096a51d9b20f8a33352c344f10262447b9df9909c5e5ad9884b
assets/Furniture/Bedroom/Textures/Sidetables/Sidetables_Roughness.png,13491046,7f6a7b6c8d6934312f6652d9caf2507ca3a0e60affc22be293e046fcc5162ebf
assets/Furniture/Decor/Models/Cabinet_A.fbx,28128,bcdd0f40a3f798e8aa0e1635db0f4dd6077c648db10c25fa8c98358f01b8237a
assets/Furniture/Decor/Models/Cabinet_A_Door_A_L.fbx,33264,90e4c673e84a600a08633ddcceaaa900a2f7f3e4da8c0324ba5865f59e9f521c
assets/Furniture/Decor/Models/Cabinet_A_Door_A_R.fbx,33584,39ce620386eb4f4d40f66f7a5d67d28e5563aeb77cd9e79f9d876ae9dc33ca73
assets/Furniture/Decor/Models/Cabinet_A_Door_B_L.fbx,33344,b118ebb8edad98a7a16079db8672790f855889fb619517225785a497fa449f49
assets/Furniture/Decor/Models/Cabinet_A_Door_B_R.fbx,33488,5f586790f0b8130281f3953a8c4f85a2623410a9e8503fdd37d81bfe82d8b063
assets/Furniture/Decor/Models/Candle_A.fbx,25888,f439c04a650b90ad902e24518db416f00d2b28d478e4ba094c586e1b74e1981c
assets/Furniture/Decor/Models/Candle_B.fbx,25856,967e246a6eb0f447259474652abf7cf232ba5ea60acf8d92bd2a1a91bd640c78
assets/Furniture/Decor/Models/Candle_Holder_A.fbx,50480,b560d863f702d7e6f8918e8369e74cc8b48492be741fe1614066b0a4ccc49e81
assets/Furniture/Decor/Models/Candle_Holder_B.fbx,50592,06ee535a2fe4c05bbeadf47e4ff4cf4b6653974ea701d2a122a78fd4e4950360
assets/Furniture/Decor/Models/Carpet_A.fbx,28432,26e479c516b4b9ddcfac86a60ef095337c8b01b516872626fb4be4e3cbbbe6ec
assets/Furniture/Decor/Models/Carpet_B.fbx,36928,777647b8780f89f2e112b45977af2faca257ae6dda416596be4c7c148a5d13b3
assets/Furniture/Decor/Models/Carpet_C.fbx,35056,a9ea67f9cb4f4fb18d6aab8dea4cbddc9aa5353305007d3b1e37b6dd57b9569e
assets/Furniture/Decor/Models/Carpet_D.fbx,25616,a9688f9210b23ae27c086007dea2a22d7fc72b51e1e17a7e4aa9b2a2e45d9aea
assets/Furniture/Decor/Models/Clock_Table_Digital.fbx,122384,d38fa9694924e75e377932de3f5ed0c74f8a1ccca7a4b2629ca1599562ea035a
assets/Furniture/Decor/Models/Clock_Wall_Analog.fbx,84656,d5d821e283a991db48f99cea9112c2dc89a63739b0884327bd9590d90de01ce5
assets/Furniture/Decor/Models/Decorative_Bowl.fbx,63648,3dbf244da25a6a9878e5d3f2bcf31318ea02249a7d17170fc4b62f034b34e79e
assets/Furniture/Decor/Models/Decorative_Plate.fbx,47168,f05d5223607b7a9b6fe889e5e5d5872fb37052d94a6dab00a134d2066adcbb61
assets/Furniture/Decor/Models/Plant_A.fbx,99440,8d856a9bfa1cd1f557bcb1c6d9270f670ec606d456cb50da78df4b595cefea2f
assets/Furniture/Decor/Models/Plant_B.fbx,92896,a75e42076bbabcb073267d492ce0d1c6789ba4ec089f6d4635d790333cf73c56
assets/Furniture/Decor/Models/Shelf.fbx,29152,7ae03fc82b2980d25d64e34738bc1dd4bdc6824499ec478e8cdb90e76e986b86
assets/Furniture/Decor/Models/Sidetable_A.fbx,241760,67f1d324a8c3854d5af4c6627431f71c981f35dbb6e8baccfa41ba48304b42bd
assets/Furniture/Decor/Models/Sidetable_B.fbx,245728,7ed3aadbd6e043387d9eb72f9920c40ac05c6ec6b46a9f83ec283983a32ed160
assets/Furniture/Decor/Models/Sidetable_C.fbx,198672,b08ac98371ff8925a81f806d4b36124700afa4349eca7445d65274c9c21d71b3
assets/Furniture/Decor/Models/Tulips_A.fbx,253840,d27e69dd8673903c0e814a17d2ee46b11d61b3f786be6d7035c8f8bc2804772f
assets/Furniture/Decor/Models/Tulips_B.fbx,200368,f5394ca2285506669fb2026b138a62af2b188b892085db81c85ba04d79ca2c3c
assets/Furniture/Decor/Models/Vase_A.fbx,51040,655639ed63a1b91e2df2af3f3993549363165db366b1c0876380333415887582
assets/Furniture/Decor/Models/Vase_B.fbx,52832,d757eabc5ccc82e2945153f35d6d3d581faa28fa92bf2dd65d0ab822d93d525f
assets/Furniture/Decor/Models/Vase_B_Sticks.fbx,46560,3b1c739bcdeb5fa8e13981f07426f05bbfe74fc9b9805b0d394923b24f0cfa3f
assets/Furniture/Decor/Models/Woodplank.fbx,22160,36b2c5ac72b986a783175287f1fd9552eeae75bab439e477f4e0391fb34dfc2c
assets/Furniture/Decor/Textures/Cabinets/Cabinets_AO.png,5830411,ef050185b211cdecaff4f2dac0c264f25d1e8f81559fdc0b08fb05875f9c9066
assets/Furniture/Decor/Textures/Cabinets/Cabinets_Base_Color.png,30239982,066ccc35135c9bca5c88e40f8cc94d4dd9fad4002dac308d4016d76fd7c9b53d
assets/Furniture/Decor/Textures/Cabinets/Cabinets_Metallic.png,239736,b031ec22dee730b244490c5b559124a5d42f2b06fd2d85c1e6ce8797aa9e93dc
assets/Furniture/Decor/Textures/Cabinets/Cabinets_Normal.png,22509059,6b535e4eada0a1ddb8dfedbb9ee0a195b58c015eee67d199fa3989dc02cb360c
assets/Furniture/Decor/Textures/Cabinets/Cabinets_Roughness.png,17766260,6e9f4fe3f8a6376a4099ca04b729db4260b45c50c4be20f66ce501baa5ba3def
assets/Furniture/Decor/Textures/Carpets/Carpets_AO.png,2129619,61ae04a65367edfdc967c1281dd96f9ebde85e704e75791eb818662a54ffefac
assets/Furniture/Decor/Textures/Carpets/Carpets_Base_Color.png,38691504,da9bc7eab23ff90483bd0d01476d1648ad88c5c606670529a257f90e0cc88eac
assets/Furniture/Decor/Textures/Carpets/Carpets_Metallic.png,73053,11340402f368c9c10ef273ab69506d913c647dee6c12f0df909bab6a69574bd1
assets/Furniture/Decor/Textures/Carpets/Carpets_Normal.png,47324758,8d0d2915d727f7ed2c52de21fe0ebcd33d4a3fa814911f6a5c30afc7d6ba2a11
assets/Furniture/Decor/Textures/Carpets/Carpets_Roughness.png,17538579,56f978fdb99b585123b60bb1540714dcdabc8ca6371c952b1992ac904d9ba69e
assets/Furniture/Decor/Textures/Clocks/Clocks_AO.png,1845006,9a897516df66df64a95292d536f5ac8460b677e14acbc4cd5b9a387356284a1c
assets/Furniture/Decor/Textures/Clocks/Clocks_Base_Color.png,1161703,02fd3b6818bfb778c7f19fb299ba863ee86d64e71b6c7c2da958655fb93a5561
assets/Furniture/Decor/Textures/Clocks/Clocks_Emissive.png,31618,a0ce0e284e956138d691d53cce03bc55c644079741303630cc6b8095c9e727f1
assets/Furniture/Decor/Textures/Clocks/Clocks_Metallic.png,77993,05c94fffae11f5c4e67cf0f964181b659462ab468f39531b559f3a5f613d760f
assets/Furniture/Decor/Textures/Clocks/Clocks_Normal.png,4128584,eea8f059891210c6cbd9640a6689aad153bf9b90f2419118d2cf08722babc308
assets/Furniture/Decor/Textures/Clocks/Clocks_Roughness.png,2548426,af19b615b133febeb70489718ef9959083afb652142b3c5ad4a220a6fe4d3bbe
assets/Furniture/Decor/Textures/Curtains_Ab/Curtains_Ab_AO.png,3676460,95ca89b6f6d06bb39cd9d6e9f170641138b35837a8f1e1a9fdfe23ad515c3ccc
assets/Furniture/Decor/Textures/Curtains_Ab/Curtains_Ab_Base_Color.png,9217548,da505aa3b88a024326644a40ede9fae7eed2362f5d753e1007af97855f2e7fd6
assets/Furniture/Decor/Textures/Curtains_Ab/Curtains_Ab_Metallic.png,30021,c8011484969fcd790ffe5043fb10cfe4ede4cb538d41b5e8c256e9fc2131a36c
assets/Furniture/Decor/Textures/Curtains_Ab/Curtains_Ab_Normal.png,10514961,c94e4d908fab46382d9601ac089c688ca577886214ea0f342eb994a10c9a0f45
assets/Furniture/Decor/Textures/Curtains_Ab/Curtains_Ab_Roughness.png,3530976,2ba2444d21f9321b1e8001c18c7430a34a02858bc27e433a69e3f36387ddd085
assets/Furniture/Decor/Textures/Curtains_Cd/Curtains_Cd_AO.png,3151873,d32474437d075bba776230d68dafd12a33b61affbf9639673a595eab1755e731
assets/Furniture/Decor/Textures/Curtains_Cd/Curtains_Cd_Base_Color.png,10641489,459232fda45a8e3cce7309be17224bb3cf0e864585b0c37b15620101ad873a78
assets/Furniture/Decor/Textures/Curtains_Cd/Curtains_Cd_Metallic.png,238170,a0e21d7a96a182399ae613116f353249881a6b4c0b3ed01c7b4b4f7f7379fedd
assets/Furniture/Decor/Textures/Curtains_Cd/Curtains_Cd_Normal.png,9723834,8b00df705d06e54c5ef30f69a0ff3c4c5f92ae64336055bd133476852abf6b61
assets/Furniture/Decor/Textures/Curtains_Cd/Curtains_Cd_Roughness.png,3327037,17960dc50a53d33dddfff738ff4a696f95d2234887f8b928d5c23443e4203816
assets/Furniture/Decor/Textures/Decorative_Props/Decorative_Props_AO.png,2147471,2104149bedcbdf9da762d81aca3f137db8ee41c11c2715ed3a51b01402fc0cfe
assets/Furniture/Decor/Textures/Decorative_Props/Decorative_Props_Base_Color.png,4991640,d2d484ed0451c33e8e548d9cd0685c0d16cdb402e78d41d9c09cb41422627f6f
assets/Furniture/Decor/Textures/Decorative_Props/Decorative_Props_Metallic.png,669796,e730deda7fa1dedb08f3f3b9e49662ff47e3944b6338ec61485bbf8e45a256db
assets/Furniture/Decor/Textures/Decorative_Props/Decorative_Props_Normal.png,6303091,ef6a483d5a680f2b316a2d8596bd14d60cbfa10f6e21b4cf926cf9d0002a274e
assets/Furniture/Decor/Textures/Decorative_Props/Decorative_Props_Roughness.png,3701846,c645c3e24ea430d1372b224b60de67d081da7946b3b087dd3de2a62cd674ada6
assets/Furniture/Decor/Textures/Paintings_Set/Paintings_Set_AO.png,7584521,19b5054ffc0c70d570ee1b9f846bfd3190512614bb61f330b95f33086245e3db
assets/Furniture/Decor/Textures/Paintings_Set/Paintings_Set_Base_Color.png,29198172,6bc834b2fe23d3e1dba81c93b89180dd01917cd7db49dadafd8375a130d455f9
assets/Furniture/Decor/Textures/Paintings_Set/Paintings_Set_Metallic.png,174122,ee90689f98da189fa4d44433abb206bee21c2d1dee7686a5e58a9c81928d03c5
assets/Furniture/Decor/Textures/Paintings_Set/Paintings_Set_Normal.png,11979232,d1b5d6b484c09e445da29e366310d2ce7e68eea6a71fcffcaf7f4c560a5cad04
assets/Furniture/Decor/Textures/Paintings_Set/Paintings_Set_Roughness.png,7701443,afa8105f2a3bddb49794f88bc99e16f2245bc578aabac61b62add85e3dafddd4
assets/Furniture/Decor/Textures/Plants_Leaves/Plants_Leaves_AO.png,259634,66fb52b0d30df2cbf5e285ac620eb100277cdb4c6660f7031a114d1075933039
assets/Furniture/Decor/Textures/Plants_Leaves/Plants_Leaves_Base_Color.png,954478,567c0108068071a0b4f5cb34657958acef3cde778892c8a13832f665e943d0fa
assets/Furniture/Decor/Textures/Plants_Leaves/Plants_Leaves_Metallic.png,6563,f73cade015b93fbea5d3cb227212bc93babd37598608978582073f1bafa8f013
assets/Furniture/Decor/Textures/Plants_Leaves/Plants_Leaves_Normal.png,998057,e0d176c59a685daddc1a281c38e86a31a32ea63d24885a9c0fd8512057628ee7
assets/Furniture/Decor/Textures/Plants_Leaves/Plants_Leaves_Roughness.png,636523,a3779fad7463c7698fd2a831fda19bef5b337a8ea2e4b31e7f049492c2cf8136
assets/Furniture/Decor/Textures/Plants_Pots/Plants_Pots_AO.png,234657,60fb33f1bdf5d25f45e79a0fe3031dff06a2a50b68e2240a8352e0cc25af3aed
assets/Furniture/Decor/Textures/Plants_Pots/Plants_Pots_Base_Color.png,1083890,8bfe7756cafc22caa03081b2131675eb91f2f60bd39add5f4fcf78eb8eeb27da
assets/Furniture/Decor/Textures/Plants_Pots/Plants_Pots_Metallic.png,6279,92d8237792119217dd3f9e85af1b6b5e338c841b84d977594a6e22fbb34abf7e
assets/Furniture/Decor/Textures/Plants_Pots/Plants_Pots_Normal.png,1399496,126c4f5ebbd380f15f05e3812cf28af7b6a8c89b29c3078c1c0540f50be38013
assets/Furniture/Decor/Textures/Plants_Pots/Plants_Pots_Roughness.png,994992,ef35718a20c10671c1802e9b9fc4c2678e481b3f005993dcf9b760144d2e5db2
assets/Furniture/Garage/Models/Car_Tire_Pile.fbx,267456,fa7701603d35a72327c710408ad97229279382df44d43bf2cf0de866e1f9c50f
assets/Furniture/Garage/Models/Car_Tire_Solo.fbx,83712,8e34d6a5acc2c8cad6f242dd6ef3599f8fd5c4108d7685798673c2fe0971c8b8
assets/Furniture/Garage/Models/Cardboard_Box_A.fbx,26016,e96945ecaa61c0dc897b06474c4cbe3a58335ed1c2afeefa415de6941f98ca16
assets/Furniture/Garage/Models/Cardboard_Box_A_Lid.fbx,22720,c12ec42c59183e113680c049efc6936a84c9477b18f997815d1d784c70de14d5
assets/Furniture/Garage/Models/Cardboard_Box_B.fbx,24176,0239d567fb43c7095a6dbc889854da6a13a4eb867aa6c8d32d1970cafd25518a
assets/Furniture/Garage/Models/Cardboard_Box_C.fbx,57024,f7378608f3e7f0ba2321dc3328fba8e891f3301f654921e8d17ecf388a1fa5a5
assets/Furniture/Garage/Models/Cardboard_Box_Covered.fbx,148128,bfee6595f70ef657768eea5a3198ed824f45f54de5c05a75039ed3ad433174ee
assets/Furniture/Garage/Models/Cardboard_Box_D.fbx,34848,34f81cbd122abcefce76996cdf7b590bc6175cb556d68b4fa87a2f3e835fe673
assets/Furniture/Garage/Models/Cardboard_Box_E.fbx,47888,26d37b51a5422ca919298a751e58b280d603ad4b8b7848a29a4789a1479a71e8
assets/Furniture/Garage/Models/Cardboardbox_Squeezed.fbx,26832,6b8f7d52f8e3aab6bfe43d9fc71a72a46d4ac5a7a2ee06fa4911468403a3893b
assets/Furniture/Garage/Models/Cooler_Box.fbx,71120,cdd1a98458e62770e9b7684a763f6927b7b4f78c3882b1274bd84ecdb09eb545
assets/Furniture/Garage/Models/Cord_On_Floor_A.fbx,33568,f67d18148c513d9c1a4cc45ea2275f5bc0f0c6f9cb561978218d80abfb12b8ee
assets/Furniture/Garage/Models/Cord_On_Floor_B.fbx,73408,05c617f9ccbc1174e7a4518e9f4927a44c32c0aca106ef6e9786a366f023a3be
assets/Furniture/Garage/Models/Electricbox_Door.fbx,25216,fdfab8082fdbbb60736980c2317705d14da83ab092d0587868cd52e3d52b86d3
assets/Furniture/Garage/Models/Electricbox_Fuse.fbx,32768,dc41d5f94b935307136434f4ac84217721aa0fae2184ba2023c2fe2d14dd2c3e
assets/Furniture/Garage/Models/Electricbox_Fuse_Holder.fbx,65840,f72b1ef35448cdd684a0c045d3c5b160c8cfca8e5a7b5cb048185b2d3b3bc195
assets/Furniture/Garage/Models/Electricbox_Main.fbx,304352,0a2b92ac06556791469d43bb6d178a8bb714a4228530c7d4ad7126c3a83e9817
assets/Furniture/Garage/Models/Garage_Shelf_A.fbx,52640,0b05b99c6d214b6477711620ab86040c4d8dfa555df8600af136ce226538471f
assets/Furniture/Garage/Models/Garage_Shelf_B.fbx,48800,34e8a4dc4b17b78411e30f07e050791417797372df87781fcd1822a75ac1cf64
assets/Furniture/Garage/Models/Garage_Shelf_C.fbx,29936,9fc9be8caa804ee54777ddb88719e6a4c4617800026198a68702cecccd93acdf
assets/Furniture/Garage/Models/Garage_Table.fbx,29776,12b17c0c8f2ca40b46258c12145c9521652a9a293fb0309966fa5515de46d0a1
assets/Furniture/Garage/Models/Garage_Trolley.fbx,133952,22310e0697c66fd60a1b873bc7d5a859bbf7912a673aaadab0848dbe168f62f8
assets/Furniture/Garage/Models/Garbage_Bag_A.fbx,99136,6ef564bb3134ea3a9f77f7618138fc3111943050898ccb4b31adad87e14a2809
assets/Furniture/Garage/Models/Garbage_Bag_B.fbx,101136,6df270d297738cc949127a4735c88951598385b29d4abc6db8456a39fdab2a5c
assets/Furniture/Garage/Models/Jerrycan.fbx,122624,f907024e60f0939b4de93c347f7c7271ac82f695ab7a7f6e1e3cbadc8f94f588
assets/Furniture/Garage/Models/Milk_Crate.fbx,121984,12c8177d87237ce09d7242a6cd3a533804e8bcb511f965ad0bac135ef793fcbc
assets/Furniture/Garage/Models/Paint_Thinner.fbx,43488,1b8794bb03f47da9cfd2ff7cb4fd93402c1ab33a4e56430651c4ad62ee34e301
assets/Furniture/Garage/Models/Paintbrush_A.fbx,39536,c434b4ba42f1d85eb3f1cf1307f024015cddf5b505060f876800a5df4d4da234
assets/Furniture/Garage/Models/Paintbrush_B.fbx,39632,e81a4b867df95295a50435364c2a143d02bb684dfc3525f5d1d7348ba92eb574
assets/Furniture/Garage/Models/Paintbrush_C.fbx,39632,34348bf193456470fdd401e4bed1db938547e9bddb00dd802e72f73bd4e1441a
assets/Furniture/Garage/Models/Paintbrush_Holder.fbx,28672,7c8fe4d0894d295f4362457bce2e6c85c5af51a155eb3d5cb23f4522eeacbe53
assets/Furniture/Garage/Models/Paintbucket_A.fbx,72624,058d6524bb6dbe8d548cc9fc6a0ada4268a497c6395949fd8a8ba0e887d9e45b
assets/Furniture/Garage/Models/Paintbucket_B.fbx,65760,cc732462777bdb200e138f6d212d49f06a504d418468630ce0713e8c537ba9c9
assets/Furniture/Garage/Models/Paintbucket_C.fbx,65856,c6ea8eae275fece7f45415f13e3345891b7dc259cd5059772639cdf899edc143
assets/Furniture/Garage/Models/Paintbucket_Set_A.fbx,287648,780491cae130a9efe26126845cc4c485d7293c93957c4f8610adbaa6e40e836e
assets/Furniture/Garage/Models/Paintbucket_Set_B.fbx,192912,457356f0e896731181d90e83d6dc4be6be611a6922fe19a33a40cfc8581bd99c
assets/Furniture/Garage/Models/Painting_Large_A.fbx,27680,cc2e0a565b40e6276092be75aeb75ce88df28ab0d0fc625504665a3a68888879
assets/Furniture/Garage/Models/Painting_Large_B.fbx,27680,a95c1e253de6c759f1dacb25ea45ae17ba2ec6e55c62227408cdd6cdfaef492a
assets/Furniture/Garage/Models/Painting_Large_C.fbx,27680,23db808351c41849f1556e5c244b76186ea9181db6e22e57ffc22656274f6be6
assets/Furniture/Garage/Models/Painting_Medium_A.fbx,28960,12eb573f9750af114b0bb1c0da72d9ccd440cddfd5558430730640baf19c7111
assets/Furniture/Garage/Models/Painting_Medium_B.fbx,28960,6d509d967f256417d111a72acf49e9b0d897e265465d30c65d2f22252d04efe4
assets/Furniture/Garage/Models/Painting_Medium_C.fbx,29104,3710ab52273282e00b2edc4c60a87b7b348af0ed3cb2679fca9e35b5f5ebbc4d
assets/Furniture/Garage/Models/Painting_Medium_D.fbx,29136,a22f183b572a426431b05d6db9521f4886f29084d84574be5fae3058a7150b1c
assets/Furniture/Garage/Models/Painting_Medium_E.fbx,29136,42913420628c61dabe3d08a232b6e1b6ebfd63f2572e7919199b708fb89fd721
assets/Furniture/Garage/Models/Painting_Medium_F.fbx,26528,9fb6db81dbf02f82f4e0eb1aaeb8873dfbb3db0fb7eff09d11093297f67a0e1e
assets/Furniture/Garage/Models/Painting_Medium_G.fbx,28048,05ca8efcae554e5526f251fcd7a0e07e8e2fd4478430a3b287b88adc3ced2a37
assets/Furniture/Garage/Models/Painting_Medium_H.fbx,28048,3f180f82e438e2c74e9aac08f7daea2ebbf89b44406f77b9986c51aa74079dbb
assets/Furniture/Garage/Models/Painting_Medium_I.fbx,28224,952d260efa421226b91f9c2b5161fefdcb895ca55518518d2978272fa5fd613a
assets/Furniture/Garage/Models/Painting_Medium_J.fbx,28048,1fe859123484dddd8b48ccdb336831189dc360019ecf14d76f4294fbb8fa5135
assets/Furniture/Garage/Models/Painting_Small_A.fbx,28816,e48e3ad1cba3de2cca108f99f48180301b639043f6cc96a68d40c3ab6123f243
assets/Furniture/Garage/Models/Painting_Small_B.fbx,28816,e3f50e52e381022907178ae335aa90b933c133f5ebc2197a0bdf3b9c6253929b
assets/Furniture/Garage/Models/Painting_Small_C.fbx,28896,d132e55dbca13e215fc2c833ed7580f348f119df684d4efc490394df6068a690
assets/Furniture/Garage/Models/Painting_Small_D.fbx,28896,83273d35a31fc2a997e737a6946b300af9069fb8db40ae40dea8d58e5fc89cf7
assets/Furniture/Garage/Models/Painting_Small_E.fbx,28816,a573e86ca86205d9611fd9271778f91397a2a7d4e0204a6413a35f4500c20b7b
assets/Furniture/Garage/Models/Painting_Table_A.fbx,30368,b5fe7c1eb815b96af63e87b365d99b0020699aedfdb8225d90702d5ff366b618
assets/Furniture/Garage/Models/Painting_Table_B.fbx,29616,1a33e7d39fb855c582917cab552935afe1e3f95035cefc7317191b7a0bda8026
assets/Furniture/Garage/Models/Painting_Table_C.fbx,30336,4b9b4a3599ddcc1e9240fd3b812c88b42b683ae903d473b66b2996295b3f4868
assets/Furniture/Garage/Models/Painting_Table_D.fbx,29600,c3c0c650a94f37f0201a887eca93bafcb971e00eaaf6061f2d9b736785ce2cc8
assets/Furniture/Garage/Models/Painting_Table_E.fbx,30624,bf79aff4004dfc1764824174f2f59cfc85f198fec3bd4a59a8feb66543b37179
assets/Furniture/Garage/Models/Painting_Table_F.fbx,29712,4cabb6bf292ec9880250d741e3f7b270a61686d09573040c99046830565a0e79
assets/Furniture/Garage/Models/Painting_Table_G.fbx,30464,4051fae9a535ccb497047c8882d8e36c76ea2fbd4070ef56d57796ad7016404c
assets/Furniture/Garage/Models/Painting_Table_H.fbx,29680,9baa812a0bac8c95503b328938d34f0ef8f8d8e9b40cf26fb69450aaeee21ac0
assets/Furniture/Garage/Models/Painting_Table_I.fbx,30384,764eaa2db2ff726897ab10777b8b9349f1c6963e44806de09a63a7a07714f104
assets/Furniture/Garage/Models/Painting_Table_J.fbx,29696,ddcf02d05ea2ffcf1eff9c4ef63cc1c757d32c1e904baf2733c27a37126e7617
assets/Furniture/Garage/Models/Picking_Bin.fbx,44080,cdba5624548935a0e82eddcb79add80bd0e81943a8e8a94f30a06cd4c503dbe6
assets/Furniture/Garage/Models/Screwdriver.fbx,42224,e82a1df186eddb6dabf8da6ccd70c7c930ae6d1d4e024a6969f6a9205834b782
assets/Furniture/Garage/Models/Shelf_Standing_A.fbx,53664,1c005a7ae6a186e3f9b64d609903c1083c4918b69407a5725de958c757f063ac
assets/Furniture/Garage/Models/Shovel.fbx,84128,8c5917b77dc4c832632b7e7f784975c62ce2f1f26142ae8d33c14ffa00e1a978
assets/Furniture/Garage/Models/Spray_Can_A.fbx,36144,eec97cfede930e9cff8c35d9380d7cf6803c4211c58e373d8fa50226fcca18ac
assets/Furniture/Garage/Models/Spray_Can_B.fbx,36160,aa404765aae6321aee9aa8fcf19b1cbaec4d30b638baa34f04603f6bcca560e7
assets/Furniture/Garage/Models/Spray_Can_C.fbx,36112,524ca00d0fbb952471829bf4cebda622b7f3c1b3b4d1e87dc4f168bab2b9c80a
assets/Furniture/Garage/Models/Spray_Can_D.fbx,35952,68abf873a5086bc38c1dab134c9ea47f7900ec3dcf7f9e5ab6448a983cf84446
assets/Furniture/Garage/Models/Spray_Can_E.fbx,45488,4c6817bc9b4a249595f7e5556d83a5bac8543db6cca94564bbe1e44e9228a1de
assets/Furniture/Garage/Models/Spray_Can_F.fbx,45504,11b42798ea5128796733f4096c8579296395ec19039a629b2472a065e3d5de8f
assets/Furniture/Garage/Models/Spray_Can_Set_A.fbx,122640,959c01fe7ff0eee52a180c4a1510552256bc846b18e1f5c97779a881a9408531
assets/Furniture/Garage/Models/Storage_Box_A.fbx,42080,fc8c9e26900c24db7f89010403bb542947263730b7754bb0ee0b7641655927ce
assets/Furniture/Garage/Models/Storage_Box_B.fbx,36432,cf8bbc229933d398a4b38d439d8354275dcd243d2ddc0478a715f6e05bc38516
assets/Furniture/Garage/Models/Storage_Box_C.fbx,38816,f83dfd6743b496778ab2d66bb99da43c3fff135cf5d7630360b7d2cec8b8d01e
assets/Furniture/Garage/Models/Storage_Box_Cylindrical.fbx,38144,761829a4f4ed14e8d85f7ac38bad44a00d13eec8484898e16dede422a77bd437
assets/Furniture/Garage/Models/Wrench.fbx,46640,55f7c7bce371e727d653c6a7bc72fd8c64fb6c3d4be6d6ab2b060d88f85a81ef
assets/Furniture/Garage/Textures/Electricbox/Electricbox_AO.png,9502811,d830a0fc6413418406bf8f106e4cdb5d6bad65e0294cef4f267d0cc29ab680de
assets/Furniture/Garage/Textures/Electricbox/Electricbox_Base_Color.png,15304028,9f4abc82536fbaefbd78a84b9192219ce51235d8352aeaddc6458746288b9da1
assets/Furniture/Garage/Textures/Electricbox/Electricbox_Metallic.png,1814027,38b4dd882b670013bd9019dc9ee0b6b68c017cfb85d4dd121bb58bd79e400058
assets/Furniture/Garage/Textures/Electricbox/Electricbox_Normal.png,26297365,69e614656e30ef5c67704530368e557ba9ac43f3504a5ccf43fa5f0e91736a51
assets/Furniture/Garage/Textures/Electricbox/Electricbox_Roughness.png,15086295,d45c21e07e649e6749f807f76ab9cb940fcd1d3dfa1dc87e133a3c88d147d478
assets/Furniture/Garage/Textures/Garage_Items/Garage_Items_AO.png,1792637,acb67403e0ef4f5701f630826ed1d705e095209c2028a4ce4575c5574338519a
assets/Furniture/Garage/Textures/Garage_Items/Garage_Items_Base_Color.png,7720369,adc652d7d47a2e100fddbbc3a3bff3e21703fd1e0ccd388f30c470e1d2f8871c
assets/Furniture/Garage/Textures/Garage_Items/Garage_Items_Metallic.png,2013695,d3cd9e9cb08f81dae65425a580ecf8d6d2c2981adaecce69c725cca01a79cbb9
assets/Furniture/Garage/Textures/Garage_Items/Garage_Items_Normal.png,7322188,c7c0e0d6fe392bcd3f1466d40adb51d86010371061620ef53f41a262c07432da
assets/Furniture/Garage/Textures/Garage_Items/Garage_Items_Roughness.png,4726927,9fff1d261634e954e734d59e8d98d337446cc5ffd9c757aa254f7c12059f1227
assets/Furniture/Garage/Textures/Garage_Props/Garage_Props_AO.png,9881191,8a116e490b17d5b61e92c2666a5967ba57cde4be8ec3356d4f5b9570e623b69f
assets/Furniture/Garage/Textures/Garage_Props/Garage_Props_Base_Color.png,25838999,5136f16cb8a3a6d214b4d85846dfeb35a6f605c20fa5a7d09fddf08236ff33f7
assets/Furniture/Garage/Textures/Garage_Props/Garage_Props_Metallic.png,859716,a76b39d1780bdec1931ae9714bba72358f19bec9e5e8204cae94d3c1c39ad847
assets/Furniture/Garage/Textures/Garage_Props/Garage_Props_Normal.png,27456402,6dfe7d4e3e7108ee9a08dd1af3d7cba1ea38df0140debb6a0ef810af5271c7e3
assets/Furniture/Garage/Textures/Garage_Props/Garage_Props_Roughness.png,15135969,3c7dab021403db36860ad4784d2b9e6a3eb6bb8430337bd336b217e1d572c6d7
assets/Furniture/Garage/Textures/Garage_Shelves/Garage_Shelves_AO.png,1317501,45a1ac06e97fa3dc2d56305914c1beca35ec1d522117b55081f9f7b54cf8baa9
assets/Furniture/Garage/Textures/Garage_Shelves/Garage_Shelves_Base_Color.png,8094917,7d3d726ca323d03a9c2fca7599036f89851d3175260f1559268fe5d6756d3c8d
assets/Furniture/Garage/Textures/Garage_Shelves/Garage_Shelves_Metallic.png,236864,bc0e0b37ee99fb00cfe3ad2f58d684c1a0b7aaac6670970588cc86e3ca5dd4e9
assets/Furniture/Garage/Textures/Garage_Shelves/Garage_Shelves_Normal.png,7546587,49d924018bddc039cf53842211aba0e01feb34a8405f8eadfcf6538c4f6d0d32
assets/Furniture/Garage/Textures/Garage_Shelves/Garage_Shelves_Roughness.png,4514298,6ccb8bbd79a0a2af5cd065d7aa03dedafb313ca142c0b0fd99633b753c397272
assets/Furniture/Garage/Textures/Storage_Boxes/Storage_Boxes_AO.png,9313662,26500a5397e759ae9c7722d08044b6d2c34e91f0e662d8c53df881fcf911c9bf
assets/Furniture/Garage/Textures/Storage_Boxes/Storage_Boxes_Base_Color.png,30638046,0cd743f1338c70e7efd201a3879354e745945f5534b5a26a3aaba920f9a33dba
assets/Furniture/Garage/Textures/Storage_Boxes/Storage_Boxes_Metallic.png,181532,f1cabf1bc33cbb5dea98011fa3923f22aacc65191a3d2b2b449eca65591f6bc3
assets/Furniture/Garage/Textures/Storage_Boxes/Storage_Boxes_Normal.png,30509399,c475398aeab5822ff76987e5d37c571c6a70f227baa9321bc992513d97cdb29f
assets/Furniture/Garage/Textures/Storage_Boxes/Storage_Boxes_Roughness.png,15070000,bdfa31a61f9e72ec0cf0f3391ad016a8e6790475bc80f56fac5457e829c8c470
assets/Furniture/Garage/Textures/Washingmachine/Washingmachine_AO.png,803758,1ddc3d332ae7fca820522ee89d81f51aaf6adbe5e696ca31f504e9ef06ec54e8
assets/Furniture/Garage/Textures/Washingmachine/Washingmachine_Base_Color.png,5479689,ad48eed265f6da4d9cf2add9654138a48a27162b7a843dac3c2ca2e86fdbf9f8
assets/Furniture/Garage/Textures/Washingmachine/Washingmachine_Metallic.png,211244,15ce2e97f088f9c22cacf37b57466e61d8c69f7ec54f20a9fad28cad6dcbff5f
assets/Furniture/Garage/Textures/Washingmachine/Washingmachine_Normal.png,3918189,b17b2175936bbbfeef56e295f1277c88acdaac25a9750f42e30c00c3c904baef
assets/Furniture/Garage/Textures/Washingmachine/Washingmachine_Roughness.png,4658630,78e68aa3387c0986b1a33165f2508124bc6f72b08a299c599214f6e7d6f26710
assets/Furniture/Kids_Room/Models/Book_Drawing_Kid.fbx,24880,95a853284cd167d155dd761007144a534e7b194c23edc640c155c33bfae67859
assets/Furniture/Kids_Room/Models/Book_Math_Kid.fbx,25616,5a31b353ccc0130e254035d6597a7de94e7a3549a86434d2bbe949fbb6a25ab4
assets/Furniture/Kids_Room/Models/Carpet_Kid.fbx,20112,f884b66c709598ea8d20f63f75a05d7f52829187070c623140d893e965094da2
assets/Furniture/Kids_Room/Models/Folder_A_Kid.fbx,25776,c39bf0dba789e0317b2cb39b596df5d453c4c9289e6070a1c9b5f7ff4c26d792
assets/Furniture/Kids_Room/Models/Folder_B_Kid.fbx,25776,e4a288aa4f56c04c4bc8fd6d1869c06b9ff134c25678ffb66ed32de95ea47098
assets/Furniture/Kids_Room/Models/Jar_Kid.fbx,33104,80841f419b34af9bfe954e6f2f48eadb7e6663b5f8c847fd6ff52c0b01d1a45a
assets/Furniture/Kids_Room/Models/Magazine_Comic_Kid.fbx,26112,1b0e823fc0a72cd5ddef29d0489855486268618b8404f0884f17f5942b9365e4
assets/Furniture/Kids_Room/Models/Notebook_Kid.fbx,26256,edfd9988f0efee03d7657213107126feee6f72d601ad58571ef8e2594d760317
assets/Furniture/Kids_Room/Models/Paper_Box_Kid.fbx,41248,eb76da20f953a905e60370d68bcbe9d9623a536affd3fa49c3591b7bf065d5f6
assets/Furniture/Kids_Room/Models/Paper_Kid.fbx,18240,399afa6548e7333ba4156af4febd80edd7a245046406e92845e414b12962315a
assets/Furniture/Kids_Room/Models/Pen_Holder_Kid.fbx,23168,fd112ee85c3d95827e0058276b93c3e2bcee123239960bd18b85f96eb0ae7e79
assets/Furniture/Kids_Room/Models/Pen_Marker_A_Kid.fbx,26480,5e1a30fc5d56368595d104c1293c1bb5f6d5cc98ff33ce4bbd7a55dd486e8ddc
assets/Furniture/Kids_Room/Models/Pen_Marker_B_Kid.fbx,26448,4268dfee5da7b8eb3af8382746005c54d62388542a7c346bf6f038e04bdc78ac
assets/Furniture/Kids_Room/Models/Pen_Marker_C_Kid.fbx,26464,749ee41d8ef5ff9a66fc048e72330022e0522098aeb77244e5d0a3f19960dc9a
assets/Furniture/Kids_Room/Models/Pen_Set_A_Kid.fbx,49584,e30af7a2efae8f06fee9c40f6a919ff55559083654a06d72b356f1849791e0b7
assets/Furniture/Kids_Room/Models/Pen_Set_B_Kid.fbx,45264,0af6f4600c7639d7765896d660551c4a3e5e24b7b7443af493b3d636e3d60170
assets/Furniture/Kids_Room/Models/Pencil_A_Kid.fbx,22816,eb90a3477d05f9b756c392550d163e927aa775bf2883ed2629030ede2adfcaf6
assets/Furniture/Kids_Room/Models/Pencil_B_Kid.fbx,22816,f915a18d2bbe8e7bf3ce09be806aebb91224ea9081e1201a663c314ef358f17b
assets/Furniture/Kids_Room/Models/Poster_Kid_A.fbx,29808,d9a1fe74b96e0d138c29027d16843dee699d9fdaf4b48537970894dc01cf6842
assets/Furniture/Kids_Room/Models/Poster_Kid_B.fbx,31232,009d3fe99d733cbcf40d328f24e848ec0341172971116d06d4e3e3167c481533
assets/Furniture/Kids_Room/Models/Poster_Kid_C.fbx,30336,5c6c20b8255828a469af27114e8a8475b862a1db1894e1e53d550923e8a30edb
assets/Furniture/Kids_Room/Models/Poster_Kid_D.fbx,30896,45b4f9680ec5efed0a29125e4138e7b0e25ec825239b7b1f78521bed90665222
assets/Furniture/Kids_Room/Models/Poster_Kid_E.fbx,27840,fd969b358013e8f894ef2e740d4984e06b37f23385c8a77174b07c63d318e3f9
assets/Furniture/Kids_Room/Models/Poster_Kid_F.fbx,29296,380f2fbcb24b9766928b833cdc160708e4e8840f50c50d84bf2e75212d9219bd
assets/Furniture/Kids_Room/Models/Poster_Kid_G.fbx,29296,d34c03d949d484ded701d6ddaea259311e8a9e2d7dbd32084ba31e065e9ef0ca
assets/Furniture/Kids_Room/Models/Toy_Block_A.fbx,23472,7d8ee78b156ec72cbb76aa245ce223b88609692af798cbc27c918998dd6cb3f9
assets/Furniture/Kids_Room/Models/Toy_Block_B.fbx,23472,bfbf84416bb1a03bb2de2be74833bc27b84caf7969c3f14c334ad304ac83be2b
assets/Furniture/Kids_Room/Models/Toy_Block_C.fbx,23472,2838b874e488d1d917d92b1b5f2f46ef13fbbe4c88ebb13792c40a412f25b71d
assets/Furniture/Kids_Room/Models/Toy_Block_D.fbx,23472,9b76c1a46e30a2fb53f4273e23d0bfe1ab8cfdd25e1b072040fa0d15d066ae77
assets/Furniture/Kids_Room/Models/Toy_Block_Set_A.fbx,37952,2421c031a32f0ab1a32a908bc1da3a01b127b72be5f99077abf925f4f1ebfb88
assets/Furniture/Kids_Room/Models/Toy_Block_Set_B.fbx,43728,94f4a366feba31db41b82f42a5c0f470ee9b85f279a6ea13a7e373924cb7200d
assets/Furniture/Kids_Room/Models/Toy_Box_A.fbx,33728,7ed0578cc6cd3f0dfb5c6dd01c11d7f04f304de109207c3dd3be72b6005ea464
assets/Furniture/Kids_Room/Models/Toy_Box_A_Lid.fbx,28736,fa92049a6cbecf592d35fef9ff33963d14ebce3ff902bec879bb2fb991eb0ef2
assets/Furniture/Kids_Room/Models/Toy_Box_B.fbx,24352,93337c87018fea671106650b82b9f1f26064442f5aedc62e07f08c55fda023b8
assets/Furniture/Kids_Room/Models/Toy_Car_A.fbx,37456,0ece7c67d1ffc8359d85116a84f05c8995b3dea9c690bbec20cd20ac8e599372
assets/Furniture/Kids_Room/Models/Toy_Car_B.fbx,37472,1b3a4a13f5d48e26a661a39dbf4d49d48572aaa15d595355b0ddaa426cf84aa6
assets/Furniture/Kids_Room/Models/Toy_Car_C.fbx,37504,c58d6d26ff4ca33782fb3a13bcaf7fd4faf58d4a9bf0ddbcf1da79626abbf1f5
assets/Furniture/Kids_Room/Models/Toy_Dinosaur.fbx,62464,cee5e7a63d4d6a8185e7fa02be9a4f2a1d6043725b0c59563cbd62ea472a70cb
assets/Furniture/Kids_Room/Models/Toy_Muscleman.fbx,123056,038ba2b90f64e31d20d8d7c21514a3563a5e13b9a979d322f89a6f3db97a88d3
assets/Furniture/Kids_Room/Models/Toy_Racetrack.fbx,48032,0afe6d741a0e998cc8123da335458781f4b52e68671ca53ca069fdaec4ff2fdb
assets/Furniture/Kids_Room/Models/Toy_Set_A.fbx,241888,06896a7e9d68ef04a31c07ab41fcc851a5199d7e5c1efe2edbcd37531e08edd6
assets/Furniture/Kids_Room/Models/Toy_Teddy.fbx,166688,e2f4ae447b15eee39c3141d21f6b0bc057df696b162e55cb97beddab2fd03c76
assets/Furniture/Kids_Room/Models/Toy_Truck.fbx,64640,37a5008b30105d15602c2d777a2169d90d40c04e320cac26fb4a9d5a7bdb8cf5
assets/Furniture/Kids_Room/Textures/Carpet_Kid/Carpet_Kid_AO.png,6558,736b3dcd99c68471fb7f7823b8ffcc4f5f8547491e64d99707f2cb883ccd655e
assets/Furniture/Kids_Room/Textures/Carpet_Kid/Carpet_Kid_Base_Color.png,2107186,2511c8147db3cce6cebf2348bf8d7121b319f02add79e704be16ca570297131c
assets/Furniture/Kids_Room/Textures/Carpet_Kid/Carpet_Kid_Metallic.png,6279,92d8237792119217dd3f9e85af1b6b5e338c841b84d977594a6e22fbb34abf7e
assets/Furniture/Kids_Room/Textures/Carpet_Kid/Carpet_Kid_Normal.png,2677102,f20a322ea98f48a7a2866f139b84a3814feaf4d0dbed95a976a806724df1d59f
assets/Furniture/Kids_Room/Textures/Carpet_Kid/Carpet_Kid_Roughness.png,1095575,1cde6c1ae16cff18f0daf85481f41fe6b77708d6e3cbd306299175df148c190f
assets/Furniture/Kids_Room/Textures/Posters_Kid/Posters_Kid_AO.png,184842,06bc4bbc4cc80ef686c20efc82a5106668970a68cf24f06437c8ae1cc1a6dc41
assets/Furniture/Kids_Room/Textures/Posters_Kid/Posters_Kid_Base_Color.png,7066701,79be2f8525c1953fbfbc9e56d262479d4638c0c25d62b75d77ae4f744c302782
assets/Furniture/Kids_Room/Textures/Posters_Kid/Posters_Kid_Metallic.png,20521,ede92eac0f0d25a087bb5f386a85fdbd7107f1269bdaecb433507e9d86bf9aaf
assets/Furniture/Kids_Room/Textures/Posters_Kid/Posters_Kid_Normal.png,2618730,3d336e1ac2c4e802754808d96d4ce1d3846ed5712e3bcc3ce0a6a4d2da381684
assets/Furniture/Kids_Room/Textures/Posters_Kid/Posters_Kid_Roughness.png,3392338,8d6109973d0ea082c5e037f82a2a4cd146bb84b1896444b5c5fb897937810e95
assets/Furniture/Kids_Room/Textures/Props_Kid/Props_Kid_AO.png,1183034,f16d6c7cad071f0db1586dc3fd0dd050876ca3ef2653c5e0a993c0476a2463bd
assets/Furniture/Kids_Room/Textures/Props_Kid/Props_Kid_Base_Color.png,8227690,e266283b03cf8ba674007ca713cbef1633d1909f80d9bfaf6d94959fbbdeebdc
assets/Furniture/Kids_Room/Textures/Props_Kid/Props_Kid_Metallic.png,25481,d1878b5df30cbe6971fb3783252b4964654276a069121d98705cf4d5d03da9c6
assets/Furniture/Kids_Room/Textures/Props_Kid/Props_Kid_Normal.png,5507225,de0a4ecc488a67f2a336e99404b1793c7d332b351ddad07478d228220b1d94c7
assets/Furniture/Kids_Room/Textures/Props_Kid/Props_Kid_Roughness.png,3709663,5e1a081565f381a34a3f4b206178a4ce312ff261660ade99f9a6afa00aedcd5f
assets/Furniture/Kids_Room/Textures/Toys/Toys_AO.png,2370048,9674649cc2ff1e48a6b2b965f41803bb9aa7bb83f04185b76d175c884042b8c3
assets/Furniture/Kids_Room/Textures/Toys/Toys_Base_Color.png,5500900,61b42634a3d32b2fadce66efd606ffc27410791f819ad1e6d8b8e5d9b6abea9d
assets/Furniture/Kids_Room/Textures/Toys/Toys_Metallic.png,60566,8c8ce1c017fba53de7eaad2f9b8cdf6f7252ac1aa0dcf212cf2d763c33db3e7e
assets/Furniture/Kids_Room/Textures/Toys/Toys_Normal.png,8487146,cbb621054210d28d2de4b8ab3f4c8a17465c15006c3665a5868ca5c64a90a4b2
assets/Furniture/Kids_Room/Textures/Toys/Toys_Roughness.png,4016479,2a53b13f72371150d78e6ffe644d348b5b53d031bbd33837923cf39ad65f235c
assets/Furniture/Kitchen/Models/Bottle_A.fbx,30000,ac2cb36308603f0e0617ffccbbde3f7c0caf056d92bb29666cfd56a6e94a45f9
assets/Furniture/Kitchen/Models/Bowl.fbx,39456,6ba1d920d42bd8ebfdfc9f2e1189844fb36b998a5af1f1ae116b674c1244368e
assets/Furniture/Kitchen/Models/Bowl_Cereal.fbx,50672,27f58ae9c28f9b25ff9c95fb92c99f42a5473324dff88b5d65c5988d3ff986b6
assets/Furniture/Kitchen/Models/Bowl_Cereal_Pile.fbx,87520,8d5ca6f0565b29f2ab9d82592e3e7a7618099a30c47d942ea1f9e8857cf2d2f0
assets/Furniture/Kitchen/Models/Bowl_Pile.fbx,36416,16164d840a930f50f3eb74468f046b836de4348071945a6deafbc7358b67fd1d
assets/Furniture/Kitchen/Models/Can.fbx,29824,c5e1c52f4f8226a5918118e08b14a70e285169a3cca34c4360d7e626453e3a7c
assets/Furniture/Kitchen/Models/Chair_Dining.fbx,89664,0af3a9e8097829bcbdbdc9727f054687bb9bf7f4eaa320a6e59a04f0d351296f
assets/Furniture/Kitchen/Models/Coffee_Mug.fbx,37920,45cc4062ec29c82a1458d5722b59f0375a5f284dee7532aca6472dd599ce2c63
assets/Furniture/Kitchen/Models/Coffeemaker.fbx,203104,f4fb4350fdadf8d288dcea2d204da65b075def0a048021c533bef53850eff3ec
assets/Furniture/Kitchen/Models/Cooking_Pot.fbx,55264,657a4a8e1925c39da1ba1166fadb5d687f1b25ec729a8839a006b115d36406ca
assets/Furniture/Kitchen/Models/Cooking_Spatula.fbx,31984,54c06df5fa27760bdfdc2fec07e7af9436f82f6ce718a26e91f02a979c01e914
assets/Furniture/Kitchen/Models/Cooking_Spoon.fbx,42256,4fa4613f6ee90b8e2d119a480a93d8be85e22c9281824fd5f053cdd709da77a3
assets/Furniture/Kitchen/Models/Cooking_Whisk.fbx,55488,ea5a26c5bd7f36ef2f41d9dfd8fb88b89518da2a09395118d33f84416e17e54f
assets/Furniture/Kitchen/Models/Fridge.fbx,119376,aaee9ec488d444b780b324aad45c677162eb84d1bfe0a26de22263348c3fd971
assets/Furniture/Kitchen/Models/Frying_Pan.fbx,62592,89899a75aeeac319a8b6472c3ea5f8a37c5587633ea1c0211f5fcc09f1a7d9dd
assets/Furniture/Kitchen/Models/Glass_Drinking.fbx,29488,dbc4863d2d73a1b03b09dfe8705e962c5259a3cbcaf9df5d275a787e75a84938
assets/Furniture/Kitchen/Models/Glass_Drinking_Pile.fbx,38704,412127ade442a6c18fb4c5efd1f33f891d0ba6faaaaa3bfdb05c2b05beb1def0
assets/Furniture/Kitchen/Models/Glass_Wine.fbx,45072,ecf72b3aef83c3f8a73d4420d5e9d909e93842f391ec15967a844c2bdc14f8c8
assets/Furniture/Kitchen/Models/Jar_A.fbx,40240,a69f29c2ed59a35e4206980b29f3ae9f10655d24624d9b98ee399baf204b0de1
assets/Furniture/Kitchen/Models/Jar_B.fbx,43792,7487291349e2a806a902be97c888e46036a17262a7f9f891467b6181a55bdfb3
assets/Furniture/Kitchen/Models/Jar_C.fbx,36048,1db36cc2eb35525a707834ea49fbca4693342802a6a89f2502cab587810e19d6
assets/Furniture/Kitchen/Models/Kitchen_Cabinet_A.fbx,30928,a4014529ee818a50097f1ce173110b7dc407e3cadcbb4d26a575587d3fa12df4
assets/Furniture/Kitchen/Models/Kitchen_Cabinet_A_Door_A_L.fbx,40176,cee23fb6e83fd4c27fb05c6186194ef0b7f6965658c482178d1e43b0a9bcde06
assets/Furniture/Kitchen/Models/Kitchen_Cabinet_A_Door_A_R.fbx,40384,e4391b7016d2f74ca68371c2b4e09332a31ed07ce424c566d8d2a5f9ad0ad873
assets/Furniture/Kitchen/Models/Kitchen_Cabinet_A_Door_B_L.fbx,49696,f6f99d67c778e87d59df8243298cb0f515dfe60a6f480a8cea9e69a619203381
assets/Furniture/Kitchen/Models/Kitchen_Cabinet_A_Door_B_R.fbx,49808,b14634d4df6bcd1fd6d5d600fa14d3974d244feaafed53c384457309b3a6ab6a
assets/Furniture/Kitchen/Models/Kitchen_Cabinet_B.fbx,30496,5a6246c6dfb07cd6078d64e7842137d1576e0cd1dbe004d74e303dc1ad8bba5c
assets/Furniture/Kitchen/Models/Kitchen_Cabinet_B_Door_A_L.fbx,39872,0ceacb4b986a8bcf9fe1a8b837b4c0d89eb509f66401dd38597b9a47488248a5
assets/Furniture/Kitchen/Models/Kitchen_Cabinet_B_Door_A_R.fbx,39248,e29e9b0ea7dc0c8aa4387d0f1950a7625980424b3a5424a030cdce5b678bf468
assets/Furniture/Kitchen/Models/Kitchen_Cabinet_B_Door_B_L.fbx,48720,9c8d09faf910e2701290b0f86361f8852d92f1fe1c7252f0d013a50b18e7f57b
assets/Furniture/Kitchen/Models/Kitchen_Cabinet_B_Door_B_R.fbx,47584,7222334fea3aa946ab09324ab8540ea3d259112cd1385518dc9fa9f196422c97
assets/Furniture/Kitchen/Models/Kitchen_Cabinet_Corner.fbx,32496,765425e31fdc609769425403199be36ee240a9e9b8604f5a1e2752817046a34e
assets/Furniture/Kitchen/Models/Kitchen_Cabinet_Corner_Door_A.fbx,40288,88e8db804461524e5e9eefeedec0d0ee5812020e3aa7c4814e424ac4e20dabc0
assets/Furniture/Kitchen/Models/Kitchen_Cabinet_Corner_Door_B.fbx,49728,768afa442f0c92e74a5922bd73da59011fc77cd9ed6fd3c721822dd6f0f21819
assets/Furniture/Kitchen/Models/Kitchen_Cabinet_End_L.fbx,27600,1d85e81103fd6cdc7054eb14224e7aa7b8edef4b5df12c835d74af27bb21a365
assets/Furniture/Kitchen/Models/Kitchen_Cabinet_End_R.fbx,27536,73abdf8ac8399e88943e1e4662f75aa57dd3264c80a7a9d652a7a44f6944b338
assets/Furniture/Kitchen/Models/Kitchen_Cabinet_Large.fbx,34528,76ec0793647f61c1d1246dc7b3d2383f4406519e2dbdd689c7d1f01bbc1ad426
assets/Furniture/Kitchen/Models/Kitchen_Cabinet_Large_Door_A.fbx,40240,a53a27ec1259696fe6596afeed4a25939c4e2db6a9aeb184d3053f5ca0e445f7
assets/Furniture/Kitchen/Models/Kitchen_Cabinet_Large_Door_B.fbx,38112,ba736512ede6b7e2d6d52d207ca00b60fce2b4480d380c336e8b3bb4235f0608
assets/Furniture/Kitchen/Models/Kitchen_Cabinet_Large_Door_C.fbx,38144,2e477203c52c894858855a19fcf08ad073db6c67baf9f635953615a5e3f74e25
assets/Furniture/Kitchen/Models/Kitchen_Counter_A.fbx,33600,0951d93bc235a0b58a8820f88549439269b3a090b75718c4ffbafc806f635bb8
assets/Furniture/Kitchen/Models/Kitchen_Counter_Corner.fbx,32448,306782b071fbd3dd5907212f0caa4b699b68e6d9d146ae3e1cdc6f0325a76f5c
assets/Furniture/Kitchen/Models/Kitchen_Counter_Door_L.fbx,38144,6993d3bb942f31a6792c5acefabaae51148269b08a436e2170a8c947dcdd533e
assets/Furniture/Kitchen/Models/Kitchen_Counter_Door_R.fbx,38160,6a044fe5d44eeb07143ed5d2dba90d334dc57c3e7c0cfae7f8d930bf648fb68f
assets/Furniture/Kitchen/Models/Kitchen_Counter_Drawer.fbx,35984,2a221ecf0b03dbc0e107c7e751e309af3f023879782b6f422299a611071479a6
assets/Furniture/Kitchen/Models/Kitchen_Counter_Island.fbx,43280,f527bcb2546ead8c92917e3d19ac5c8a99e96c3a1daeac51df7cd410213a6e73
assets/Furniture/Kitchen/Models/Kitchen_Counter_Sink.fbx,218896,a862c6bc8824792c0b9a33c28234a8d8d013b0bb457b592556d55e6654ca8941
assets/Furniture/Kitchen/Models/Kitchen_Items_Set_A.fbx,150640,4ae685b2ab6af7a34b69cc09e65ca7a2fd05255b9f8cd34ee0889f9c9503571a
assets/Furniture/Kitchen/Models/Macaroni_Package.fbx,22432,0ee7ce1b4a13544b295a5778c0e3a1a984619b7f11289fcd7d0db922a4b76fdc
assets/Furniture/Kitchen/Models/Metal_Plate.fbx,25856,f7f0653e1f4d3192c3a5494a3436a79c1d6713a98b6c13fb2d5d6957e4c8476a
assets/Furniture/Kitchen/Models/Pepper_Mill.fbx,45520,541e59c40e53a009467b6f752b3bfa420a4c1fc1fb2d52e38059148114caa45d
assets/Furniture/Kitchen/Models/Plate_Pile.fbx,47296,45a048dfe3a1ce9bb01c65a0720d23de34cd700a6adeae96600633420c9cf2ec
assets/Furniture/Kitchen/Models/Plate_Single.fbx,44336,d9ef07f91936fd83536d0e0bcc9de6d9a9103985f0493ca37da36ee81a270906
assets/Furniture/Kitchen/Models/Pot_Kitchen.fbx,73456,9881a9512a2731d432e61bbcee2ec38193a1d7a399d5a99dc52c1b8e26c38670
assets/Furniture/Kitchen/Models/Stove.fbx,215888,cc1126a8642423a56dc074d2938f13dcc429f0f7496476c5c12449432e4762e4
assets/Furniture/Kitchen/Models/Stove_Cooker_Hood.fbx,36576,6946926bce0b7c0327f54c167f93a0204af82542c80535033e2386704cf911f3
assets/Furniture/Kitchen/Models/Table_Dining.fbx,101248,e604729b6843d2a41ce29808a8a909d3002c94ded6b6728f73651bddad066e96
assets/Furniture/Kitchen/Models/Teapot.fbx,80784,f5a8e0bf68d34c447d872925cb2f585b07a6898303259a4b88c7b145b32e38eb
assets/Furniture/Kitchen/Models/Utensil_Holder.fbx,25152,6b70d5dd9863bb234e220c13e361121caedebfc752d215cfa675c8ea9590464e
assets/Furniture/Kitchen/Models/Utensil_Holder_Full.fbx,102336,8b3bba67c8734d661d316608476fa7bc7dfff3f9fc0d07ea9d58730a8f0746ff
assets/Furniture/Kitchen/Textures/Cabinets_Kitchen/Cabinets_Kitchen_AO.png,2104814,34651c065688b2d8eeac91e72d96d82ff788dbbab63288258077950962adcdfb
assets/Furniture/Kitchen/Textures/Cabinets_Kitchen/Cabinets_Kitchen_Base_Color.png,7542394,cfcd2f1194b825b2a9a32a861f4d177291a38f55703978a4fb6928885e9f5e16
assets/Furniture/Kitchen/Textures/Cabinets_Kitchen/Cabinets_Kitchen_Metallic.png,305505,a6fd826b340282ae443cdfb55592391c1a2593782ff5606f83c086f7443afbbe
assets/Furniture/Kitchen/Textures/Cabinets_Kitchen/Cabinets_Kitchen_Normal.png,5882804,53d7b8e20fbb5ad09c5312346639e36fc36e5aef7e42a716acef43e7b9c93d83
assets/Furniture/Kitchen/Textures/Cabinets_Kitchen/Cabinets_Kitchen_Roughness.png,4210967,bccb2a1c1fa0867af3e223f6c6158e48eddf6306db335207980c2155772471a3
assets/Furniture/Kitchen/Textures/Cabinets_Kitchen_Worktop/Cabinets_Kitchen_Worktop_AO.png,1612820,6711aff566fd93c0a6a0d7e852c72e05329087b9ef2a2a957c074a38b2797df5
assets/Furniture/Kitchen/Textures/Cabinets_Kitchen_Worktop/Cabinets_Kitchen_Worktop_Base_Color.png,7151308,7ced9a52298378877e5dc2141e03b36659228226d49e02be971c053c4f478a4f
assets/Furniture/Kitchen/Textures/Cabinets_Kitchen_Worktop/Cabinets_Kitchen_Worktop_Metallic.png,179984,d84cdd06ee7eab7b5a208c875e66c818e5957a3d24169db83a98b4316139e6bd
assets/Furniture/Kitchen/Textures/Cabinets_Kitchen_Worktop/Cabinets_Kitchen_Worktop_Normal.png,3132982,fc880d8115a54d893396611f3d3aa0d04c6d2fe3df33a7ff28306df18abf355f
assets/Furniture/Kitchen/Textures/Cabinets_Kitchen_Worktop/Cabinets_Kitchen_Worktop_Roughness.png,4564454,0162286c2791c525fdce38deffeabef559ea30975fd21768a25925dfae0c750b
assets/Furniture/Kitchen/Textures/Coffeemaker/Coffeemaker_AO.png,1899846,631f225b215d7603a59eee3f24d0ef3308c64a56f9c602346a8b9d4b8a005924
assets/Furniture/Kitchen/Textures/Coffeemaker/Coffeemaker_Base_Color.png,3504069,6e424fc399b5d83c6de88ce974ce9f93756277ce561c8e63e247e46d82ce4651
assets/Furniture/Kitchen/Textures/Coffeemaker/Coffeemaker_Metallic.png,143171,ba793508f8199ae478a382a769ccf7954f9533972d2c9f1c699384beb8450c7a
assets/Furniture/Kitchen/Textures/Coffeemaker/Coffeemaker_Normal.png,4843153,9fa8cbd909c7acdfd2d6e24128bc674731191095b82cf309513c1f7755aec068
assets/Furniture/Kitchen/Textures/Coffeemaker/Coffeemaker_Roughness.png,3458322,43efeaa2db445ab52dc0c795466538339f6395a660a1008830f42ef94532639c
assets/Furniture/Kitchen/Textures/Coffeemaker_Glass/Coffeemaker_Glass_AO.png,871931,3886ac509b633a1febc604a63bd220d89ab93ed04be1bc7e7c63175de9fbe6f7
assets/Furniture/Kitchen/Textures/Coffeemaker_Glass/Coffeemaker_Glass_Base_Color.png,1539902,7453ad5ec429bf69e663616344ef88e102f63f80cdd1cf8d35a0a9f261142130
assets/Furniture/Kitchen/Textures/Coffeemaker_Glass/Coffeemaker_Glass_Metallic.png,20521,ede92eac0f0d25a087bb5f386a85fdbd7107f1269bdaecb433507e9d86bf9aaf
assets/Furniture/Kitchen/Textures/Coffeemaker_Glass/Coffeemaker_Glass_Normal.png,2444750,633bbcb7d54f672c443d0feaa12097ac149e5aff2dad37f215ea9cf9c1546486
assets/Furniture/Kitchen/Textures/Coffeemaker_Glass/Coffeemaker_Glass_Roughness.png,1120378,ffaa42698516a3f89b01452d4deb37b8e8d03c79fd40208524957e731d1c56e8
assets/Furniture/Kitchen/Textures/Fridge/Fridge_AO.png,2486703,4adeb1a7bb0bf85b1f5a8bd262f216771310e0945f1e9366972879d07bcff9ea
assets/Furniture/Kitchen/Textures/Fridge/Fridge_Base_Color.png,4047574,26ef7e416f2b379d814fe64d6d540533a55a4d2b37d7d3a74c122490ce79b5a0
assets/Furniture/Kitchen/Textures/Fridge/Fridge_Metallic.png,103116,3b0ebd23850a805bc1b14a5b612395a9dc387d6e0c83508dcba0cde683f8f7b5
assets/Furniture/Kitchen/Textures/Fridge/Fridge_Normal.png,3874810,e0a27e2a623869e93c92981f47c9bd76642a0b182132e01fd04d8f5922de134f
assets/Furniture/Kitchen/Textures/Fridge/Fridge_Roughness.png,3838952,fdd3d35007f7849383253193843555bb9d19af5e1139957884779e9e15bbe915
assets/Furniture/Kitchen/Textures/Kitchen_Items/Kitchen_Items_AO.png,8333206,e6570e0d1cd4b920e3ea14386268c316d0465eeea3e890b99c841d3abd0cea95
assets/Furniture/Kitchen/Textures/Kitchen_Items/Kitchen_Items_Base_Color.png,19231223,18b125edcd4b52e918646df72b0453f57fa0afd17bc09afb113b2d497c28dc3f
assets/Furniture/Kitchen/Textures/Kitchen_Items/Kitchen_Items_Metallic.png,1377456,f2a3579a7a536aa13cb2a7fa33d87c2e29094284954d30a7c28b511d13debd27
assets/Furniture/Kitchen/Textures/Kitchen_Items/Kitchen_Items_Normal.png,23235046,47b77cb38daa0bd203a0e1ae563214463b8fcf7fe07e9708136680e03db62785
assets/Furniture/Kitchen/Textures/Kitchen_Items/Kitchen_Items_Roughness.png,12672200,2c51b150e834b3d57d67f6439a41a7cdbb5985f6018f295f0b51c7c31c4522b8
assets/Furniture/Kitchen/Textures/Kitchen_Props/Kitchen_Props_AO.png,1665533,ea545e658d778a289eee04d0fa26a60da09a022273da8eeec0c7cca9920a0ca9
assets/Furniture/Kitchen/Textures/Kitchen_Props/Kitchen_Props_Base_Color.png,5574606,03c803885e4e967e263824faf7a21bc8f7cc5c271ed2986f3f584f26527f961f
assets/Furniture/Kitchen/Textures/Kitchen_Props/Kitchen_Props_Metallic.png,365352,a88efdee72c877437d66525ff4160b62903c89bf2bd8b0b9095bb817ff507aae
assets/Furniture/Kitchen/Textures/Kitchen_Props/Kitchen_Props_Normal.png,5500082,290319c606516288a224383f0c620d22594a6b4b06f9e681f71ffd3840adc6db
assets/Furniture/Kitchen/Textures/Kitchen_Props/Kitchen_Props_Roughness.png,4155554,42d785e9b25a75282f10effd6fc2e480d535b7d50009f05639d46a4cce6fd506
assets/Furniture/Kitchen/Textures/Stove/Stove_AO.png,2576722,ccc3fc28f5fd6db2399fd71bb12c48234df6b466b9da94c6941fb49e4b379c28
assets/Furniture/Kitchen/Textures/Stove/Stove_Base_Color.png,7027265,d3467852dbb69203ad4dd26b26edf359e02d47391a7ea99c979b2906eba574ee
assets/Furniture/Kitchen/Textures/Stove/Stove_Metallic.png,1487132,2a8d4361a5def2435789ae2f235de8b0b749d232dfc4dca79ab03cc265ec8bd2
assets/Furniture/Kitchen/Textures/Stove/Stove_Normal.png,5120549,e6b8ab898d4b82584b2b5b58be76f5b80609951c073c65d5fda4eba51e3efe6b
assets/Furniture/Kitchen/Textures/Stove/Stove_Roughness.png,4296935,4d7565a54643d35e5443400fd15a2797faac4661f082771487e03d34b2741ec0
assets/Furniture/Kitchen/Textures/Table_Chair_Dining/Table_Chair_Dining_AO.png,5096940,f952b3d55153aad8b93d744a7b357566fb7d5918836aba925cfc26471aa7529c
assets/Furniture/Kitchen/Textures/Table_Chair_Dining/Table_Chair_Dining_Base_Color.png,31610240,53d916ded6d6b441d0bf9477371d10a0baa8b72b389bcd87fc359f82069147b7
assets/Furniture/Kitchen/Textures/Table_Chair_Dining/Table_Chair_Dining_Metallic.png,73053,11340402f368c9c10ef273ab69506d913c647dee6c12f0df909bab6a69574bd1
assets/Furniture/Kitchen/Textures/Table_Chair_Dining/Table_Chair_Dining_Normal.png,24308525,32f50a83da33569f88cee884724957eeadb66b484a0615a42e93ec4810da4178
assets/Furniture/Kitchen/Textures/Table_Chair_Dining/Table_Chair_Dining_Roughness.png,16630476,849e64a63a384d828137c76cca91f3f826899dd7cc731ce79ee37228e5cf8271
assets/Furniture/Lighting/Models/Lamp_Ceiling_A.fbx,50208,381635b47a59a8c0e69fe3ef41a01201e7067e35a094000c61fc567809af25f3
assets/Furniture/Lighting/Models/Lamp_Ceiling_B.fbx,32352,1aefe968f8e08037addae0486bce5dba77b461d034385aefdae99861756fe86e
assets/Furniture/Lighting/Models/Lamp_Ceilingfan.fbx,143856,10c437c403ae738b423bbf434eb95ff654593ca725fc99839a8795e7da7e0f94
assets/Furniture/Lighting/Models/Lamp_Chandelier_A.fbx,632080,d2d033f4d0ba9790a28721e9b343f1927ebbd2ff6e943b147e10279f67a58a29
assets/Furniture/Lighting/Models/Lamp_Chandelier_B.fbx,493632,3454e32bf287efbd823d217c7d9e6e62e50d58b2e1ea23e98dcf552f1800d473
assets/Furniture/Lighting/Models/Lamp_Floor_A.fbx,199600,9c7ed7c7785acd8ff8f94de54bdd6418733bd29ecc9c341b7580c837cd91d574
assets/Furniture/Lighting/Models/Lamp_Fluorescent_A.fbx,25936,7f349b1a2347c11e6a58342aee809fd2a3f54da05e32a69e4afe30e8926b148e
assets/Furniture/Lighting/Models/Lamp_Fluorescent_B.fbx,32864,a9bac1d98cf1c5782eb678acdc73936107096afbe47bebca32d8a52993c85500
assets/Furniture/Lighting/Models/Lamp_Table_A.fbx,156560,f33a1bc344aadefb46c35873f01540fada3c8e7b6b426e72e3e54e294c8fbf17
assets/Furniture/Lighting/Models/Lamp_Table_B.fbx,143136,216b333bf6cee5c2a5a37a2a3a3fc56bd3aaca1196fbf2f5162a55ec36e71975
assets/Furniture/Lighting/Models/Lamp_Table_Rocket.fbx,119392,0689eb87ce108852d9afbae22a66f5f30051b01fa440a866ba80628ee0ff3c98
assets/Furniture/Lighting/Models/Lamp_Wall.fbx,150304,08c9579e922309aaa3afaa2eb754114ccb1efac3cbe715d3a4593256f15d2cb5
assets/Furniture/Lighting/Textures/Lamps_B/Lamps_B_AO.png,3038098,d35b952bdad562682623b37f6bdd5424ad36939d035cbd3a56a5c8d594a0611c
assets/Furniture/Lighting/Textures/Lamps_B/Lamps_B_Base_Color.png,6600387,484b3bb69014d110da07019fc5c0c95fd5c6b508e737ebf3f103f5729309a272
assets/Furniture/Lighting/Textures/Lamps_B/Lamps_B_Emissive.png,1259572,468feeecb7d6602f5b12b8f1ec7987235f2b13638d25807a17d676802b135a3a
assets/Furniture/Lighting/Textures/Lamps_B/Lamps_B_Metallic.png,1139764,541ba0ccc14cbb8d28ab8e19231eb250f4715decfa9b9eba40c999dad338764d
assets/Furniture/Lighting/Textures/Lamps_B/Lamps_B_Normal.png,7798480,1c26b7885ba914d002c1106051c0eaa50e21e35bc2b235b4494137bbd26eaeb6
assets/Furniture/Lighting/Textures/Lamps_B/Lamps_B_Roughness.png,4208271,c4c557f7ff04e9f51254d472f6d9514f1355dc7537ee43c699280f8887654da3
assets/Furniture/Lighting/Textures/Lamps_C/Lamps_C_AO.png,2384901,4c35a4e31719b5a5ac36552afc8d9c0ff1ca23071e2cdcdf7bc28da1769ee5de
assets/Furniture/Lighting/Textures/Lamps_C/Lamps_C_Base_Color.png,6439798,63cbe9c0c7c3b35a4c972f24b7834310664429c53612018c2f105607f619dd9e
assets/Furniture/Lighting/Textures/Lamps_C/Lamps_C_Emissive.png,678433,2ae38cef4e49a7a39654341d7861c80fff58c897deb5a6e1e085a07a11759f6c
assets/Furniture/Lighting/Textures/Lamps_C/Lamps_C_Metallic.png,678925,71d4d54fb399add1913d3621cdb968d01e55353e2c7a106a35c357ad2f69bc40
assets/Furniture/Lighting/Textures/Lamps_C/Lamps_C_Normal.png,6524179,d51285f6fd2fa5e0cc80ba735ea12344a8cbdae86a23eeb562f81fc1eedc0e8b
assets/Furniture/Lighting/Textures/Lamps_C/Lamps_C_Roughness.png,3531505,cf70c64f1bc667423f9d7afe8bb15c71ba67dbd18693d52bc26f0f5b9e415c82
assets/Furniture/Lighting/Textures/Lamps_Table_On/Lamps_Table_On_AO.png,1886921,44be73da35ede6bfd49bf109e2f60a13d40bb85409406e1214dd4aff9af73254
assets/Furniture/Lighting/Textures/Lamps_Table_On/Lamps_Table_On_Base_Color.png,5145832,b5fe467c44b27394941f7bdd2d784b330c16fbb793529650fdc0d8f4a33c695d
assets/Furniture/Lighting/Textures/Lamps_Table_On/Lamps_Table_On_Emissive.png,3513037,e3115fa230e710392075d01225453265ba63761b64c99bc58f97f1669700633d
assets/Furniture/Lighting/Textures/Lamps_Table_On/Lamps_Table_On_Metallic.png,343948,ced7a7a387aa3e9aabb4c18ef6b163795183f85ed8d438f33146dbd31d594780
assets/Furniture/Lighting/Textures/Lamps_Table_On/Lamps_Table_On_Normal.png,6205469,311da67c9426b13d6a83a930e91e8475e8f1703a3ea449e4dc939b3dc7274260
assets/Furniture/Lighting/Textures/Lamps_Table_On/Lamps_Table_On_Roughness.png,3509814,85931e7b83a2200a513019c42eae63bfdfe7944dada97febd9b70c4bcb366ad8
assets/Furniture/Living_Room/Models/Chair_Arm.fbx,251584,33bb0a265bc13a9bf7827224b192ffec286a27016021b6f521ce0ea451d53a76
assets/Furniture/Living_Room/Models/Couch.fbx,733008,e9551a78160fbf2d4c2e4d8c0cdadb4edc140f41be355decbc9b345056103cfa
assets/Furniture/Living_Room/Models/Curtains_A_Doublewindow.fbx,210640,0fc2520fdec867100040422ca10ecc8369402cc10ddc093cd17b2cbaceb3e7ee
assets/Furniture/Living_Room/Models/Curtains_A_Singlewindow.fbx,210720,9de369f40bc5047fe983caf1b6418d025e1ac757cafd321506b51fbb0dd4c028
assets/Furniture/Living_Room/Models/Curtains_B_Doublewindow.fbx,272144,22b095d0daaa0fd1e6cf76b17f17e484046f19ab7029a2586820bf815ac28b27
assets/Furniture/Living_Room/Models/Curtains_B_Singlewindow.fbx,272208,def93692ecd625cc37ab451e179305e6ea45059597bcc0280c440b8c1809b61a
assets/Furniture/Living_Room/Models/Curtains_C_Doublewindow.fbx,81616,d6a694214139907ac5f44e60748b60a32ba5825abd0cc9727521e2e7c1dff080
assets/Furniture/Living_Room/Models/Curtains_C_Singlewindow.fbx,81616,4b41a8397e0d01c2c62dd4d23887d9253e189eba6295b3f812ea8779f9e1fb5c
assets/Furniture/Living_Room/Models/Curtains_D_Doublewindow.fbx,81488,e00eb2bb9e0796e6bc543548a177aaa6b0798a1905f8a5bff1689be7d41bbd56
assets/Furniture/Living_Room/Models/Curtains_D_Singlewindow.fbx,81520,972cabeeb53aa3009d1f8055bd501fa4748139c6429fae61a43dc2c0b58d1c4f
assets/Furniture/Living_Room/Models/Tv.fbx,27744,67d3ddf5bf10c3eed9f439154f12ef701ec4a6faaf8b9c42ecaa89030b8e6a0c
assets/Furniture/Living_Room/Models/Tv_Remote.fbx,87792,311d2ad8998da78385ac3927fbf4909094abb25cef1d48e4acb9f6f4b76ca88c
assets/Furniture/Living_Room/Models/Tv_Stand.fbx,27568,f42215fe7b619afaf36c9e83b4f2fb4e4a51be41a054d13b33aedcbe9f7b2d71
assets/Furniture/Living_Room/Models/Tv_Stand_Door_L.fbx,33456,494ff638d78c046ea1f46576126b1e339fcf780c51ce10b7bbcc4a670f504292
assets/Furniture/Living_Room/Models/Tv_Stand_Door_R.fbx,33888,85d6315a494f8a688e84317e2f18c0eacc625391e29b267cbcdc2c749f8a7c37
assets/Furniture/Living_Room/Textures/Chair_Arm/Chair_Arm_AO.png,1283071,50d1d74b126d4dcf7ec998558e3f0b09ec588af25107ea17110972698918ec4c
assets/Furniture/Living_Room/Textures/Chair_Arm/Chair_Arm_Base_Color.png,6039783,8438a0c9a31a3f87827ba03c266deed43dd5039e5d3f39a16088a22d96daed85
assets/Furniture/Living_Room/Textures/Chair_Arm/Chair_Arm_Metallic.png,20521,ede92eac0f0d25a087bb5f386a85fdbd7107f1269bdaecb433507e9d86bf9aaf
assets/Furniture/Living_Room/Textures/Chair_Arm/Chair_Arm_Normal.png,9642268,fb84cf7300d9f7a515449577722618889526646c3f14f34c153d6f752519b449
assets/Furniture/Living_Room/Textures/Chair_Arm/Chair_Arm_Roughness.png,3419902,431d7a57056377aa8c2fa1e1ef83589c761200ca48cde22611d070894a0f4dcb
assets/Furniture/Living_Room/Textures/Couch/Couch_AO.png,2011228,c1e8304ab4dd6b4a4b5c7a71af64e2a5c7c58b52f27763298de9fd3a52e25855
assets/Furniture/Living_Room/Textures/Couch/Couch_Base_Color.png,7096108,448a3defcf6765f5cb8964d31e2bbaa50a409f0cc0077908c644e034ebf0525a
assets/Furniture/Living_Room/Textures/Couch/Couch_Metallic.png,20521,ede92eac0f0d25a087bb5f386a85fdbd7107f1269bdaecb433507e9d86bf9aaf
assets/Furniture/Living_Room/Textures/Couch/Couch_Normal.png,7562126,4b0bfd62506439c9c37cac31acb207cd6e532f0812551a8009fffce14cbf8d55
assets/Furniture/Living_Room/Textures/Couch/Couch_Roughness.png,736032,cc7565b3657beca05977408843963264ace3506b8e9843a07385294493202572
assets/Furniture/Living_Room/Textures/Tv/Tv_AO.png,1105768,f66d6ece77075e19b058b2fa88adbf791cb65d2f33d3e06e6da5372ff33d589c
assets/Furniture/Living_Room/Textures/Tv/Tv_Base_Color.png,4608129,90fccd1bfba9678c91362665b4a2befe06e45d5a2f0b8a47a1b0fe6f22a15755
assets/Furniture/Living_Room/Textures/Tv/Tv_Metallic.png,20521,ede92eac0f0d25a087bb5f386a85fdbd7107f1269bdaecb433507e9d86bf9aaf
assets/Furniture/Living_Room/Textures/Tv/Tv_Normal.png,1157544,c68917c4ac741108c035673b4f7a91e0fcab7d902328c91f1603524ed5288b71
assets/Furniture/Living_Room/Textures/Tv/Tv_Roughness.png,3992744,af3dbfa5f0a8dc368782f9b8d522e0bc76a8052b5df1bbdda7b14013945c2406
assets/Furniture/Office/Models/Book_Pile_A.fbx,64576,f7f7381883563975abe8a723fbbadb8d8229c6d4202888de092fd78733d5024e
assets/Furniture/Office/Models/Book_Single_A.fbx,38384,b8a30d13501f40e7a6d5ee1d4df7f4a572dad6d5555580fffa5a6a432db54658
assets/Furniture/Office/Models/Book_Single_B.fbx,44784,334af629613b08fb82970bd67094adf53ceaf00b7bdf1032244f3d079fc0b709
assets/Furniture/Office/Models/Books_A.fbx,25664,0a903b0fbc12101d39e08cff8b1d5cb3ca99f8bcb87f5bd37f77d3c73b7cc8df
assets/Furniture/Office/Models/Books_B.fbx,27600,aa7c187819a25d934c4d1f4730bb14002c2e19e8225c6a48cbcbc540c96e2095
assets/Furniture/Office/Models/Books_C.fbx,25168,b04c60c81f6e157d1add0875d93d140ff405f4f524d684d2a80f2cde85868921
assets/Furniture/Office/Models/Books_D.fbx,29120,da38945c2dafe64dd4e019ca184447d10d3f8b3b64902df3903791f4216811d9
assets/Furniture/Office/Models/Books_E.fbx,25856,de7c40b3782e553d9968e4ef48f652d3084155a60ba437f6f76e7d1d0164b082
assets/Furniture/Office/Models/Books_F.fbx,26640,c5c229744acf798dd65cde24f40e8dc0fd94512c1891cfd505329154fd399690
assets/Furniture/Office/Models/Bookshelf.fbx,28608,c622b63b3e12f11ee7cfdfb248c3173eca1bfa6c5ca2298558e0a6aa949d83c6
assets/Furniture/Office/Models/Bookshelf_Door_A_L.fbx,38704,6f2efbe7c995f78f81fd99eb459108b6c6527209801f3441b0f353928122be98
assets/Furniture/Office/Models/Bookshelf_Door_A_R.fbx,39200,e6dd89deb30556dec258383ed8b3ba9fdf36f93f3e988269f48763cbd8c9a59c
assets/Furniture/Office/Models/Chair_Office.fbx,230000,a4880d9180a119d66fd7ba75512e846d5825049a585acf6448ef130862f0ea03
assets/Furniture/Office/Models/Chair_Workdesk.fbx,64240,e76071e7d8f2d055dc29ae2d1d4aaaede5a6e83a303a3610bbad78a0cf2fa48b
assets/Furniture/Office/Models/Desk_Office.fbx,112128,77caaca696286a951a654b7598b27d05048d906e2ecd4e66e255930ecfe06512
assets/Furniture/Office/Models/Desk_Office_Drawer.fbx,43264,6bc0a5966c1dfb0ca9820db394c33e5be39c3228a16e017782d9fcaac2dad91d
assets/Furniture/Office/Models/Folders_Pile_A.fbx,25232,4f23fd2259065b7a439f3fa69d9af48c7dab16a80f36c74873f72eb8b51f19f1
assets/Furniture/Office/Models/Folders_Set_A.fbx,24848,fb7dc3c218c14aef860963bd6356fc2c736f36a936ca958acccaca4ab6f4b1db
assets/Furniture/Office/Models/Folders_Set_B.fbx,24848,5d5251fc83b3880f6fb6d9b8f8c05ac4cc7a1af800a62b72b6a8cb86e9799d6d
assets/Furniture/Office/Models/Folders_Set_C.fbx,24704,ac7181d4252978cc25ee2d9351e8293ff2704f7e077d5a6a3eb6681e0791555f
assets/Furniture/Office/Models/Papers_Box_C.fbx,41104,38598fb2ab5ff76922f9ef0dbc4f5f84b6fd85747a05ab08ef960496fbc6cbbf
assets/Furniture/Office/Models/Papers_Box_Lid_A.fbx,23040,4c6cf96426b2ba18b04d9826ceeb379fcc262512856814b16aecde9efbb562fa
assets/Furniture/Office/Models/Papers_Box_Lid_B.fbx,23040,1f628a94d8be3f669dbf732189458d1f3f4001f96f286e0aa911998c8ecb004c
assets/Furniture/Office/Models/Papers_Box_Open_A.fbx,26480,abdec21ab750a5799580fb26138363eab1e12432bd030dc5fde4b949fce3143d
assets/Furniture/Office/Models/Papers_Box_Open_B.fbx,26480,8c958b07ac1a153e7449d7d51e0b3c3995d7d54a6d07144e13fc1f1ab7c32488
assets/Furniture/Office/Models/Papers_Folder_A.fbx,32672,0503f5329c6480f4697676ca9f5bf22cf3786944197a2e6675b6a38d675f5150
assets/Furniture/Office/Models/Papers_Folder_B.fbx,32640,dd5ef17ff383de0ea9fafe6579d079563427834530fa73285d8794df1af54211
assets/Furniture/Office/Models/Papers_Folder_C.fbx,25872,f5ccc53270409054d02b64771fc6ae2a5839225dee08b1cb9a6557fb47e0bbaf
assets/Furniture/Office/Models/Papers_Folder_D.fbx,48000,a3c737cd2d3969417debbfb84ace6bcb895ce5e34d4484dbc9b0f26b7e515377
assets/Furniture/Office/Models/Papers_Folder_E.fbx,24496,7c8a07659a24c055e034633da8c51d2b9577a9dbf2f42085647490fc572a6fc1
assets/Furniture/Office/Models/Papers_Folder_F.fbx,25664,d6c4925c1e309f77f0d5294bbc50c980736de30238e1d015a100f1a5f405877c
assets/Furniture/Office/Models/Papers_Holder_A.fbx,48880,fd46a6349b57aa8aed520d9ad48e9a5d2e5c5024e0852a192a096b5d8114fd5b
assets/Furniture/Office/Models/Papers_Holder_B.fbx,23856,ecd007fb511d5cae184fcaf435fe3e29bc57a038cdafe11f5a3322aa6a4041ff
assets/Furniture/Office/Models/Papers_Holder_C.fbx,28896,d831b1e687f8b2136c7eecd62c7376dfb614a9d2671fcf374feef0897455d225
assets/Furniture/Office/Models/Papers_Pile_A.fbx,24544,98cd5ed53a9cfb91a1b290af4e4b6cc965e94c4da8fe9271263d8d90bad5a0a6
assets/Furniture/Office/Models/Papers_Pile_B.fbx,28688,2e6a33779ade20ddb40f544aa31b1d77f25948a2bbfcab743d829ce78726136f
assets/Furniture/Office/Models/Papers_Pile_C.fbx,30880,80424d30df3678d6241d7210693c5c24519b21f43aef98db94ba25855c01645f
assets/Furniture/Office/Models/Papers_Pile_D.fbx,27888,a09198eef1cf2d27766e090c5d1587f2ee1cc459a79640ac71e9ce0618eb4cfb
assets/Furniture/Office/Models/Pen_A.fbx,29328,94bd2346ace234e8809dd6c4c840c3f94d5cb784c0c3fc09cc78e81c28fbfbf3
assets/Furniture/Office/Models/Pen_Holder.fbx,24512,672b489be4254125f8b0d7b01ae8146881651dcfb920e1e08bc45bb7f5846497
assets/Furniture/Office/Models/Pen_Holder_With_Pens.fbx,120480,2dc1638b5db5a004eb588b25bb8b1cf65401747dd63fdc2f9374b777ff72f1b9
assets/Furniture/Office/Models/Pen_Marker_A.fbx,26496,41977dffea6c6075aa4b387c68c40c44560e88e63a4fd25c3c4dffd848f8229a
assets/Furniture/Office/Models/Pencil_A.fbx,22816,6da96c804e0d574f4678d8da49ba79341c6f7f90fc6afaa4d1bc620847ede265
assets/Furniture/Office/Models/Pencil_B.fbx,22816,5b1c2bfa55024ba5119215a124704ec2394444dbf80777ac393f7cf00dd3c901
assets/Furniture/Office/Models/Scissors.fbx,53296,16518fa48d4e1efff70ab3254d99d3568e7dba23bcc5b5bb797ee64655a6a194
assets/Furniture/Office/Models/Workdesk.fbx,32048,16ee272d57a7be297394e0fc76e4793a6dabf5fc642cd1d26ffcc0314e1481dc
assets/Furniture/Office/Models/Workdesk_Drawer_A.fbx,31600,101b0ca2b1642d841388ed4f2bec0e5a5154bf0105304106d5b9dbede6b82208
assets/Furniture/Office/Textures/Books/Books_AO.png,11530343,567b43ac7320e3a23ace21150a9069cf9d0193a1a4239e672d635e4fa76e98aa
assets/Furniture/Office/Textures/Books/Books_Base_Color.png,34626811,be3f9c804e8279e62ecd5fba1ce736ed2a3527e5f7a3a8cecd5581eca871cb60
assets/Furniture/Office/Textures/Books/Books_Metallic.png,73053,11340402f368c9c10ef273ab69506d913c647dee6c12f0df909bab6a69574bd1
assets/Furniture/Office/Textures/Books/Books_Normal.png,27878006,304aa6b3528b2159f7646f951b71f425dc7832051b3799508278401bbe718199
assets/Furniture/Office/Textures/Books/Books_Roughness.png,15474258,b79029d2ef2d33cf871634fdb9c8ec411653a4bbaa5ac60d78b030a025397068
assets/Furniture/Office/Textures/Chair_Office/Chair_Office_AO.png,1924594,29a43e1b00a25bc82cc577d8d80c1316ada3675a3b2df1ad792932af8c2b7b97
assets/Furniture/Office/Textures/Chair_Office/Chair_Office_Base_Color.png,6658005,fcd8bc1abd2a2dc7f41f6c30338198a1eded4abfbc48d6313b68ae8a99e45f03
assets/Furniture/Office/Textures/Chair_Office/Chair_Office_Metallic.png,20521,ede92eac0f0d25a087bb5f386a85fdbd7107f1269bdaecb433507e9d86bf9aaf
assets/Furniture/Office/Textures/Chair_Office/Chair_Office_Normal.png,7166199,cbca8f659909f9227627d7fbadb2c53d2daa41f7dc86caf3b483179954811a18
assets/Furniture/Office/Textures/Chair_Office/Chair_Office_Roughness.png,4028925,9660637dda48158c742d30bd683db065c8eb4dfdddc990d14b107af178fe0fac
assets/Furniture/Office/Textures/Desk_Office/Desk_Office_AO.png,1371809,3fa3e7fec89049c7b6c2d7f2f0b64f24016487558ca8860f644b429038ee554b
assets/Furniture/Office/Textures/Desk_Office/Desk_Office_Base_Color.png,7293970,0666e1366cb9ff7afad759f9585f51d6511993d0ad8d78d8d01cdc6f24ff2766
assets/Furniture/Office/Textures/Desk_Office/Desk_Office_Metallic.png,46739,fd381ae0646927b4e008ddc31874f3181dd4fab504e1a11cc1b7b3e2512e8b56
assets/Furniture/Office/Textures/Desk_Office/Desk_Office_Normal.png,3774561,c77101f5da6f5d94357ed659044c78ff7cfb7d2ac7ee1f4b3f6f5c6c9ae322ed
assets/Furniture/Office/Textures/Desk_Office/Desk_Office_Roughness.png,3874160,400513e8c52260872af2d395984ff5ab5da29be9159a090d11211f25ee897c1f
assets/Furniture/Office/Textures/Office_Props/Office_Props_AO.png,7615592,8380a1ddba294fb0bebaa5df907594131e17694d4806ad8c02227d013de70659
assets/Furniture/Office/Textures/Office_Props/Office_Props_Base_Color.png,29749404,f8b9ad95964af68c78ac7c291a02c50317e334efcc423f74d437d2a0d2461e9a
assets/Furniture/Office/Textures/Office_Props/Office_Props_Metallic.png,326048,86c4d1483d2fcdb90c94f8e9380a30172694bf9f27ba021a4be2780c70e28861
assets/Furniture/Office/Textures/Office_Props/Office_Props_Normal.png,21273492,f38484105cb377a2ab83c1817eb33bb7db52becb0f818ee15a7eb025d6ce06a7
assets/Furniture/Office/Textures/Office_Props/Office_Props_Roughness.png,15319323,4fe55a6f6cc9ed1e5bbd6d046c846123765eb517d74a08d6ea30d47aab4b2fe3
assets/Furniture/Office/Textures/Workdesk/Workdesk_AO.png,1083093,603df1e997b18ce3ad823ceb8d822c5b9fda3d592064bad0a4ea58b8d46f9e54
assets/Furniture/Office/Textures/Workdesk/Workdesk_Base_Color.png,6957410,5b1a32d166b548422ffbf1332fbc9a87c5be1bbe3f1e2b93ccacfef13ad6bd06
assets/Furniture/Office/Textures/Workdesk/Workdesk_Metallic.png,244959,a11120bc1bb0eaac4180b2a65de65405612edf8044c776ccd432835b94d8ed81
assets/Furniture/Office/Textures/Workdesk/Workdesk_Normal.png,5886179,7ab00e947c00d5cf170d5c0047f370f9f32ca31149e2101fae2a50731d7c389f
assets/Furniture/Office/Textures/Workdesk/Workdesk_Roughness.png,3999324,8ece8f403da4167f9b058d6cd11796fffdc32b460967836307ecb6a809792b24
assets/Furniture/Seating/Models/Arm_Chair_01.fbx,251612,2952efcfc27c406a9fb3bde345716863b651ec7f3c1bd375b39a53f4b7009898
assets/Furniture/Seating/Models/Chesterfield_Sofa.fbx,317580,e9eb3ce8054ed73cc2a05dbf30a054142719b6f084c6a09399f57fa680b7ce1a
assets/Furniture/Seating/Models/Pillow.fbx,60300,51214b0acfa7b628c394423584180938ed67ab23d8bc356e749802c321ed4544
assets/Furniture/Seating/Models/Sofa_01.fbx,191292,89b85b2c945f33df895729176b9107cad6bcffd6a76a2cb978ea7a300fb2cda6
assets/Furniture/Seating/Models/Sofa_02.fbx,141004,801400a7bcfbe631535457dd80fa46e2ac32114966706d9350af4429621a6447
assets/Furniture/Seating/Models/Sofa_03.fbx,281644,e005a5f5bdebad79c5bd94f72f4050c79ab0ae33ec64bc700b19542dfd59b250
assets/Furniture/Seating/Models/Sofa_04.fbx,116080,531e1447847cb0af0a395aa14beaf900a7270309db59bb3b33ea4f1e9c4a3a20
assets/Furniture/Seating/Textures/Arm_Chair_01/Arm_Chair01_Diffuse.png,57113211,ecb78b3a1bf24c8013f4436365439a33d257254298c04c6fbba733e7463b23f9
assets/Furniture/Seating/Textures/Arm_Chair_01/Arm_Chair01_Metallic.png,32742,5b2fc3d5d5063adc538794218fd793851f53a01fd08008725ac577f46200b466
assets/Furniture/Seating/Textures/Arm_Chair_01/Arm_Chair01_Normal.png,69068768,bf2759f507a0d3b584c66453ae708bab67ebbd8ab08515ad6fdbb7921d9aa8f3
assets/Furniture/Seating/Textures/Arm_Chair_01/Arm_Chair01_Occlusion.png,1315078,1d8e438fe72e7ea983558e94eb6f9deaa4218079a061aaa020035dbc27e69019
assets/Furniture/Seating/Textures/Arm_Chair_01/Arm_Chair01_Roughness.png,7326558,a6a34237cb729626b5c6287abb0abc4535e8ea90d4e49c30979227895f31573e
assets/Furniture/Seating/Textures/Chesterfield/Mat_Sofa_Vintage_03_Ambient_Occlusion.png,3995769,b4444a8e6e07a35e0a79dbdf7e46483fda0062b03c603c22fe85ce8fb16ab2f4
assets/Furniture/Seating/Textures/Chesterfield/Mat_Sofa_Vintage_03_Base_Color.png,10550191,d621884f19e8cfe56ee4a06fd74b6639bdc6d969eaf805eb4e82d53dac0d1b24
assets/Furniture/Seating/Textures/Chesterfield/Mat_Sofa_Vintage_03_Metallic.png,16411,f790625c24510389aba626a3b4ea80806ad5012b1f838bfbee3b69dd87e3a70e
assets/Furniture/Seating/Textures/Chesterfield/Mat_Sofa_Vintage_03_Normal.png,52555338,8d228b53f4f4e2ad23a6e6e0841c10754652ddc4f88e126f1000633b3dcf5968
assets/Furniture/Seating/Textures/Chesterfield/Mat_Sofa_Vintage_03_Roughness.png,4994936,a8f542ed3544cc7783d5da948ea8634764c59ca2b9d9a8b4370ffe06836007da
assets/Furniture/Seating/Textures/Sofa_01/Sofa01_Diffuse.png,56386275,8cd74536f4d4c65fc91f5d363e316474b4bd52a0d12e38926c043930cd5b45a3
assets/Furniture/Seating/Textures/Sofa_01/Sofa01_Metallic.png,32742,5b2fc3d5d5063adc538794218fd793851f53a01fd08008725ac577f46200b466
assets/Furniture/Seating/Textures/Sofa_01/Sofa01_Normal.png,59736639,f6babe943d42a2d46223f028d21a759bea0af1f1fe636f4719aae43fe59f3667
assets/Furniture/Seating/Textures/Sofa_01/Sofa01_Occlusion.png,831806,ac54fd8c8fd14aa6f98e6ef55b7c44cf62fedafa43747579d56083114352eed2
assets/Furniture/Seating/Textures/Sofa_01/Sofa01_Roughness.png,9521983,52d95ac75cdb6f66978576e91ddec0d8bf491b655d76d98b1d4694ed4327943f
assets/Furniture/Seating/Textures/Sofa_02/Sofa02_Diffuse.png,33920547,7ec1ba19c3e7e0ed39fe42db6333d22e1fc90fd374860614abc194364756829a
assets/Furniture/Seating/Textures/Sofa_02/Sofa02_Metallic.png,32742,5b2fc3d5d5063adc538794218fd793851f53a01fd08008725ac577f46200b466
assets/Furniture/Seating/Textures/Sofa_02/Sofa02_Normal.png,55565095,306e287dcc666543e583f4178a9efe9840d210f408e2e338a97284428e74079c
assets/Furniture/Seating/Textures/Sofa_02/Sofa02_Occlusion.png,1023001,44deba9e4f22b7cfb96428bf8fb99881afa4a0df8d22b5136d6dc4e23c997a88
assets/Furniture/Seating/Textures/Sofa_02/Sofa02_Roughness.png,9745470,50fdf6f84ed63e582ab6e11e562e571563658aa44cb6de789e8e45c57c5fcaff
assets/Furniture/Seating/Textures/Sofa_03/Sofa03_Diffuse.png,71564651,81bdf2811a327ef1c84e1d6a0c9a37f0c8eae007961690f73b3caab57b9596a9
assets/Furniture/Seating/Textures/Sofa_03/Sofa03_Metallic.png,32763,57234324147d5677c2139569ee5b069c9352c09d738881d466c41cf8960b0795
assets/Furniture/Seating/Textures/Sofa_03/Sofa03_Normal.png,29005615,20076cf4aae34e3b84832e0e3b33a05a0ee8c793659a52ddabdfa133106054c3
assets/Furniture/Seating/Textures/Sofa_03/Sofa03_Occlusion.png,17580347,f3140f53d4cb5b602fce13a2e27ad120f337a4cc18a9c0dd91148a2e80c2fc51
assets/Furniture/Seating/Textures/Sofa_03/Sofa03_Roughness.png,18695364,355fdf71ec6a4954fe1ac0499a7d990ee01fdc0a03040e189351bb3fdf119baa
assets/Props/Cross/Models/Cross.fbx,28800,09e8eb7bb29d0810cb5e3465729d890f02e2f855cb8c579ea05d89eb1ba92183
assets/Props/Cross/Textures/Cross/Cross_Diffuse.png,2943327,9893dbedfabdd85664ef1083ef8c547def9eac10c2f4cbe53b823016fc72a6d7
assets/Props/Cross/Textures/Cross/Cross_Metallic.png,7730,a8041d660b8f7db40c8e693c3caa77eb00558367a9161593fc9337cbc57930bf
assets/Props/Cross/Textures/Cross/Cross_Normal.png,1688559,14f82440fd8127585b790a360e4b2628e18bf1d1a8a76fde4d15d2007c70e8f1
assets/Props/Cross/Textures/Cross/Cross_Occlusion.png,685100,6d306766d4f65e7deb28cf81ec7677ad14d9f7279ce55230b65ff4431d9337e7
assets/Props/Cross/Textures/Cross/Cross_Roughness.png,1126572,f86b8ee61d46df1d9739bd1001fdc3b3ddec76712a046fb321f6f9dec0d1252c
assets/Props/David/Models/David.fbx,18470956,bd3848b5966cfb817024f9e70bac0138b4e3fd9d9fbd71f04826d45bd143001a
assets/Props/Electrical/Models/Light_Switches.fbx,169408,9492ec3fcca2941b09d5b29764b61847480f886e546f1791d4ce6c4d051f2c39
assets/Props/Electrical/Models/Outlet_Electrical.fbx,52352,cc5512ce671d70f711df8ed6da7a4ec0679a09148ce1e89d4db2a5fb7e999024
assets/Props/Electrical/Models/Outlet_Gfi.fbx,49184,69bd427f28fe6a38a50b117f988b94e505cd901af25dd1e522bdbbd4129d0901
assets/Props/Electrical/Textures/Light_Switch_Grey/Light_Switches_Light_Switches_Grey_Base_Color.png,4998913,25e069e163f4d797ad6a401b662a3cde4fd4928bed68a304bb0e0936496c17cf
assets/Props/Electrical/Textures/Light_Switch_Grey/Light_Switches_Light_Switches_Grey_Metallic.png,16411,f790625c24510389aba626a3b4ea80806ad5012b1f838bfbee3b69dd87e3a70e
assets/Props/Electrical/Textures/Light_Switch_Grey/Light_Switches_Light_Switches_Grey_Normal.png,4571313,cde065ef9c7477e0e3aca70db54afc9b9f915a68005ab1e29f52322b9ad804b4
assets/Props/Electrical/Textures/Light_Switch_Grey/Light_Switches_Light_Switches_Grey_Roughness.png,1524154,f3e4cd7c76dbd606f113fdb06c2cfb7b7405c88a79c10712812b0a3a426836b4
assets/Props/Electrical/Textures/Light_Switch_Steel/Light_Switches_Light_Switches_Steel_Base_Color.png,6058386,2e6e511ed934e62e639dc26914031abab716ebfdb7dd72d24d6833b0179d81e4
assets/Props/Electrical/Textures/Light_Switch_Steel/Light_Switches_Light_Switches_Steel_Metallic.png,2150457,2a90ea8cba117b6034c720f88d1108a072a7dfffcef8c80adb2bbcfeacf6098d
assets/Props/Electrical/Textures/Light_Switch_Steel/Light_Switches_Light_Switches_Steel_Normal.png,4102487,ed3d8185a277e9a8bae535789d20f623a9e89d6d1190024f16476a626c0035f4
assets/Props/Electrical/Textures/Light_Switch_Steel/Light_Switches_Light_Switches_Steel_Roughness.png,1822713,933ae9d2ab3b0d1b9bbdac132fde5d27b408e4c30cae5f55600882750a8169fa
assets/Props/Electrical/Textures/Light_Switch_Tan/Light_Switches_Light_Switches_Tan_Base_Color.png,6209028,ca81cf92a99b2ce39577682f5e104b0a71630d07fe0ea387c35089d65745e808
assets/Props/Electrical/Textures/Light_Switch_Tan/Light_Switches_Light_Switches_Tan_Metallic.png,16411,f790625c24510389aba626a3b4ea80806ad5012b1f838bfbee3b69dd87e3a70e
assets/Props/Electrical/Textures/Light_Switch_Tan/Light_Switches_Light_Switches_Tan_Normal.png,4571314,6a9dd98ca2c7e0be897eefe0923459171a006a88481ea03bcaa371fe6805bf52
assets/Props/Electrical/Textures/Light_Switch_Tan/Light_Switches_Light_Switches_Tan_Roughness.png,1524194,0462928375e0075f1b64647c04dc919bb9808a9046cb5cdb19672b8e1d00f7b7
assets/Props/Electrical/Textures/Light_Switch_White/Light_Switches_Light_Switches_White_Base_Color.png,7117259,cc9fd766a5b3b3297535fe29bbc73a7ae2dfdcd6a8395bd7aa90533b1c302c7d
assets/Props/Electrical/Textures/Light_Switch_White/Light_Switches_Light_Switches_White_Metallic.png,16411,f790625c24510389aba626a3b4ea80806ad5012b1f838bfbee3b69dd87e3a70e
assets/Props/Electrical/Textures/Light_Switch_White/Light_Switches_Light_Switches_White_Normal.png,4570746,9dcedc416760f99c917586f7ca88ec9e665845c468862f2bc22b319c3b047f38
assets/Props/Electrical/Textures/Light_Switch_White/Light_Switches_Light_Switches_White_Roughness.png,1524185,e770ba454458004c2e11dd424b6c1be4f9dbd7c0e02368722f60559bd4143438
assets/Props/Electrical/Textures/Outlet_Metal/Outlets_Metal_Diffuse.png,2407225,c297796a17deddc171725851cb075c164e32c7a179d1df397ed5c52356158cfb
assets/Props/Electrical/Textures/Outlet_Metal/Outlets_Metal_Metallic.png,1013145,4db50b1e69b7b4adf27eebe1b5d112682921d9d9b5d217de146744e392ec074a
assets/Props/Electrical/Textures/Outlet_Metal/Outlets_Metal_Normal.png,1448649,8531cd91dc419a8bbcd0010d23ecfa63890e618676927b0278021474176af1c0
assets/Props/Electrical/Textures/Outlet_Metal/Outlets_Metal_Roughness.png,676630,e09ff8c1c52aaa12b98bb531e023c2402c5e415629c1788176fc99bc420e350b
assets/Props/Electrical/Textures/Outlet_Shared/Outlets_Occlusion.png,860287,fabdd0af38ff0d3a8de347a243d7eb4e85abe1712b0fc73671380e58580332cc
assets/Props/Electrical/Textures/Outlet_White/Outlets_White_Diffuse.png,1933159,0bb56d2a4061698862556cfa450951e96c52e18a73565690b08cacdbc7a715ea
assets/Props/Electrical/Textures/Outlet_White/Outlets_White_Metallic.png,16693,8c2b618a083b2aac040a9d74a71dec830b63104277de90f5b9d1586a73d1a52d
assets/Props/Electrical/Textures/Outlet_White/Outlets_White_Normal.png,1387234,c6368d52ecede34069f9e258d47cca191d3206566699d7a8cd955796a05ded0f
assets/Props/Electrical/Textures/Outlet_White/Outlets_White_Roughness.png,690801,f2491209370d7368535cb3c4459949e529df87f7b8d7639f126653b5d724464c
assets/Props/Holy_Bible/Models/Holy_Bible.fbx,47440,e8399897caa2185bcbc82d36d7e5d5306370a341d09a6ab703665df4e7a361e7
assets/Props/Holy_Bible/Textures/Holy_Bible/Holy_Bible_Ao.png,624824,af49d8dee8afe428899b6e8b8d572555f6b4f521f6c5f09dd4d3e8f6b09514e1
assets/Props/Holy_Bible/Textures/Holy_Bible/Holy_Bible_Base_Color.png,2152477,e0390084b91a2d7ca3a833db76fa3ccc401f767d12d1c60d09a1170249a3aa51
assets/Props/Holy_Bible/Textures/Holy_Bible/Holy_Bible_Metallic.png,306817,a4adcdf6c2518337b43a77fbd4e6fe36ca5a7e7eb546377f2c1df1c35322b582
assets/Props/Holy_Bible/Textures/Holy_Bible/Holy_Bible_Normal.png,3748937,b7746e070a1054a90b36ccbb656b79ca5a7f0e1d6a36fb84fdbddbba384df06a
assets/Props/Holy_Bible/Textures/Holy_Bible/Holy_Bible_Roughness.png,986270,ef15a4137be5e5cc3d0202615a000398e35159466f314b6229060d635ae84de6
assets/Props/Knife/Models/Knife.fbx,123164,cd9b2bd5e6444198d20b3cdd88eac93496ae645e9bdddcf3a356ccfcb2a23ab8
assets/Props/Medical_Supplies/Models/Syringe_Variation_01.fbx,55532,492cf6114e41bfc3a09d52ff788419c86fba9996fd09115c2159330c8fa3f3f3
assets/Props/Medical_Supplies/Models/Syringe_Variation_02.fbx,62924,0af124b8fd67c5691caafd0fec73b52239c317dac94e2e4992ae62a395de5cf8
assets/Props/Medical_Supplies/Models/Vial_Anti_Venom_03.fbx,29084,ce7e0731e66374b451d0433ceabdb8105f6bbc16b4180f1a0ba2183cb0031304
assets/Props/Medical_Supplies/Models/Vial_Insulin_01.fbx,29580,ae4e2b7028dc3492073f9658e5b42e250f974b731f87921046182ac2bcbbf6cf
assets/Props/Medical_Supplies/Models/Vial_Pain_Killer_02.fbx,29084,ed2c5bb85ad27f1396723b4bd9a977829a3499f0156e3edc7f1e114c314c789a
assets/Props/Medical_Supplies/Textures/Medical_Supplies/Tex_Sheet3_Low_Tex_Sheet3_Ao.png,1244364,c53bd38880815579f9e4e7b6d181261d69f94d70bb74ebf19d1c46465fba0b1b
assets/Props/Medical_Supplies/Textures/Medical_Supplies/Tex_Sheet3_Low_Tex_Sheet3_Base_Color.png,1817709,cb7a4a54d1b70e5e6c977098ce76de4bd3830bb89fd8ffde50cda6031a991e0a
assets/Props/Medical_Supplies/Textures/Medical_Supplies/Tex_Sheet3_Low_Tex_Sheet3_Metallic.png,686487,b0273724d5698e46fd35013722222c3eee8b85d028dfa72aa9323c86dc1cdb10
assets/Props/Medical_Supplies/Textures/Medical_Supplies/Tex_Sheet3_Low_Tex_Sheet3_Normal.png,3489510,0c23bba06974092a9682a77c0eb7d7e948f0e50bcc0a196d50ee4ebec54d8629
assets/Props/Medical_Supplies/Textures/Medical_Supplies/Tex_Sheet3_Low_Tex_Sheet3_Roughness.png,833003,bd91c4446438ae0f078545b842253de255a31441038d8e82ece7a26a7642aa84
assets/Props/Money/Models/Money_Usa.fbx,174592,0844928494eb95f42c76b5de832be4cb62b832015061d2613653ffb55877b403
assets/Props/Money/Textures/Money_Large_Bills/Money_Usa_Money_20_50_100_Base_Color.png,16931048,ffe136e8be51499ad37a0a0fd233c424a9061a51167bca253ca41565f4a19e70
assets/Props/Money/Textures/Money_Large_Bills/Money_Usa_Money_20_50_100_Normal.png,720549,e20d3fcdbd40f1ef708b7e20eab952520e74443a42df74d509652664d8069bb5
assets/Props/Money/Textures/Money_Large_Bills/Money_Usa_Money_20_50_100_Roughness.png,770155,8855bfb9dcf61f33f3f957bf7c716d10abfb955d994a4b8b4d60b1e4700a71db
assets/Props/Money/Textures/Money_Small_Bills/Money_Usa_Money_1_2_5_10_Base_Color.png,26168440,c53c5f6bef30071e575c671a9ac11970fb6a5375ad1f14c069519997f8d16506
assets/Props/Money/Textures/Money_Small_Bills/Money_Usa_Money_1_2_5_10_Normal.png,177684,0b0951251deb6bf7606bbf14c9e1a3f91a68b11a79fdd45b9a33ee7829fefb60
assets/Props/Money/Textures/Money_Small_Bills/Money_Usa_Money_1_2_5_10_Roughness.png,8171298,e7bb780030a1894ac9fdfee4198a0b53e94a0527ad2bfe705f6d524e919c8c4b
assets/sky/kloofendal_48d_partly_cloudy_puresky_4k.hdr,20674857,3061c00a16ecae748e84fd6c44c04804f539c118bb66325db858bad87b11bf88
assets/sky/kloofendal_48d_partly_cloudy_puresky_4k.hdr.meta,76,2dc22701dacb4a25574b096d6e547f8da917505bbf9b975296babc761e45b00a
assets/Weapons/AKS74U/Attachments/Models/1a1.fbx,3176796,db5da8b4e055fc5009e61719706a147de8a9291139012a04c10e519480e73706
assets/Weapons/AKS74U/Attachments/Models/ACOG.fbx,1877468,9de2e81a5bae7e1bb407544b99c3c7d0bfc1963dca256ac83d738ace39785810
assets/Weapons/AKS74U/Attachments/Models/AK_OpticMount.fbx,89388,bc05a50a92f90bc7f5c78291f6a893244f566d63f612f012120c6a9760ef13f0
assets/Weapons/AKS74U/Attachments/Models/AK_Rail.fbx,85692,e6648f057408d6270fca718b73c3f43e1272881bb548f8806f1e100fe50cb999
assets/Weapons/AKS74U/Attachments/Models/EOTECH.fbx,4541964,d157b95ea9a2ffdc57bae4ebc7397b4839335ae19c909ec805cd0d576ff734e5
assets/Weapons/AKS74U/Attachments/Models/pbs_lowuv_final.fbx,1850716,42de221526a714fbc6ba51433ceb1bc89b248738374c14dda52a939b43b109aa
assets/Weapons/AKS74U/Attachments/Models/RedDot.fbx,252076,4207f071ebc73879618ed112391c2fdbfa333ad80bbdb34e63384eb5d3ab7666
assets/Weapons/AKS74U/Attachments/Textures/1a1/1a_DefaultMaterial_BaseColor.png,297613,4cf301c7cff716d9c15a62bb280613fc8ac9262c7b0f62b4f398a912e56c6f48
assets/Weapons/AKS74U/Attachments/Textures/1a1/1a_DefaultMaterial_Metallic.png,6235,072caf66c772cebd4a16e00fd9a3a4cd81d45c9dd7500dc6c657ef44547479ea
assets/Weapons/AKS74U/Attachments/Textures/1a1/1a_DefaultMaterial_Normal.png,2554756,d7482221fd8dad0e7d08d89f1479bd1f0f04b77c7006447e5e8666c08277e4dd
assets/Weapons/AKS74U/Attachments/Textures/1a1/1a_DefaultMaterial_Roughness.png,263479,936df5e7dd69591fb98d8a236784a70e8160378f4d17d2528c181b53ae19d67b
assets/Weapons/AKS74U/Attachments/Textures/p3dm_ru_CZ-32H_1P_Diff.png,5125872,8956e1884b9f3d43b5bed2afb946dc40c6d03df20417d1dd8ca547dd11318e9f
assets/Weapons/AKS74U/Attachments/Textures/RedDotReticle.png,97346,c8eea6bf0b3313d9f18fa873d35a0384cd4663e06fba61bd26533b2fc528842c
assets/Weapons/AKS74U/Casing_545x39.fbx,23068,7d20f33acadf14f9009823bdba2332ffcdddf9f70e215c14b203c360bccaf8dd
assets/Weapons/AKS74U/FirstPerson/AKS-74U_A_FP_ADS.fbx,1852412,22a460e085ad0ada7d2f470ada3526517d9cf9fbdcb1ea5b2e179b18391aaaca
assets/Weapons/AKS74U/FirstPerson/AKS-74U_A_FP_Aim.fbx,1532556,2ea82517c84e4470b96c72924f95ea7b040d6d620c2780068d99789cf83747b1
assets/Weapons/AKS74U/FirstPerson/AKS-74U_A_FP_Draw.fbx,2011292,901b1b0dbbd2da6dfa60462fc4faaf25eea562ae3eaf73b8be86630be3348936
assets/Weapons/AKS74U/FirstPerson/AKS-74U_A_FP_Empty_Reload.fbx,2866972,6e797cbf1edf70f59e579906890084e984e48aa5e521f2f0536f69889e30e0ce
assets/Weapons/AKS74U/FirstPerson/AKS-74U_A_FP_Fire.fbx,2150892,11dc122e4f5c22f8d6c00a3eda4724ed3d2c0a30a6b07cf71851f3e292bbbdaf
assets/Weapons/AKS74U/FirstPerson/AKS-74U_A_FP_Holster.fbx,1964956,373496f6ed85a1cdefb5c3f9dcdc291309df6f465d6f93e7220f725bc4b2e62f
assets/Weapons/AKS74U/FirstPerson/AKS-74U_A_FP_Idle.fbx,2388572,d71f479420f4ad5f9f1bffb47beae442a2803854ae85f33a72ce2c9edb002034
assets/Weapons/AKS74U/FirstPerson/AKS-74U_A_FP_IdleToSprint.fbx,1867260,8eed24cd16683616e38f5ade311560a52ae8ff749daad7c6758b0ed243795866
assets/Weapons/AKS74U/FirstPerson/AKS-74U_A_FP_Inspect.fbx,3159916,9ee88bf3c499f4c7d64b5fcb4ca0752e2edba6c06edc772929a4ffab8e1bc527
assets/Weapons/AKS74U/FirstPerson/AKS-74U_A_FP_Mag_Check.fbx,3033116,7cc930a07cea30aaebeaa4ceeb7e61c9bf3d3b824be33d62445e2815e2813c90
assets/Weapons/AKS74U/FirstPerson/AKS-74U_A_FP_Melee.fbx,2110716,3eb01bddf70d3b7ac23ca1df80976ad76bf59846611a82683d3d19ca1ae8f7cf
assets/Weapons/AKS74U/FirstPerson/AKS-74U_A_FP_Regrip.fbx,1977964,0beb8d464347fed050a5fff6bd99a8f6d5c11a7465bfd08efff239147ebce8c0
assets/Weapons/AKS74U/FirstPerson/AKS-74U_A_FP_Sprint.fbx,1998060,7cda98e99ce2643a1871079b25fe6843998b27e17eb4d44582ed1508b0daad0e
assets/Weapons/AKS74U/FirstPerson/AKS-74U_A_FP_SprintToIdle.fbx,1998396,f912ae1b51899a64df74c3382447212e1a89ad161799863ff9940b3133781163
assets/Weapons/AKS74U/FirstPerson/AKS-74U_A_FP_Tac_Reload.fbx,2623612,c79e592fa9dd0aa968e144edfbff625647dddf7432e62442cf5b09bfbd64c8d5
assets/Weapons/AKS74U/FirstPerson/AKS-74U_A_FP_Walk.fbx,1997660,3b4a97d497407aa3d775ec34ecd69de9a88990c2e795c556b1c77bd66c233b21
assets/Weapons/AKS74U/FirstPerson/Textures/T_Quantum_Basemesh_Arms_Normal.1003.png,9118878,c11205f840d3bec90538a2d4766194b1eaa946d878baf9c5b3b067fe074e25db
assets/Weapons/AKS74U/Textures/AKS74U_Albedo_Transparency.png,18005183,b661a9e34efc97b17598c3ed35ff290d7dff68d3210b88b0aa5eb91a409dc236
assets/Weapons/AKS74U/Textures/AKS74U_Metallic.png,136386,a0b4534f320abd786fd708ae10e5df2e89c1d50369430d75dd860b78ae629a33
assets/Weapons/AKS74U/Textures/AKS74U_Normal.png,20450438,fd83ee68562d67f02636abe57bbb950c84f1b5c9c638d99c339f2943646aaaa7
assets/Weapons/AKS74U/Textures/AKS74U_Occlusion.png,6334356,6d82c30e816f2a52d49a3c2bf2a56c8985113d5482df00f8aba25ff0de6ca67d
assets/Weapons/AKS74U/Textures/AKS74U_Roughness.png,16620923,703a333076ff89befaa4f8877255de79c6cff7878f4c17a3dc619fec855f86be
assets/Weapons/AKS74U/Textures/Cartridge_545x39mm_Albedo_Transparency.png,280148,226fded99bd46b6d103094c3a69c9359e5cd30c45310a821f29a72a08583ea71
assets/Weapons/AKS74U/Textures/Cartridge_545x39mm_Metallic.png,2178,3d1a20af165c31510176ef07b9b6b7214eb2e3ac7a151f65d1a0d78b324036c8
assets/Weapons/AKS74U/Textures/Cartridge_545x39mm_Normal.png,161614,c7ae7e6db02bf08bf412113760f0963ddfb843f48857c1ca5ff958ce3268cec2
assets/Weapons/AKS74U/Textures/Cartridge_545x39mm_Occlusion.png,37640,b27f85f0b78ed7af57897600e3d2bf116434f9b7e715c28de6a25d0918091d63
assets/Weapons/AKS74U/Textures/Cartridge_545x39mm_Roughness.png,267709,b05f44054f7e1c1a3e939841db85d5a58d3f8cfd73a1d800c54679be6280d86e
assets/Weapons/AKS74U/Weapon/AKS-74U_A_W_ADS.fbx,1668924,914a2fb9d189cf2e47986242820953f7fd8f3cca0fe933bbccd3ca75676d5573
assets/Weapons/AKS74U/Weapon/AKS-74U_A_W_Empty_Reload.fbx,1767756,c5d838b3d1d537c2bf62af1ba7d2b50a847f045b95c173250e3154465b0fba09
assets/Weapons/AKS74U/Weapon/AKS-74U_A_W_Fire.fbx,1675196,a40d9f15c33918f4bbfea1cb9a7df2138450ade35ac637acbe8bd93186f72cb1
assets/Weapons/AKS74U/Weapon/AKS-74U_A_W_Holster.fbx,1668924,f8673a0901acb824db5fd56c028938258d756a8bc25d4b98a9b1b03a0f681112
assets/Weapons/AKS74U/Weapon/AKS-74U_A_W_IdleToSprint.fbx,1668924,914a2fb9d189cf2e47986242820953f7fd8f3cca0fe933bbccd3ca75676d5573
assets/Weapons/AKS74U/Weapon/AKS-74U_A_W_Inspect.fbx,1794460,ed56e0bdcc661d9f0f18c7974e7bdb3f536c8ce1cfdd994df074de1f749a2624
assets/Weapons/AKS74U/Weapon/AKS-74U_A_W_Mag_Check.fbx,1787900,15757c8b6ce5d3323b73aa9c5c2916a32eb789c8851673cedb3b2d373c1c3446
assets/Weapons/AKS74U/Weapon/AKS-74U_A_W_Melee.fbx,1668924,c33e70110d26ac4dd1e18aa09c37316380318bf10a10d6b21ae8e58a35c2320b
assets/Weapons/AKS74U/Weapon/AKS-74U_A_W_Sprint.fbx,1668924,da5067d4ebeb206afa19cfcdc44aded226c9e59fc982eda7e09c904bfa30235b
assets/Weapons/AKS74U/Weapon/AKS-74U_A_W_SprintToIdle.fbx,1668924,da5067d4ebeb206afa19cfcdc44aded226c9e59fc982eda7e09c904bfa30235b
assets/Weapons/AKS74U/Weapon/AKS-74U_A_W_Tac_Reload.fbx,1743884,ec5cdab25acb8ed6a091f976e35f5830cd64a33cb7552eea8af19aff201ed9fb
assets/Weapons/Remington870/FirstPerson/Remington870_A_FP_Aim.fbx,1532412,e66efa6a0869af228371242b3b8f81ce7e7295ae1014b79c0ea81894b18502f0
assets/Weapons/Remington870/FirstPerson/Remington870_A_FP_Draw.fbx,3452012,9d10880a0887b58ed74284f8c845d70821ee50a219d1909cc48742d1fb70cf12
assets/Weapons/Remington870/FirstPerson/Remington870_A_FP_Fire.fbx,3428236,7680ef00d028ba7196f999b36d8e47c5ece5e9631ebd636b24735e8ff50062a8
assets/Weapons/Remington870/FirstPerson/Remington870_A_FP_Holster.fbx,3405484,b29d449e110359322f52569fd980f57bb30c46d7d406cad1d45883aa5c2cff7f
assets/Weapons/Remington870/FirstPerson/Remington870_A_FP_Idle.fbx,3786204,970428aaa1e2e9b34482d5058710c8b1f7b1a05458a740bc48e98b1acea45ba2
assets/Weapons/Remington870/FirstPerson/Remington870_A_FP_IdleToSprint.fbx,3324604,af9ad2f9c08f63e38e3a07027a84de45194f5a2afcc48997acfa766a0fb23a54
assets/Weapons/Remington870/FirstPerson/Remington870_A_FP_Inspect.fbx,4661004,db853da0d397abe337ceb4c1ef04afef54c50f292a226f6f629427f717908dda
assets/Weapons/Remington870/FirstPerson/Remington870_A_FP_Mag_Check.fbx,3922572,a602584d85eadfbce33582ec31a447e53e710372d51f86baafe20feebcac157b
assets/Weapons/Remington870/FirstPerson/Remington870_A_FP_Melee.fbx,3561436,ebc9d1d9fe3d11bcad29cabe5eae5f886f51c765ba8047dbb5b91100f5b34582
assets/Weapons/Remington870/FirstPerson/Remington870_A_FP_Pump.fbx,3439356,7d0e98785b0424291e0092719010eb2e8bfd7575f27e64d1bd89797148c18ea9
assets/Weapons/Remington870/FirstPerson/Remington870_A_FP_Regrip.fbx,3406668,c41213ddf139469619d6b2cac95bbf1ba948deaabca39bd1e8118ecc1b0fdf78
assets/Weapons/Remington870/FirstPerson/Remington870_A_FP_Reload_End.fbx,3478604,5419c9ba4b1db9caddbf79772e043fcbb4c8cdfd58e1703d54b4873cb56db3d3
assets/Weapons/Remington870/FirstPerson/Remington870_A_FP_Reload_Loop.fbx,3572540,9ac3e50b81f0b6a16f58eeb392a8a93cacb271dda71d4832f2e5e429290f049e
assets/Weapons/Remington870/FirstPerson/Remington870_A_FP_Reload_Loop_End.fbx,3718828,65b14baa713f8c7d3968ba18c271a9284c73d882421c1530ac1e268d3b72bfcf
assets/Weapons/Remington870/FirstPerson/Remington870_A_FP_Reload_Start.fbx,3420732,2306f80e7a602eb6f42fadb8b4a5287558379cd4ee0198f4aba1bb237b5da34f
assets/Weapons/Remington870/FirstPerson/Remington870_A_FP_Reload_Start_Empty.fbx,4022556,d2088a3448d67cdc49639392edac9439c47d672f1ccd0be509ac7917008037e1
assets/Weapons/Remington870/FirstPerson/Remington870_A_FP_Sprint.fbx,3438972,271355cbfca960547e8c5400b61471e987899a94a839fce5a18ebcc154757b0e
assets/Weapons/Remington870/FirstPerson/Remington870_A_FP_SprintToIdle.fbx,3384476,52c017b2b310e3308319bb9a8b76e41ef3007296e1f0aa70d314a46e346f15ff
assets/Weapons/Remington870/FirstPerson/Remington870_A_FP_Walk.fbx,3438060,f66ce5cd2002b9a3a7ea49e36c033db0242734784070a29e8a71c9b5b96cf9c0
assets/Weapons/Remington870/Shell_12ga.fbx,25372,35debd6c9d14faeba5cd1581685fe09ac9d4b79c3ad5cc1d8d6a172d93ab7569
assets/Weapons/Remington870/Textures/Remington870_AO.png,5625802,47bfb7058370c6489380be6f46f19af65b15901486befe3352e4808c5047cf04
assets/Weapons/Remington870/Textures/Remington870_BaseColor.png,18693478,ad4999bc97ad7489ee7eef9926ed58f887c4a080183640e7addd20520d753465
assets/Weapons/Remington870/Textures/Remington870_Metallic.png,3234867,4d0166018b79bcc3432b4ddf8f462c3bac66b9f68263fe49f9f5db656d3809f3
assets/Weapons/Remington870/Textures/Remington870_Normal.png,14722133,bbdf0593162bf9a631f2a6197498951ff20def1125485f29324b1118dbf4f01c
assets/Weapons/Remington870/Textures/Remington870_Roughness.png,7324283,b33d02d659fda34b88b040956073f78846a477f6c0c49aa1a0725ffff7492c6c
assets/Weapons/Remington870/Weapon/Remington870_A_W_Idle.fbx,461804,dfcdad3a73f3511088db353eae1ba222d060f52bf3ae6402645f188fc9934fac
assets/Weapons/Remington870/Weapon/Remington870_A_W_Inspect.fbx,512748,32f3132146d38b33fd48e018b06c2f4007d746104f3879e8e673ea2b0a71480a
assets/Weapons/Remington870/Weapon/Remington870_A_W_Mag_Check.fbx,470988,083681de0650c81f8bf8f9efe9d41d732fdea734d79d7446a1903ea5cc86cbd7
assets/Weapons/Remington870/Weapon/Remington870_A_W_Pump.fbx,455324,7f1cb40ff6538c95acffecaabfc79c9fac5f6949d24310e596570261a0a46f06
assets/Weapons/Remington870/Weapon/Remington870_A_W_Reload_End.fbx,462124,167e85ed1cbb829e389db166bd911fbd5c6b16848a46b8f28563af27f77f71ce
assets/Weapons/Remington870/Weapon/Remington870_A_W_Reload_Loop.fbx,469052,1a2178029b0aca7a248bbc2e2d2eeccd9c6e93331197e7aca4f1e1c4a7f28b5f
assets/Weapons/Remington870/Weapon/Remington870_A_W_Reload_Loop_End.fbx,482572,cf2c042e808cb2b64ac633675aefa4bda76af125d6389c2e9c4b6e0959d5e6dd
assets/Weapons/Remington870/Weapon/Remington870_A_W_Reload_Start.fbx,461372,c53853e426ffecee9545297bdb7146d0383f3f2bf2c1a831b5b22d162b3309f1
assets/Weapons/Remington870/Weapon/Remington870_A_W_Reload_Start_Empty.fbx,495532,7616e3b304957831bd5522dbc4b5f44d4ded2c15ee735a2882b19f8e9af40859
