kind,source,engine_path,result
model,C:\Users\Jacob\Desktop\Quantum Characters\casual_fbx\Assets\Male\Arms\SKM_Bracelet_L.fbx,Models\Clothing\Male\Accessories\SKM_Bracelet_L.fbx,copied
model,C:\Users\Jacob\Desktop\Quantum Characters\casual_fbx\Assets\Male\Arms\SKM_Bracelet_R.fbx,Models\Clothing\Male\Accessories\SKM_Bracelet_R.fbx,copied
model,C:\Users\Jacob\Desktop\Quantum Characters\casual_fbx\Assets\Male\Arms\SKM_Watch_L.fbx,Models\Clothing\Male\Accessories\SKM_Watch_L.fbx,copied
model,C:\Users\Jacob\Desktop\Quantum Characters\casual_fbx\Assets\Male\Arms\SKM_Watch_R.fbx,Models\Clothing\Male\Accessories\SKM_Watch_R.fbx,copied
model,C:\Users\Jacob\Desktop\Quantum Characters\casual_fbx\Assets\Male\Backpack\SKM_Backpack_Casual.fbx,Models\Clothing\Male\Bags\SKM_Backpack_Casual.fbx,copied
model,C:\Users\Jacob\Desktop\Quantum Characters\casual_fbx\Assets\Male\Backpack\SKM_Backpack_Sport.fbx,Models\Clothing\Male\Bags\SKM_Backpack_Sport.fbx,copied
model,C:\Users\Jacob\Desktop\Quantum Characters\casual_fbx\Assets\Male\Backpack\SKM_Postal_Bag.fbx,Models\Clothing\Male\Bags\SKM_Postal_Bag.fbx,copied
model,C:\Users\Jacob\Desktop\Quantum Characters\casual_fbx\Assets\Male\Chest\SKM_Bag_Banana_Chest.fbx,Models\Clothing\Male\Bags\SKM_Bag_Banana_Chest.fbx,copied
model,C:\Users\Jacob\Desktop\Quantum Characters\casual_fbx\Assets\Male\Chest\SKM_Banana_Chest.fbx,Models\Clothing\Male\Bags\SKM_Banana_Chest.fbx,copied
model,C:\Users\Jacob\Desktop\Quantum Characters\casual_fbx\Assets\Male\Chest\SKM_Puffy_Vest.fbx,Models\Clothing\Male\Outerwear\SKM_Puffy_Vest.fbx,copied
model,C:\Users\Jacob\Desktop\Quantum Characters\casual_fbx\Assets\Male\Chest\SKM_Vest_Hunter.fbx,Models\Clothing\Male\Outerwear\SKM_Vest_Hunter.fbx,copied
model,C:\Users\Jacob\Desktop\Quantum Characters\casual_fbx\Assets\Male\Cloth\SKM_Bomber_Shirt.fbx,Models\Clothing\Male\Outerwear\SKM_Bomber_Shirt.fbx,copied
model,C:\Users\Jacob\Desktop\Quantum Characters\casual_fbx\Assets\Male\Cloth\SKM_Bomber_Tshirt.fbx,Models\Clothing\Male\Outerwear\SKM_Bomber_Tshirt.fbx,copied
model,C:\Users\Jacob\Desktop\Quantum Characters\casual_fbx\Assets\Male\Cloth\SKM_Coat_hoodie_hood.fbx,Models\Clothing\Male\Outerwear\SKM_Coat_Hoodie_Hood.fbx,copied
model,C:\Users\Jacob\Desktop\Quantum Characters\casual_fbx\Assets\Male\Cloth\SKM_Coat_Shirt.fbx,Models\Clothing\Male\Outerwear\SKM_Coat_Shirt.fbx,copied
model,C:\Users\Jacob\Desktop\Quantum Characters\casual_fbx\Assets\Male\Cloth\SKM_Coat_Tshist_Tucked.fbx,Models\Clothing\Male\Outerwear\SKM_Coat_Tshirt_Tucked.fbx,copied
model,C:\Users\Jacob\Desktop\Quantum Characters\casual_fbx\Assets\Male\Cloth\SKM_Hoodie.fbx,Models\Clothing\Male\Tops\SKM_Hoodie.fbx,copied
model,C:\Users\Jacob\Desktop\Quantum Characters\casual_fbx\Assets\Male\Cloth\SKM_Hoodie_Hood.fbx,Models\Clothing\Male\Tops\SKM_Hoodie_Hood.fbx,copied
model,C:\Users\Jacob\Desktop\Quantum Characters\casual_fbx\Assets\Male\Cloth\SKM_Hoodie_Hood_Up.fbx,Models\Clothing\Male\Tops\SKM_Hoodie_Hood_Up.fbx,copied
model,C:\Users\Jacob\Desktop\Quantum Characters\casual_fbx\Assets\Male\Cloth\SKM_Hoodie_Zipper.fbx,Models\Clothing\Male\Tops\SKM_Hoodie_Zipper.fbx,copied
model,C:\Users\Jacob\Desktop\Quantum Characters\casual_fbx\Assets\Male\Cloth\SKM_Hoodie_Zipper_Hood.fbx,Models\Clothing\Male\Tops\SKM_Hoodie_Zipper_Hood.fbx,copied
model,C:\Users\Jacob\Desktop\Quantum Characters\casual_fbx\Assets\Male\Cloth\SKM_Jacket_Classic_Close.fbx,Models\Clothing\Male\Outerwear\SKM_Jacket_Classic_Close.fbx,copied
model,C:\Users\Jacob\Desktop\Quantum Characters\casual_fbx\Assets\Male\Cloth\SKM_Jacket_Classic_Tie.fbx,Models\Clothing\Male\Outerwear\SKM_Jacket_Classic_Tie.fbx,copied
model,C:\Users\Jacob\Desktop\Quantum Characters\casual_fbx\Assets\Male\Cloth\SKM_Jacket_M65.fbx,Models\Clothing\Male\Outerwear\SKM_Jacket_M65.fbx,copied
model,C:\Users\Jacob\Desktop\Quantum Characters\casual_fbx\Assets\Male\Cloth\SKM_Jacket_Shirt.fbx,Models\Clothing\Male\Outerwear\SKM_Jacket_Shirt.fbx,copied
model,C:\Users\Jacob\Desktop\Quantum Characters\casual_fbx\Assets\Male\Cloth\SKM_Jacket_Tshirt.fbx,Models\Clothing\Male\Outerwear\SKM_Jacket_Tshirt.fbx,copied
model,C:\Users\Jacob\Desktop\Quantum Characters\casual_fbx\Assets\Male\Cloth\SKM_Jacket_Winter_Closed_Hood_Closed.fbx,Models\Clothing\Male\Outerwear\SKM_Jacket_Winter_Closed_Hood_Closed.fbx,copied
model,C:\Users\Jacob\Desktop\Quantum Characters\casual_fbx\Assets\Male\Cloth\SKM_Jacket_Winter_Open_Hood_Closed.fbx,Models\Clothing\Male\Outerwear\SKM_Jacket_Winter_Open_Hood_Closed.fbx,copied
model,C:\Users\Jacob\Desktop\Quantum Characters\casual_fbx\Assets\Male\Cloth\SKM_Jeans_Jacket.fbx,Models\Clothing\Male\Outerwear\SKM_Jeans_Jacket.fbx,copied
model,C:\Users\Jacob\Desktop\Quantum Characters\casual_fbx\Assets\Male\Cloth\SKM_Jeans_Jacket_Collar.fbx,Models\Clothing\Male\Outerwear\SKM_Jeans_Jacket_Collar.fbx,copied
model,C:\Users\Jacob\Desktop\Quantum Characters\casual_fbx\Assets\Male\Cloth\SKM_Jeans_Vest.fbx,Models\Clothing\Male\Outerwear\SKM_Jeans_Vest.fbx,copied
model,C:\Users\Jacob\Desktop\Quantum Characters\casual_fbx\Assets\Male\Cloth\SKM_Male_Jersey.fbx,Models\Clothing\Male\Tops\SKM_Jersey.fbx,copied
model,C:\Users\Jacob\Desktop\Quantum Characters\casual_fbx\Assets\Male\Cloth\SKM_M_Leather_Jacket.fbx,Models\Clothing\Male\Outerwear\SKM_Leather_Jacket.fbx,copied
model,C:\Users\Jacob\Desktop\Quantum Characters\casual_fbx\Assets\Male\Cloth\SKM_M_Leather_Jacket_Hoodie.fbx,Models\Clothing\Male\Outerwear\SKM_Leather_Jacket_Hoodie.fbx,copied
model,C:\Users\Jacob\Desktop\Quantum Characters\casual_fbx\Assets\Male\Cloth\SKM_Puffer_Jacket.fbx,Models\Clothing\Male\Outerwear\SKM_Puffer_Jacket.fbx,copied
model,C:\Users\Jacob\Desktop\Quantum Characters\casual_fbx\Assets\Male\Cloth\SKM_Shirt_Adventure.fbx,Models\Clothing\Male\Tops\SKM_Shirt_Adventure.fbx,copied
model,C:\Users\Jacob\Desktop\Quantum Characters\casual_fbx\Assets\Male\Cloth\SKM_Shirt_Classic.fbx,Models\Clothing\Male\Tops\SKM_Shirt_Classic.fbx,copied
model,C:\Users\Jacob\Desktop\Quantum Characters\casual_fbx\Assets\Male\Cloth\SKM_Shirt_Hawaii.fbx,Models\Clothing\Male\Tops\SKM_Shirt_Hawaii.fbx,copied
model,C:\Users\Jacob\Desktop\Quantum Characters\casual_fbx\Assets\Male\Cloth\SKM_Shirt_RolledUp.fbx,Models\Clothing\Male\Tops\SKM_Shirt_RolledUp.fbx,copied
model,C:\Users\Jacob\Desktop\Quantum Characters\casual_fbx\Assets\Male\Cloth\SKM_TShirt.fbx,Models\Clothing\Male\Tops\SKM_Tshirt.fbx,copied
model,C:\Users\Jacob\Desktop\Quantum Characters\casual_fbx\Assets\Male\Cloth\SKM_Tshirt_Tucked.fbx,Models\Clothing\Male\Tops\SKM_Tshirt_Tucked.fbx,copied
model,C:\Users\Jacob\Desktop\Quantum Characters\casual_fbx\Assets\Male\Fase Modules\SKM_Glasses_Aviator.fbx,Models\Clothing\Male\Glasses\SKM_Glasses_Aviator.fbx,copied
model,C:\Users\Jacob\Desktop\Quantum Characters\casual_fbx\Assets\Male\Fase Modules\SKM_Glasses_Classic.fbx,Models\Clothing\Male\Glasses\SKM_Glasses_Classic.fbx,copied
model,C:\Users\Jacob\Desktop\Quantum Characters\casual_fbx\Assets\Male\Fase Modules\SM\SM_Glasses_Aviator.fbx,Models\Clothing\Male\Glasses\StaticMesh\SM_Glasses_Aviator.fbx,copied
model,C:\Users\Jacob\Desktop\Quantum Characters\casual_fbx\Assets\Male\Fase Modules\SM\SM_Glasses_Classic.fbx,Models\Clothing\Male\Glasses\StaticMesh\SM_Glasses_Classic.fbx,copied
model,C:\Users\Jacob\Desktop\Quantum Characters\casual_fbx\Assets\Male\Hat\SKM_Bandana_Head.fbx,Models\Clothing\Male\Hats\SKM_Bandana_Head.fbx,copied
model,C:\Users\Jacob\Desktop\Quantum Characters\casual_fbx\Assets\Male\Hat\SKM_Cap.fbx,Models\Clothing\Male\Hats\SKM_Cap.fbx,copied
model,C:\Users\Jacob\Desktop\Quantum Characters\casual_fbx\Assets\Male\Hat\SKM_Cap_Back.fbx,Models\Clothing\Male\Hats\SKM_Cap_Back.fbx,copied
model,C:\Users\Jacob\Desktop\Quantum Characters\casual_fbx\Assets\Male\Hat\SKM_Cap_Back_Hair.fbx,Models\Clothing\Male\Hats\WithHair\SKM_Cap_Back_Hair.fbx,copied
model,C:\Users\Jacob\Desktop\Quantum Characters\casual_fbx\Assets\Male\Hat\SKM_Cap_Hair.fbx,Models\Clothing\Male\Hats\WithHair\SKM_Cap_Hair.fbx,copied
model,C:\Users\Jacob\Desktop\Quantum Characters\casual_fbx\Assets\Male\Hat\SKM_Flat_Hat.fbx,Models\Clothing\Male\Hats\SKM_Flat_Hat.fbx,copied
model,C:\Users\Jacob\Desktop\Quantum Characters\casual_fbx\Assets\Male\Hat\SKM_Goggles_Top.fbx,Models\Clothing\Male\Hats\SKM_Goggles_Top.fbx,copied
model,C:\Users\Jacob\Desktop\Quantum Characters\casual_fbx\Assets\Male\Hat\SKM_Hat_Classic.fbx,Models\Clothing\Male\Hats\SKM_Hat_Classic.fbx,copied
model,C:\Users\Jacob\Desktop\Quantum Characters\casual_fbx\Assets\Male\Hat\SKM_Hat_Cowboy.fbx,Models\Clothing\Male\Hats\SKM_Hat_Cowboy.fbx,copied
model,C:\Users\Jacob\Desktop\Quantum Characters\casual_fbx\Assets\Male\Hat\SKM_Hat_Up.fbx,Models\Clothing\Male\Hats\SKM_Hat_Up.fbx,copied
model,C:\Users\Jacob\Desktop\Quantum Characters\casual_fbx\Assets\Male\Hat\SKM_Hat_Ushanka.fbx,Models\Clothing\Male\Hats\SKM_Hat_Ushanka.fbx,copied
model,C:\Users\Jacob\Desktop\Quantum Characters\casual_fbx\Assets\Male\Hat\SKM_Hat_Warm.fbx,Models\Clothing\Male\Hats\SKM_Hat_Warm.fbx,copied
model,C:\Users\Jacob\Desktop\Quantum Characters\casual_fbx\Assets\Male\Hat\SKM_Headband.fbx,Models\Clothing\Male\Hats\SKM_Headband.fbx,copied
model,C:\Users\Jacob\Desktop\Quantum Characters\casual_fbx\Assets\Male\Hat\SKM_Headband_Hair.fbx,Models\Clothing\Male\Hats\WithHair\SKM_Headband_Hair.fbx,copied
model,C:\Users\Jacob\Desktop\Quantum Characters\casual_fbx\Assets\Male\Hat\SKM_Headphones.fbx,Models\Clothing\Male\Hats\SKM_Headphones.fbx,copied
model,C:\Users\Jacob\Desktop\Quantum Characters\casual_fbx\Assets\Male\Hat\SKM_Panama.fbx,Models\Clothing\Male\Hats\SKM_Panama.fbx,copied
model,C:\Users\Jacob\Desktop\Quantum Characters\casual_fbx\Assets\Male\Pants\SKM_Jeans.fbx,Models\Clothing\Male\Pants\SKM_Jeans.fbx,copied
model,C:\Users\Jacob\Desktop\Quantum Characters\casual_fbx\Assets\Male\Pants\SKM_Jeans_Inboots.fbx,Models\Clothing\Male\Pants\SKM_Jeans_Inboots.fbx,copied
model,C:\Users\Jacob\Desktop\Quantum Characters\casual_fbx\Assets\Male\Pants\SKM_Pants_Cargo_Straight.fbx,Models\Clothing\Male\Pants\SKM_Pants_Cargo_Straight.fbx,copied
model,C:\Users\Jacob\Desktop\Quantum Characters\casual_fbx\Assets\Male\Pants\SKM_Pants_Classic.fbx,Models\Clothing\Male\Pants\SKM_Pants_Classic.fbx,copied
model,C:\Users\Jacob\Desktop\Quantum Characters\casual_fbx\Assets\Male\Pants\SKM_Pants_Inboots.fbx,Models\Clothing\Male\Pants\SKM_Pants_Inboots.fbx,copied
model,C:\Users\Jacob\Desktop\Quantum Characters\casual_fbx\Assets\Male\Pants\SKM_Sport_Pants.fbx,Models\Clothing\Male\Pants\SKM_Sport_Pants.fbx,copied
model,C:\Users\Jacob\Desktop\Quantum Characters\casual_fbx\Assets\Male\Pants\SKM_Sport_Pants_Inboots.fbx,Models\Clothing\Male\Pants\SKM_Sport_Pants_Inboots.fbx,copied
model,C:\Users\Jacob\Desktop\Quantum Characters\casual_fbx\Assets\Male\Shoes\Quantum_Feet_Shoes.fbx,Models\Clothing\Male\Shoes\Quantum_Feet_Shoes.fbx,copied
model,C:\Users\Jacob\Desktop\Quantum Characters\casual_fbx\Assets\Male\Shoes\SKM_Boots.fbx,Models\Clothing\Male\Shoes\SKM_Boots.fbx,copied
model,C:\Users\Jacob\Desktop\Quantum Characters\casual_fbx\Assets\Male\Shoes\SKM_Boots_Inboots.fbx,Models\Clothing\Male\Shoes\SKM_Boots_Inboots.fbx,copied
model,C:\Users\Jacob\Desktop\Quantum Characters\casual_fbx\Assets\Male\Shoes\SKM_Boots_Socks.fbx,Models\Clothing\Male\Shoes\SKM_Boots_Socks.fbx,copied
model,C:\Users\Jacob\Desktop\Quantum Characters\casual_fbx\Assets\Male\Shoes\SKM_Flip_flops.fbx,Models\Clothing\Male\Shoes\SKM_Flip_Flops.fbx,copied
model,C:\Users\Jacob\Desktop\Quantum Characters\casual_fbx\Assets\Male\Shoes\SKM_Shoes_Classic.fbx,Models\Clothing\Male\Shoes\SKM_Shoes_Classic.fbx,copied
model,C:\Users\Jacob\Desktop\Quantum Characters\casual_fbx\Assets\Male\Shoes\SKM_Sneakers.fbx,Models\Clothing\Male\Shoes\SKM_Sneakers.fbx,copied
model,C:\Users\Jacob\Desktop\Quantum Characters\casual_fbx\Assets\Male\Shoes\SKM_Sneakers_Sport.fbx,Models\Clothing\Male\Shoes\SKM_Sneakers_Sport.fbx,copied
model,C:\Users\Jacob\Desktop\Quantum Characters\casual_fbx\Assets\Male\Shoes\SKM_Socks.fbx,Models\Clothing\Male\Shoes\SKM_Socks.fbx,copied
model,C:\Users\Jacob\Desktop\Quantum Characters\casual_fbx\Assets\Female\Arms\SKM_F_Bracelet_L.fbx,Models\Clothing\Female\Accessories\SKM_F_Bracelet_L.fbx,copied
model,C:\Users\Jacob\Desktop\Quantum Characters\casual_fbx\Assets\Female\Arms\SKM_F_Bracelet_R.fbx,Models\Clothing\Female\Accessories\SKM_F_Bracelet_R.fbx,copied
model,C:\Users\Jacob\Desktop\Quantum Characters\casual_fbx\Assets\Female\Arms\SKM_F_Vivian_Wrist.fbx,Models\Clothing\Female\Accessories\SKM_F_Vivian_Wrist.fbx,copied
model,C:\Users\Jacob\Desktop\Quantum Characters\casual_fbx\Assets\Female\Arms\SKM_F_Watches_Military_L.fbx,Models\Clothing\Female\Accessories\SKM_F_Watches_Military_L.fbx,copied
model,C:\Users\Jacob\Desktop\Quantum Characters\casual_fbx\Assets\Female\Arms\SKM_F_Watches_Military_R.fbx,Models\Clothing\Female\Accessories\SKM_F_Watches_Military_R.fbx,copied
model,C:\Users\Jacob\Desktop\Quantum Characters\casual_fbx\Assets\Female\Backpack\SKM_F_Backpack_Casual.fbx,Models\Clothing\Female\Bags\SKM_F_Backpack_Casual.fbx,copied
model,C:\Users\Jacob\Desktop\Quantum Characters\casual_fbx\Assets\Female\Backpack\SKM_F_Backpack_Sport.fbx,Models\Clothing\Female\Bags\SKM_F_Backpack_Sport.fbx,copied
model,C:\Users\Jacob\Desktop\Quantum Characters\casual_fbx\Assets\Female\Backpack\SKM_F_Postal_Bag.fbx,Models\Clothing\Female\Bags\SKM_F_Postal_Bag.fbx,copied
model,C:\Users\Jacob\Desktop\Quantum Characters\casual_fbx\Assets\Female\Chest\SKM_F_Bag_Banana_Chest.fbx,Models\Clothing\Female\Bags\SKM_F_Bag_Banana_Chest.fbx,copied
model,C:\Users\Jacob\Desktop\Quantum Characters\casual_fbx\Assets\Female\Chest\SKM_F_Puffy_Vest.fbx,Models\Clothing\Female\Outerwear\SKM_F_Puffy_Vest.fbx,copied
model,C:\Users\Jacob\Desktop\Quantum Characters\casual_fbx\Assets\Female\Chest\SKM_F_Vest_Hunter_01.fbx,Models\Clothing\Female\Outerwear\SKM_F_Vest_Hunter_01.fbx,copied
model,C:\Users\Jacob\Desktop\Quantum Characters\casual_fbx\Assets\Female\Cloth\SKM_F_Hoodie_Hood.fbx,Models\Clothing\Female\Tops\SKM_F_Hoodie_Hood.fbx,copied
model,C:\Users\Jacob\Desktop\Quantum Characters\casual_fbx\Assets\Female\Cloth\SKM_F_Jacket_M65.fbx,Models\Clothing\Female\Outerwear\SKM_F_Jacket_M65.fbx,copied
model,C:\Users\Jacob\Desktop\Quantum Characters\casual_fbx\Assets\Female\Cloth\SKM_F_Jacket_Winter_Closed_Hood_Closed.fbx,Models\Clothing\Female\Outerwear\SKM_F_Jacket_Winter_Closed_Hood_Closed.fbx,copied
model,C:\Users\Jacob\Desktop\Quantum Characters\casual_fbx\Assets\Female\Cloth\SKM_F_Jacket_Winter_Open_Hood_Opened.fbx,Models\Clothing\Female\Outerwear\SKM_F_Jacket_Winter_Open_Hood_Open.fbx,copied
model,C:\Users\Jacob\Desktop\Quantum Characters\casual_fbx\Assets\Female\Cloth\SKM_F_Jeans_Jacket.fbx,Models\Clothing\Female\Outerwear\SKM_F_Jeans_Jacket.fbx,copied
model,C:\Users\Jacob\Desktop\Quantum Characters\casual_fbx\Assets\Female\Cloth\SKM_F_Jeans_Jacket_Collar.fbx,Models\Clothing\Female\Outerwear\SKM_F_Jeans_Jacket_Collar.fbx,copied
model,C:\Users\Jacob\Desktop\Quantum Characters\casual_fbx\Assets\Female\Cloth\SKM_F_Jeans_Vest.fbx,Models\Clothing\Female\Outerwear\SKM_F_Jeans_Vest.fbx,copied
model,C:\Users\Jacob\Desktop\Quantum Characters\casual_fbx\Assets\Female\Cloth\SKM_F_Jersey.fbx,Models\Clothing\Female\Tops\SKM_F_Jersey.fbx,copied
model,C:\Users\Jacob\Desktop\Quantum Characters\casual_fbx\Assets\Female\Cloth\SKM_F_Leather_Jacket.fbx,Models\Clothing\Female\Outerwear\SKM_F_Leather_Jacket.fbx,copied
model,C:\Users\Jacob\Desktop\Quantum Characters\casual_fbx\Assets\Female\Cloth\SKM_F_Leather_Jacket_Hoodie.fbx,Models\Clothing\Female\Outerwear\SKM_F_Leather_Jacket_Hoodie.fbx,copied
model,C:\Users\Jacob\Desktop\Quantum Characters\casual_fbx\Assets\Female\Cloth\SKM_F_Puffer_Jacket.fbx,Models\Clothing\Female\Outerwear\SKM_F_Puffer_Jacket.fbx,copied
model,C:\Users\Jacob\Desktop\Quantum Characters\casual_fbx\Assets\Female\Cloth\SKM_F_Shirt_Adventure.fbx,Models\Clothing\Female\Tops\SKM_F_Shirt_Adventure.fbx,copied
model,C:\Users\Jacob\Desktop\Quantum Characters\casual_fbx\Assets\Female\Cloth\SKM_F_Shirt_Hawaii.fbx,Models\Clothing\Female\Tops\SKM_F_Shirt_Hawaii.fbx,copied
model,C:\Users\Jacob\Desktop\Quantum Characters\casual_fbx\Assets\Female\Cloth\SKM_F_Tank_Top.fbx,Models\Clothing\Female\Tops\SKM_F_Tank_Top.fbx,copied
model,C:\Users\Jacob\Desktop\Quantum Characters\casual_fbx\Assets\Female\Cloth\SKM_F_Tshirt_Tucked.fbx,Models\Clothing\Female\Tops\SKM_F_Tshirt_Tucked.fbx,copied
model,C:\Users\Jacob\Desktop\Quantum Characters\casual_fbx\Assets\Female\Cloth\SKM_Puffer_Jacket.fbx,Models\Clothing\Female\Outerwear\SKM_F_Puffer_Jacket_V2.fbx,copied
model,C:\Users\Jacob\Desktop\Quantum Characters\casual_fbx\Assets\Female\Cloth\SKM_Shirt_RolledUp.fbx,Models\Clothing\Female\Tops\SKM_F_Shirt_RolledUp.fbx,copied
model,C:\Users\Jacob\Desktop\Quantum Characters\casual_fbx\Assets\Female\Cloth\Bomber\SKM_F_Bomber.fbx,Models\Clothing\Female\Outerwear\SKM_F_Bomber.fbx,copied
model,C:\Users\Jacob\Desktop\Quantum Characters\casual_fbx\Assets\Female\Cloth\Bomber\SKM_F_Bomber_Tshirt.fbx,Models\Clothing\Female\Outerwear\SKM_F_Bomber_Tshirt.fbx,copied
model,C:\Users\Jacob\Desktop\Quantum Characters\casual_fbx\Assets\Female\Cloth\Coat\SKM_F_Coat.fbx,Models\Clothing\Female\Outerwear\SKM_F_Coat.fbx,copied
model,C:\Users\Jacob\Desktop\Quantum Characters\casual_fbx\Assets\Female\Cloth\Coat\SKM_F_Coat_Hoodie_Hood.fbx,Models\Clothing\Female\Outerwear\SKM_F_Coat_Hoodie_Hood.fbx,copied
model,C:\Users\Jacob\Desktop\Quantum Characters\casual_fbx\Assets\Female\Cloth\Hoodie\SKM_F_Hoodie.fbx,Models\Clothing\Female\Tops\SKM_F_Hoodie.fbx,copied
model,C:\Users\Jacob\Desktop\Quantum Characters\casual_fbx\Assets\Female\Cloth\Hoodie\SKM_F_Hoodie_Hood.fbx,Models\Clothing\Female\Tops\SKM_F_Hoodie_Hood.fbx,exists-skipped
model,C:\Users\Jacob\Desktop\Quantum Characters\casual_fbx\Assets\Female\Cloth\Hoodie\SKM_F_Hoodie_Hood_Up.fbx,Models\Clothing\Female\Tops\SKM_F_Hoodie_Hood_Up.fbx,copied
model,C:\Users\Jacob\Desktop\Quantum Characters\casual_fbx\Assets\Female\Cloth\Hoodie\SKM_F_Hoodie_Zipper.fbx,Models\Clothing\Female\Tops\SKM_F_Hoodie_Zipper.fbx,copied
model,C:\Users\Jacob\Desktop\Quantum Characters\casual_fbx\Assets\Female\Cloth\Hoodie\SKM_F_Hoodie_Zipper_Hood.fbx,Models\Clothing\Female\Tops\SKM_F_Hoodie_Zipper_Hood.fbx,copied
model,C:\Users\Jacob\Desktop\Quantum Characters\casual_fbx\Assets\Female\Face\SKM_F_Glasses_Aviator.fbx,Models\Clothing\Female\Glasses\SKM_F_Glasses_Aviator.fbx,copied
model,C:\Users\Jacob\Desktop\Quantum Characters\casual_fbx\Assets\Female\Face\SKM_F_Glasses_Classic.fbx,Models\Clothing\Female\Glasses\SKM_F_Glasses_Classic.fbx,copied
model,C:\Users\Jacob\Desktop\Quantum Characters\casual_fbx\Assets\Female\Hat\SKM_F_Bandana_Head.fbx,Models\Clothing\Female\Hats\SKM_F_Bandana_Head.fbx,copied
model,C:\Users\Jacob\Desktop\Quantum Characters\casual_fbx\Assets\Female\Hat\SKM_F_Cap.fbx,Models\Clothing\Female\Hats\SKM_F_Cap.fbx,copied
model,C:\Users\Jacob\Desktop\Quantum Characters\casual_fbx\Assets\Female\Hat\SKM_F_Cap_Back.fbx,Models\Clothing\Female\Hats\SKM_F_Cap_Back.fbx,copied
model,C:\Users\Jacob\Desktop\Quantum Characters\casual_fbx\Assets\Female\Hat\SKM_F_French_Pith.fbx,Models\Clothing\Female\Hats\SKM_F_French_Pith.fbx,copied
model,C:\Users\Jacob\Desktop\Quantum Characters\casual_fbx\Assets\Female\Hat\SKM_F_Goggles_Top.fbx,Models\Clothing\Female\Hats\SKM_F_Goggles_Top.fbx,copied
model,C:\Users\Jacob\Desktop\Quantum Characters\casual_fbx\Assets\Female\Hat\SKM_F_Hat_Up.fbx,Models\Clothing\Female\Hats\SKM_F_Hat_Up.fbx,copied
model,C:\Users\Jacob\Desktop\Quantum Characters\casual_fbx\Assets\Female\Hat\SKM_F_Hat_Ushanka.fbx,Models\Clothing\Female\Hats\SKM_F_Hat_Ushanka.fbx,copied
model,C:\Users\Jacob\Desktop\Quantum Characters\casual_fbx\Assets\Female\Hat\SKM_F_Hat_Warm.fbx,Models\Clothing\Female\Hats\SKM_F_Hat_Warm.fbx,copied
model,C:\Users\Jacob\Desktop\Quantum Characters\casual_fbx\Assets\Female\Hat\SKM_F_Hat_Warm_Braids.fbx,Models\Clothing\Female\Hats\SKM_F_Hat_Warm_Braids.fbx,copied
model,C:\Users\Jacob\Desktop\Quantum Characters\casual_fbx\Assets\Female\Hat\SKM_F_Headphones.fbx,Models\Clothing\Female\Hats\SKM_F_Headphones.fbx,copied
model,C:\Users\Jacob\Desktop\Quantum Characters\casual_fbx\Assets\Female\Hat\SKM_F_Panama.fbx,Models\Clothing\Female\Hats\SKM_F_Panama.fbx,copied
model,C:\Users\Jacob\Desktop\Quantum Characters\casual_fbx\Assets\Female\Pants\SKM_F_Pants_Cargo_Straight.fbx,Models\Clothing\Female\Pants\SKM_F_Pants_Cargo_Straight.fbx,copied
model,C:\Users\Jacob\Desktop\Quantum Characters\casual_fbx\Assets\Female\Pants\SkM_F_Pants_Jeans.fbx,Models\Clothing\Female\Pants\SKM_F_Pants_Jeans.fbx,copied
model,C:\Users\Jacob\Desktop\Quantum Characters\casual_fbx\Assets\Female\Pants\SKM_F_Shorts.fbx,Models\Clothing\Female\Pants\SKM_F_Shorts.fbx,copied
model,C:\Users\Jacob\Desktop\Quantum Characters\casual_fbx\Assets\Female\Pants\SKM_F_Sport_Pants.fbx,Models\Clothing\Female\Pants\SKM_F_Sport_Pants.fbx,copied
model,C:\Users\Jacob\Desktop\Quantum Characters\casual_fbx\Assets\Female\Pants\SKM_F_Sport_Pants_Inboots.fbx,Models\Clothing\Female\Pants\SKM_F_Sport_Pants_Inboots.fbx,copied
model,C:\Users\Jacob\Desktop\Quantum Characters\casual_fbx\Assets\Female\Shoes\SKM_F_Boots.fbx,Models\Clothing\Female\Shoes\SKM_F_Boots.fbx,copied
model,C:\Users\Jacob\Desktop\Quantum Characters\casual_fbx\Assets\Female\Shoes\SKM_F_Boots_Inboots.fbx,Models\Clothing\Female\Shoes\SKM_F_Boots_Inboots.fbx,copied
model,C:\Users\Jacob\Desktop\Quantum Characters\casual_fbx\Assets\Female\Shoes\SKM_F_Flip_flops.fbx,Models\Clothing\Female\Shoes\SKM_F_Flip_Flops.fbx,copied
model,C:\Users\Jacob\Desktop\Quantum Characters\casual_fbx\Assets\Female\Shoes\SKM_F_Sneakers.fbx,Models\Clothing\Female\Shoes\SKM_F_Sneakers.fbx,copied
model,C:\Users\Jacob\Desktop\Quantum Characters\casual_fbx\Assets\Female\Shoes\SKM_F_Sneakers_Sport.fbx,Models\Clothing\Female\Shoes\SKM_F_Sneakers_Sport.fbx,copied
model,C:\Users\Jacob\Desktop\Quantum Characters\casual_fbx\Assets\Female\Shoes\SKM_F_Socks.fbx,Models\Clothing\Female\Shoes\SKM_F_Socks.fbx,copied
model,C:\Users\Jacob\Desktop\Quantum Characters\casual_fbx\Assets\Female\Shoes\SKM_F_Socks_V2.fbx,Models\Clothing\Female\Shoes\SKM_F_Socks_V2.fbx,copied
model,C:\Users\Jacob\Desktop\Quantum Characters\casual_fbx\Assets\Female\Shoes\SKM_F_Vivian_Feet_Shoes.fbx,Models\Clothing\Female\Shoes\SKM_F_Vivian_Feet_Shoes.fbx,copied
model,C:\Users\Jacob\Desktop\Quantum Characters\casual_fbx\Assets\Female\Shoes\SKM_F_Vivian_Feet_Shoes_Long.fbx,Models\Clothing\Female\Shoes\SKM_F_Vivian_Feet_Shoes_Long.fbx,copied
model,C:\Users\Jacob\Desktop\Quantum Characters\casual_textures_p2\Jacket_Winter\Fur\\SK_CollarFur.fbx,Models\Clothing\Male\Outerwear\Fur\SKM_CollarFur.fbx,copied
model,C:\Users\Jacob\Desktop\Quantum Characters\casual_textures_p2\Jacket_Winter\Fur\\SK_CollarFur_Lush.fbx,Models\Clothing\Male\Outerwear\Fur\SKM_CollarFur_Lush.fbx,copied
tex-ao,C:\Users\Jacob\Desktop\Quantum Characters\casual_textures_p1\Backpack_Casual\T_F_Backpack_Casual_OcclusionRoughnessMetallic.png,Textures\Clothing\Bags\Backpack_Casual\T_F_Backpack_Casual_Occlusion.png,extracted R channel
tex,C:\Users\Jacob\Desktop\Quantum Characters\casual_textures_p1\Backpack_Casual\T_F_Backpack_Casual_Roughness.png,Textures\Clothing\Bags\Backpack_Casual\T_F_Backpack_Casual_Roughness.png,copied
tex,C:\Users\Jacob\Desktop\Quantum Characters\casual_textures_p1\Backpack_Casual\T_F_Backpack_Casual_Unity_Normal.png,Textures\Clothing\Bags\Backpack_Casual\T_F_Backpack_Casual_Unity_Normal.png,copied
tex,C:\Users\Jacob\Desktop\Quantum Characters\casual_textures_p1\Backpack_Casual\T_F_Backpack_Casual_Beige_BaseColor.png,Textures\Clothing\Bags\Backpack_Casual\T_F_Backpack_Casual_Beige_BaseColor.png,copied
tex,C:\Users\Jacob\Desktop\Quantum Characters\casual_textures_p1\Backpack_Casual\T_F_Backpack_Casual_Black_BaseColor.png,Textures\Clothing\Bags\Backpack_Casual\T_F_Backpack_Casual_Black_BaseColor.png,copied
tex,C:\Users\Jacob\Desktop\Quantum Characters\casual_textures_p1\Backpack_Casual\T_F_Backpack_Casual_Bordo_BaseColor.png,Textures\Clothing\Bags\Backpack_Casual\T_F_Backpack_Casual_Burgundy_BaseColor.png,copied
tex,C:\Users\Jacob\Desktop\Quantum Characters\casual_textures_p1\Backpack_Casual\T_F_Backpack_Casual_DarkBlue_BaseColor.png,Textures\Clothing\Bags\Backpack_Casual\T_F_Backpack_Casual_DarkBlue_BaseColor.png,copied
tex,C:\Users\Jacob\Desktop\Quantum Characters\casual_textures_p1\Backpack_Casual\T_F_Backpack_Casual_Green_BaseColor.png,Textures\Clothing\Bags\Backpack_Casual\T_F_Backpack_Casual_Green_BaseColor.png,copied
tex,C:\Users\Jacob\Desktop\Quantum Characters\casual_textures_p1\Backpack_Casual\T_F_Backpack_Casual_Orange_BaseColor.png,Textures\Clothing\Bags\Backpack_Casual\T_F_Backpack_Casual_Orange_BaseColor.png,copied
tex-ao,C:\Users\Jacob\Desktop\Quantum Characters\casual_textures_p1\Backpack_Sport\T_Backpack_Sport_OcclusionRoughnessMetallic.png,Textures\Clothing\Bags\Backpack_Sport\T_Backpack_Sport_Occlusion.png,extracted R channel
tex,C:\Users\Jacob\Desktop\Quantum Characters\casual_textures_p1\Backpack_Sport\T_Backpack_Sport_Roughness.png,Textures\Clothing\Bags\Backpack_Sport\T_Backpack_Sport_Roughness.png,copied
tex,C:\Users\Jacob\Desktop\Quantum Characters\casual_textures_p1\Backpack_Sport\T_Backpack_Sport_Unity_Normal.png,Textures\Clothing\Bags\Backpack_Sport\T_Backpack_Sport_Unity_Normal.png,copied
tex,C:\Users\Jacob\Desktop\Quantum Characters\casual_textures_p1\Backpack_Sport\T_Backpack_Sport_Black_BaseColor.png,Textures\Clothing\Bags\Backpack_Sport\T_Backpack_Sport_Black_BaseColor.png,copied
tex,C:\Users\Jacob\Desktop\Quantum Characters\casual_textures_p1\Backpack_Sport\T_Backpack_Sport_Blue_BaseColor.png,Textures\Clothing\Bags\Backpack_Sport\T_Backpack_Sport_Blue_BaseColor.png,copied
tex,C:\Users\Jacob\Desktop\Quantum Characters\casual_textures_p1\Backpack_Sport\T_Backpack_Sport_Gray_BaseColor.png,Textures\Clothing\Bags\Backpack_Sport\T_Backpack_Sport_Gray_BaseColor.png,copied
tex,C:\Users\Jacob\Desktop\Quantum Characters\casual_textures_p1\Backpack_Sport\T_Backpack_Sport_Green_BaseColor.png,Textures\Clothing\Bags\Backpack_Sport\T_Backpack_Sport_Green_BaseColor.png,copied
tex,C:\Users\Jacob\Desktop\Quantum Characters\casual_textures_p1\Backpack_Sport\T_Backpack_Sport_Red_BaseColor.png,Textures\Clothing\Bags\Backpack_Sport\T_Backpack_Sport_Red_BaseColor.png,copied
tex,C:\Users\Jacob\Desktop\Quantum Characters\casual_textures_p1\Backpack_Sport\T_Backpack_Sport_Yellow_BaseColor.png,Textures\Clothing\Bags\Backpack_Sport\T_Backpack_Sport_Yellow_BaseColor.png,copied
tex-ao,C:\Users\Jacob\Desktop\Quantum Characters\casual_textures_p1\Bag_Banana\T_Bag_Banana_OcclusionRoughnessMetallic.png,Textures\Clothing\Bags\Bag_Banana\T_Bag_Banana_Occlusion.png,extracted R channel
tex,C:\Users\Jacob\Desktop\Quantum Characters\casual_textures_p1\Bag_Banana\T_Bag_Banana_Roughness.png,Textures\Clothing\Bags\Bag_Banana\T_Bag_Banana_Roughness.png,copied
tex,C:\Users\Jacob\Desktop\Quantum Characters\casual_textures_p1\Bag_Banana\T_Bag_Banana_Unity_Normal.png,Textures\Clothing\Bags\Bag_Banana\T_Bag_Banana_Unity_Normal.png,copied
tex,C:\Users\Jacob\Desktop\Quantum Characters\casual_textures_p1\Bag_Banana\T_Bag_Banana_Bege_BaseColor.png,Textures\Clothing\Bags\Bag_Banana\T_Bag_Banana_Beige_BaseColor.png,copied
tex,C:\Users\Jacob\Desktop\Quantum Characters\casual_textures_p1\Bag_Banana\T_Bag_Banana_Black_BaseColor.png,Textures\Clothing\Bags\Bag_Banana\T_Bag_Banana_Black_BaseColor.png,copied
tex,C:\Users\Jacob\Desktop\Quantum Characters\casual_textures_p1\Bag_Banana\T_Bag_Banana_CamoDark_BaseColor.png,Textures\Clothing\Bags\Bag_Banana\T_Bag_Banana_CamoDark_BaseColor.png,copied
tex,C:\Users\Jacob\Desktop\Quantum Characters\casual_textures_p1\Bag_Banana\T_Bag_Banana_Camo_BaseColor.png,Textures\Clothing\Bags\Bag_Banana\T_Bag_Banana_Camo_BaseColor.png,copied
tex,C:\Users\Jacob\Desktop\Quantum Characters\casual_textures_p1\Bag_Banana\T_Bag_Banana_Green_BaseColor.png,Textures\Clothing\Bags\Bag_Banana\T_Bag_Banana_Green_BaseColor.png,copied
tex,C:\Users\Jacob\Desktop\Quantum Characters\casual_textures_p1\Bag_Banana\T_Bag_Banana_Multicam_BaseColor.png,Textures\Clothing\Bags\Bag_Banana\T_Bag_Banana_Multicam_BaseColor.png,copied
tex-ao,C:\Users\Jacob\Desktop\Quantum Characters\casual_textures_p1\Bag_Postal\T_Postal_Bag_OcclusionRoughnessMetallic.png,Textures\Clothing\Bags\Bag_Postal\T_Postal_Bag_Occlusion.png,extracted R channel
tex,C:\Users\Jacob\Desktop\Quantum Characters\casual_textures_p1\Bag_Postal\T_Postal_Bag_Roughness.png,Textures\Clothing\Bags\Bag_Postal\T_Postal_Bag_Roughness.png,copied
tex,C:\Users\Jacob\Desktop\Quantum Characters\casual_textures_p1\Bag_Postal\T_Postal_Bag_Unity_Normal.png,Textures\Clothing\Bags\Bag_Postal\T_Postal_Bag_Unity_Normal.png,copied
tex,C:\Users\Jacob\Desktop\Quantum Characters\casual_textures_p1\Bag_Postal\T_Postal_Bag_Bege_BaseColor.png,Textures\Clothing\Bags\Bag_Postal\T_Postal_Bag_Beige_BaseColor.png,copied
tex,C:\Users\Jacob\Desktop\Quantum Characters\casual_textures_p1\Bag_Postal\T_Postal_Bag_Olive_BaseColor.png,Textures\Clothing\Bags\Bag_Postal\T_Postal_Bag_Olive_BaseColor.png,copied
tex-ao,C:\Users\Jacob\Desktop\Quantum Characters\casual_textures_p1\Bomber\T_Bomber_Green_OcclusionRoughnessMetallic.png,Textures\Clothing\Outerwear\Bomber\T_Bomber_Green_Occlusion.png,extracted R channel
tex,C:\Users\Jacob\Desktop\Quantum Characters\casual_textures_p1\Bomber\T_Bomber_Green_Roughness.png,Textures\Clothing\Outerwear\Bomber\T_Bomber_Green_Roughness.png,copied
tex,C:\Users\Jacob\Desktop\Quantum Characters\casual_textures_p1\Bomber\T_Bomber_Green_Unity_Normal.png,Textures\Clothing\Outerwear\Bomber\T_Bomber_Green_Unity_Normal.png,copied
tex-ao,C:\Users\Jacob\Desktop\Quantum Characters\casual_textures_p1\Bomber\T_Bomber_OcclusionRoughnessMetallic.png,Textures\Clothing\Outerwear\Bomber\T_Bomber_Occlusion.png,extracted R channel
tex,C:\Users\Jacob\Desktop\Quantum Characters\casual_textures_p1\Bomber\T_Bomber_Roughness.png,Textures\Clothing\Outerwear\Bomber\T_Bomber_Roughness.png,copied
tex,C:\Users\Jacob\Desktop\Quantum Characters\casual_textures_p1\Bomber\T_Bomber_Unity_Normal.png,Textures\Clothing\Outerwear\Bomber\T_Bomber_Unity_Normal.png,copied
tex,C:\Users\Jacob\Desktop\Quantum Characters\casual_textures_p1\Bomber\T_Bomber_Bege_BaseColor.png,Textures\Clothing\Outerwear\Bomber\T_Bomber_Beige_BaseColor.png,copied
tex,C:\Users\Jacob\Desktop\Quantum Characters\casual_textures_p1\Bomber\T_Bomber_Black_BaseColor.png,Textures\Clothing\Outerwear\Bomber\T_Bomber_Black_BaseColor.png,copied
tex,C:\Users\Jacob\Desktop\Quantum Characters\casual_textures_p1\Bomber\T_Bomber_Blue_BaseColor.png,Textures\Clothing\Outerwear\Bomber\T_Bomber_Blue_BaseColor.png,copied
tex,C:\Users\Jacob\Desktop\Quantum Characters\casual_textures_p1\Bomber\T_Bomber_Bordo_BaseColor.png,Textures\Clothing\Outerwear\Bomber\T_Bomber_Burgundy_BaseColor.png,copied
tex,C:\Users\Jacob\Desktop\Quantum Characters\casual_textures_p1\Bomber\T_Bomber_Brown_BaseColor.png,Textures\Clothing\Outerwear\Bomber\T_Bomber_Brown_BaseColor.png,copied
tex,C:\Users\Jacob\Desktop\Quantum Characters\casual_textures_p1\Bomber\T_Bomber_Green_BaseColor.png,Textures\Clothing\Outerwear\Bomber\T_Bomber_Green_BaseColor.png,copied
tex-ao,C:\Users\Jacob\Desktop\Quantum Characters\casual_textures_p1\Boots\T_Boots_OcclusionRoughnessMetallic.png,Textures\Clothing\Shoes\Boots\T_Boots_Occlusion.png,extracted R channel
tex,C:\Users\Jacob\Desktop\Quantum Characters\casual_textures_p1\Boots\T_Boots_Roughness.png,Textures\Clothing\Shoes\Boots\T_Boots_Roughness.png,copied
tex,C:\Users\Jacob\Desktop\Quantum Characters\casual_textures_p1\Boots\T_Boots_Unity_Normal.png,Textures\Clothing\Shoes\Boots\T_Boots_Unity_Normal.png,copied
tex,C:\Users\Jacob\Desktop\Quantum Characters\casual_textures_p1\Boots\T_Boots_Black_BaseColor.png,Textures\Clothing\Shoes\Boots\T_Boots_Black_BaseColor.png,copied
tex,C:\Users\Jacob\Desktop\Quantum Characters\casual_textures_p1\Boots\T_Boots_Camo_BaseColor.png,Textures\Clothing\Shoes\Boots\T_Boots_Camo_BaseColor.png,copied
tex-ao,C:\Users\Jacob\Desktop\Quantum Characters\casual_textures_p1\Boots_Classic\T_Pants_Classic_OcclusionRoughnessMetallic.png,Textures\Clothing\Shoes\Boots_Classic\T_Pants_Classic_Occlusion.png,extracted R channel
tex,C:\Users\Jacob\Desktop\Quantum Characters\casual_textures_p1\Boots_Classic\T_Pants_Classic_Roughness.png,Textures\Clothing\Shoes\Boots_Classic\T_Pants_Classic_Roughness.png,copied
tex,C:\Users\Jacob\Desktop\Quantum Characters\casual_textures_p1\Boots_Classic\T_Pants_Classic_Unity_Normal.png,Textures\Clothing\Shoes\Boots_Classic\T_Pants_Classic_Unity_Normal.png,copied
tex,C:\Users\Jacob\Desktop\Quantum Characters\casual_textures_p1\Boots_Classic\T_Pants_Classic_Black(Lines)_BaseColor.png,Textures\Clothing\Shoes\Boots_Classic\T_Pants_Classic_Black(Lines)_BaseColor.png,copied
tex,C:\Users\Jacob\Desktop\Quantum Characters\casual_textures_p1\Boots_Classic\T_Pants_Classic_Black_BaseColor.png,Textures\Clothing\Shoes\Boots_Classic\T_Pants_Classic_Black_BaseColor.png,copied
tex,C:\Users\Jacob\Desktop\Quantum Characters\casual_textures_p1\Boots_Classic\T_Pants_Classic_Blue_BaseColor.png,Textures\Clothing\Shoes\Boots_Classic\T_Pants_Classic_Blue_BaseColor.png,copied
tex,C:\Users\Jacob\Desktop\Quantum Characters\casual_textures_p1\Boots_Classic\T_Pants_Classic_Bordo_BaseColor.png,Textures\Clothing\Shoes\Boots_Classic\T_Pants_Classic_Burgundy_BaseColor.png,copied
tex,C:\Users\Jacob\Desktop\Quantum Characters\casual_textures_p1\Boots_Classic\T_Pants_Classic_Grey(Cubes)_BaseColor.png,Textures\Clothing\Shoes\Boots_Classic\T_Pants_Classic_Gray(Cubes)_BaseColor.png,copied
tex,C:\Users\Jacob\Desktop\Quantum Characters\casual_textures_p1\Boots_Classic\T_Pants_Classic_Grey_BaseColor.png,Textures\Clothing\Shoes\Boots_Classic\T_Pants_Classic_Gray_BaseColor.png,copied
tex,C:\Users\Jacob\Desktop\Quantum Characters\casual_textures_p1\Boots_Classic\T_Pants_Classic_Bege_BaseColor.png,Textures\Clothing\Shoes\Boots_Classic\T_Pants_Classic_Beige_BaseColor.png,copied
tex-ao,C:\Users\Jacob\Desktop\Quantum Characters\casual_textures_p1\Cap\T_Cap_Logo_OcclusionRoughnessMetallic.png,Textures\Clothing\Hats\Cap\T_Cap_Logo_Occlusion.png,extracted R channel
tex,C:\Users\Jacob\Desktop\Quantum Characters\casual_textures_p1\Cap\T_Cap_Logo_Roughness.png,Textures\Clothing\Hats\Cap\T_Cap_Logo_Roughness.png,copied
tex,C:\Users\Jacob\Desktop\Quantum Characters\casual_textures_p1\Cap\T_Cap_Logo_Unity_Normal.png,Textures\Clothing\Hats\Cap\T_Cap_Logo_Unity_Normal.png,copied
tex-ao,C:\Users\Jacob\Desktop\Quantum Characters\casual_textures_p1\Cap\T_Cap_OcclusionRoughnessMetallic.png,Textures\Clothing\Hats\Cap\T_Cap_Occlusion.png,extracted R channel
tex,C:\Users\Jacob\Desktop\Quantum Characters\casual_textures_p1\Cap\T_Cap_Roughness.png,Textures\Clothing\Hats\Cap\T_Cap_Roughness.png,copied
tex,C:\Users\Jacob\Desktop\Quantum Characters\casual_textures_p1\Cap\T_Cap_Unity_Normal.png,Textures\Clothing\Hats\Cap\T_Cap_Unity_Normal.png,copied
tex,C:\Users\Jacob\Desktop\Quantum Characters\casual_textures_p1\Cap\T_Cap_Bege_BaseColor.png,Textures\Clothing\Hats\Cap\T_Cap_Beige_BaseColor.png,copied
tex,C:\Users\Jacob\Desktop\Quantum Characters\casual_textures_p1\Cap\T_Cap_Black_BaseColor.png,Textures\Clothing\Hats\Cap\T_Cap_Black_BaseColor.png,copied
tex,C:\Users\Jacob\Desktop\Quantum Characters\casual_textures_p1\Cap\T_Cap_Blue_BaseColor.png,Textures\Clothing\Hats\Cap\T_Cap_Blue_BaseColor.png,copied
tex,C:\Users\Jacob\Desktop\Quantum Characters\casual_textures_p1\Cap\T_Cap_Bordo_BaseColor.png,Textures\Clothing\Hats\Cap\T_Cap_Burgundy_BaseColor.png,copied
tex,C:\Users\Jacob\Desktop\Quantum Characters\casual_textures_p1\Cap\T_Cap_Gray_BaseColor.png,Textures\Clothing\Hats\Cap\T_Cap_Gray_BaseColor.png,copied
tex,C:\Users\Jacob\Desktop\Quantum Characters\casual_textures_p1\Cap\T_Cap_Logo_Bege_BaseColor.png,Textures\Clothing\Hats\Cap\T_Cap_Logo_Beige_BaseColor.png,copied
tex,C:\Users\Jacob\Desktop\Quantum Characters\casual_textures_p1\Cap\T_Cap_Logo_Black_BaseColor.png,Textures\Clothing\Hats\Cap\T_Cap_Logo_Black_BaseColor.png,copied
tex,C:\Users\Jacob\Desktop\Quantum Characters\casual_textures_p1\Cap\T_Cap_Logo_Blue__BaseColor.png,Textures\Clothing\Hats\Cap\T_Cap_Logo_Blue_BaseColor.png,copied
tex,C:\Users\Jacob\Desktop\Quantum Characters\casual_textures_p1\Cap\T_Cap_Logo_Bordo_BaseColor.png,Textures\Clothing\Hats\Cap\T_Cap_Logo_Burgundy_BaseColor.png,copied
tex,C:\Users\Jacob\Desktop\Quantum Characters\casual_textures_p1\Cap\T_Cap_Logo_Gray_BaseColor.png,Textures\Clothing\Hats\Cap\T_Cap_Logo_Gray_BaseColor.png,copied
tex,C:\Users\Jacob\Desktop\Quantum Characters\casual_textures_p1\Cap\T_Cap_Logo_Red_BaseColor.png,Textures\Clothing\Hats\Cap\T_Cap_Logo_Red_BaseColor.png,copied
tex,C:\Users\Jacob\Desktop\Quantum Characters\casual_textures_p1\Cap\T_Cap_Logo_Rose_BaseColor.png,Textures\Clothing\Hats\Cap\T_Cap_Logo_Rose_BaseColor.png,copied
tex,C:\Users\Jacob\Desktop\Quantum Characters\casual_textures_p1\Cap\T_Cap_Logo_WhiteStrip_BaseColor.png,Textures\Clothing\Hats\Cap\T_Cap_Logo_WhiteStrip_BaseColor.png,copied
tex,C:\Users\Jacob\Desktop\Quantum Characters\casual_textures_p1\Cap\T_Cap_Logo_White_BaseColor.png,Textures\Clothing\Hats\Cap\T_Cap_Logo_White_BaseColor.png,copied
tex,C:\Users\Jacob\Desktop\Quantum Characters\casual_textures_p1\Cap\T_Cap_Red_BaseColor.png,Textures\Clothing\Hats\Cap\T_Cap_Red_BaseColor.png,copied
tex,C:\Users\Jacob\Desktop\Quantum Characters\casual_textures_p1\Cap\T_Cap_Rose_BaseColor.png,Textures\Clothing\Hats\Cap\T_Cap_Rose_BaseColor.png,copied
tex,C:\Users\Jacob\Desktop\Quantum Characters\casual_textures_p1\Cap\T_Cap_WhiteStrip_BaseColor.png,Textures\Clothing\Hats\Cap\T_Cap_WhiteStrip_BaseColor.png,copied
tex,C:\Users\Jacob\Desktop\Quantum Characters\casual_textures_p1\Cap\T_Cap_White_BaseColor.png,Textures\Clothing\Hats\Cap\T_Cap_White_BaseColor.png,copied
tex-ao,C:\Users\Jacob\Desktop\Quantum Characters\casual_textures_p1\Coat\Fabric\T_Coat_Fabric_OcclusionRoughnessMetallic.png,Textures\Clothing\Outerwear\Coat\Fabric\T_Coat_Fabric_Occlusion.png,extracted R channel
tex,C:\Users\Jacob\Desktop\Quantum Characters\casual_textures_p1\Coat\Fabric\T_Coat_Fabric_Roughness.png,Textures\Clothing\Outerwear\Coat\Fabric\T_Coat_Fabric_Roughness.png,copied
tex,C:\Users\Jacob\Desktop\Quantum Characters\casual_textures_p1\Coat\Fabric\T_Coat_Fabric_Unity_Normal.png,Textures\Clothing\Outerwear\Coat\Fabric\T_Coat_Fabric_Unity_Normal.png,copied
tex,C:\Users\Jacob\Desktop\Quantum Characters\casual_textures_p1\Coat\Fabric\T_Coat_Fabric_Bege_BaseColor.png,Textures\Clothing\Outerwear\Coat\Fabric\T_Coat_Fabric_Beige_BaseColor.png,copied
tex,C:\Users\Jacob\Desktop\Quantum Characters\casual_textures_p1\Coat\Fabric\T_Coat_Fabric_Black_BaseColor.png,Textures\Clothing\Outerwear\Coat\Fabric\T_Coat_Fabric_Black_BaseColor.png,copied
tex-ao,C:\Users\Jacob\Desktop\Quantum Characters\casual_textures_p1\Coat\Leather\T_Coat_Leather_OcclusionRoughnessMetallic.png,Textures\Clothing\Outerwear\Coat\Leather\T_Coat_Leather_Occlusion.png,extracted R channel
tex,C:\Users\Jacob\Desktop\Quantum Characters\casual_textures_p1\Coat\Leather\T_Coat_Leather_Roughness.png,Textures\Clothing\Outerwear\Coat\Leather\T_Coat_Leather_Roughness.png,copied
tex,C:\Users\Jacob\Desktop\Quantum Characters\casual_textures_p1\Coat\Leather\T_Coat_Leather_Unity_Normal.png,Textures\Clothing\Outerwear\Coat\Leather\T_Coat_Leather_Unity_Normal.png,copied
tex,C:\Users\Jacob\Desktop\Quantum Characters\casual_textures_p1\Coat\Leather\T_Coat_Leather_Black_BaseColor.png,Textures\Clothing\Outerwear\Coat\Leather\T_Coat_Leather_Black_BaseColor.png,copied
tex,C:\Users\Jacob\Desktop\Quantum Characters\casual_textures_p1\Coat\Leather\T_Coat_Leather_Brown_BaseColor.png,Textures\Clothing\Outerwear\Coat\Leather\T_Coat_Leather_Brown_BaseColor.png,copied
tex-ao,C:\Users\Jacob\Desktop\Quantum Characters\casual_textures_p1\F_Braсelet\T_Bracelet_OcclusionRoughnessMetallic.png,Textures\Clothing\Accessories\F_Bracelet\T_Bracelet_Occlusion.png,extracted R channel
tex,C:\Users\Jacob\Desktop\Quantum Characters\casual_textures_p1\F_Braсelet\T_Bracelet_Roughness.png,Textures\Clothing\Accessories\F_Bracelet\T_Bracelet_Roughness.png,copied
tex,C:\Users\Jacob\Desktop\Quantum Characters\casual_textures_p1\F_Braсelet\T_Bracelet_Unity_Normal.png,Textures\Clothing\Accessories\F_Bracelet\T_Bracelet_Unity_Normal.png,copied
tex,C:\Users\Jacob\Desktop\Quantum Characters\casual_textures_p1\F_Braсelet\T_Bracelet_BaseColor.png,Textures\Clothing\Accessories\F_Bracelet\T_Bracelet_BaseColor.png,copied
tex-ao,C:\Users\Jacob\Desktop\Quantum Characters\casual_textures_p1\F_Jacket_Leather\T_F_Leather_Jacket_OcclusionRoughnessMetallic.png,Textures\Clothing\Outerwear\F_Jacket_Leather\T_F_Leather_Jacket_Occlusion.png,extracted R channel
tex,C:\Users\Jacob\Desktop\Quantum Characters\casual_textures_p1\F_Jacket_Leather\T_F_Leather_Jacket_Roughness.png,Textures\Clothing\Outerwear\F_Jacket_Leather\T_F_Leather_Jacket_Roughness.png,copied
tex,C:\Users\Jacob\Desktop\Quantum Characters\casual_textures_p1\F_Jacket_Leather\T_F_Leather_Jacket_Unity_Normal.png,Textures\Clothing\Outerwear\F_Jacket_Leather\T_F_Leather_Jacket_Unity_Normal.png,copied
tex,C:\Users\Jacob\Desktop\Quantum Characters\casual_textures_p1\F_Jacket_Leather\T_F_Leather_Jacket_Black_BaseColor.png,Textures\Clothing\Outerwear\F_Jacket_Leather\T_F_Leather_Jacket_Black_BaseColor.png,copied
tex,C:\Users\Jacob\Desktop\Quantum Characters\casual_textures_p1\F_Jacket_Leather\T_F_Leather_Jacket_Brown_BaseColor.png,Textures\Clothing\Outerwear\F_Jacket_Leather\T_F_Leather_Jacket_Brown_BaseColor.png,copied
tex-ao,C:\Users\Jacob\Desktop\Quantum Characters\casual_textures_p1\F_Jersey\T_woman_jersey_OcclusionRoughnessMetallic.png,Textures\Clothing\Tops\F_Jersey\T_woman_jersey_Occlusion.png,extracted R channel
tex,C:\Users\Jacob\Desktop\Quantum Characters\casual_textures_p1\F_Jersey\T_woman_jersey_Roughness.png,Textures\Clothing\Tops\F_Jersey\T_woman_jersey_Roughness.png,copied
tex,C:\Users\Jacob\Desktop\Quantum Characters\casual_textures_p1\F_Jersey\T_woman_jersey_Unity_Normal.png,Textures\Clothing\Tops\F_Jersey\T_woman_jersey_Unity_Normal.png,copied
tex,C:\Users\Jacob\Desktop\Quantum Characters\casual_textures_p1\F_Jersey\T_woman_jersey_bege_BaseColor.png,Textures\Clothing\Tops\F_Jersey\T_woman_jersey_bege_BaseColor.png,copied
tex,C:\Users\Jacob\Desktop\Quantum Characters\casual_textures_p1\F_Jersey\T_woman_jersey_black_BaseColor.png,Textures\Clothing\Tops\F_Jersey\T_woman_jersey_black_BaseColor.png,copied
tex,C:\Users\Jacob\Desktop\Quantum Characters\casual_textures_p1\F_Jersey\T_woman_jersey_bordo_BaseColor.png,Textures\Clothing\Tops\F_Jersey\T_woman_jersey_bordo_BaseColor.png,copied
tex,C:\Users\Jacob\Desktop\Quantum Characters\casual_textures_p1\F_Jersey\T_woman_jersey_green_BaseColor.png,Textures\Clothing\Tops\F_Jersey\T_woman_jersey_green_BaseColor.png,copied
tex,C:\Users\Jacob\Desktop\Quantum Characters\casual_textures_p1\F_Jersey\T_woman_jersey_grey_BaseColor.png,Textures\Clothing\Tops\F_Jersey\T_woman_jersey_grey_BaseColor.png,copied
tex-ao,C:\Users\Jacob\Desktop\Quantum Characters\casual_textures_p1\F_Pants_Jeans\T_F_Pants_Jeans_OcclusionRoughnessMetallic.png,Textures\Clothing\Pants\F_Pants_Jeans\T_F_Pants_Jeans_Occlusion.png,extracted R channel
tex,C:\Users\Jacob\Desktop\Quantum Characters\casual_textures_p1\F_Pants_Jeans\T_F_Pants_Jeans_Roughness.png,Textures\Clothing\Pants\F_Pants_Jeans\T_F_Pants_Jeans_Roughness.png,copied
tex,C:\Users\Jacob\Desktop\Quantum Characters\casual_textures_p1\F_Pants_Jeans\T_F_Pants_Jeans_Unity_Normal.png,Textures\Clothing\Pants\F_Pants_Jeans\T_F_Pants_Jeans_Unity_Normal.png,copied
tex-ao,C:\Users\Jacob\Desktop\Quantum Characters\casual_textures_p1\F_Pants_Jeans\T_F_Pants_Jeans_Torn_OcclusionRoughnessMetallic.png,Textures\Clothing\Pants\F_Pants_Jeans\T_F_Pants_Jeans_Torn_Occlusion.png,extracted R channel
tex,C:\Users\Jacob\Desktop\Quantum Characters\casual_textures_p1\F_Pants_Jeans\T_F_Pants_Jeans_Torn_Roughness.png,Textures\Clothing\Pants\F_Pants_Jeans\T_F_Pants_Jeans_Torn_Roughness.png,copied
tex,C:\Users\Jacob\Desktop\Quantum Characters\casual_textures_p1\F_Pants_Jeans\T_F_Pants_Jeans_Torn_Unity_Normal.png,Textures\Clothing\Pants\F_Pants_Jeans\T_F_Pants_Jeans_Torn_Unity_Normal.png,copied
tex,C:\Users\Jacob\Desktop\Quantum Characters\casual_textures_p1\F_Pants_Jeans\T_F_Pants_Jeans_Bege_BaseColor.png,Textures\Clothing\Pants\F_Pants_Jeans\T_F_Pants_Jeans_Beige_BaseColor.png,copied
tex,C:\Users\Jacob\Desktop\Quantum Characters\casual_textures_p1\F_Pants_Jeans\T_F_Pants_Jeans_Black_BaseColor.png,Textures\Clothing\Pants\F_Pants_Jeans\T_F_Pants_Jeans_Black_BaseColor.png,copied
tex,C:\Users\Jacob\Desktop\Quantum Characters\casual_textures_p1\F_Pants_Jeans\T_F_Pants_Jeans_Blue_BaseColor.png,Textures\Clothing\Pants\F_Pants_Jeans\T_F_Pants_Jeans_Blue_BaseColor.png,copied
tex,C:\Users\Jacob\Desktop\Quantum Characters\casual_textures_p1\F_Pants_Jeans\T_F_Pants_Jeans_Blue_Dark_BaseColor.png,Textures\Clothing\Pants\F_Pants_Jeans\T_F_Pants_Jeans_Blue_Dark_BaseColor.png,copied
tex,C:\Users\Jacob\Desktop\Quantum Characters\casual_textures_p1\F_Pants_Jeans\T_F_Pants_Jeans_Blue_Light_BaseColor.png,Textures\Clothing\Pants\F_Pants_Jeans\T_F_Pants_Jeans_Blue_Light_BaseColor.png,copied
tex,C:\Users\Jacob\Desktop\Quantum Characters\casual_textures_p1\F_Pants_Jeans\T_F_Pants_Jeans_Camo_BaseColor.png,Textures\Clothing\Pants\F_Pants_Jeans\T_F_Pants_Jeans_Camo_BaseColor.png,copied
tex,C:\Users\Jacob\Desktop\Quantum Characters\casual_textures_p1\F_Pants_Jeans\T_F_Pants_Jeans_Torn_Blue_Dark_BaseColor.png,Textures\Clothing\Pants\F_Pants_Jeans\T_F_Pants_Jeans_Torn_Blue_Dark_BaseColor.png,copied
tex-ao,C:\Users\Jacob\Desktop\Quantum Characters\casual_textures_p1\F_Shorts_Boots\T_F_Shorts_Boots_Jeans_OcclusionRoughnessMetallic.png,Textures\Clothing\Pants\F_Shorts_Boots\T_F_Shorts_Boots_Jeans_Occlusion.png,extracted R channel
tex,C:\Users\Jacob\Desktop\Quantum Characters\casual_textures_p1\F_Shorts_Boots\T_F_Shorts_Boots_Jeans_Roughness.png,Textures\Clothing\Pants\F_Shorts_Boots\T_F_Shorts_Boots_Jeans_Roughness.png,copied
tex,C:\Users\Jacob\Desktop\Quantum Characters\casual_textures_p1\F_Shorts_Boots\T_F_Shorts_Boots_Jeans_Unity_Normal.png,Textures\Clothing\Pants\F_Shorts_Boots\T_F_Shorts_Boots_Jeans_Unity_Normal.png,copied
tex,C:\Users\Jacob\Desktop\Quantum Characters\casual_textures_p1\F_Shorts_Boots\T_F_Shorts_Boots_Beige_BaseColor.png,Textures\Clothing\Pants\F_Shorts_Boots\T_F_Shorts_Boots_Beige_BaseColor.png,copied
tex,C:\Users\Jacob\Desktop\Quantum Characters\casual_textures_p1\F_Shorts_Boots\T_F_Shorts_Boots_Black_BaseColor.png,Textures\Clothing\Pants\F_Shorts_Boots\T_F_Shorts_Boots_Black_BaseColor.png,copied
tex,C:\Users\Jacob\Desktop\Quantum Characters\casual_textures_p1\F_Shorts_Boots\T_F_Shorts_Boots_Green_BaseColor.png,Textures\Clothing\Pants\F_Shorts_Boots\T_F_Shorts_Boots_Green_BaseColor.png,copied
tex,C:\Users\Jacob\Desktop\Quantum Characters\casual_textures_p1\F_Shorts_Boots\T_F_Shorts_Boots_Jeans_BaseColor.png,Textures\Clothing\Pants\F_Shorts_Boots\T_F_Shorts_Boots_Jeans_BaseColor.png,copied
tex-ao,C:\Users\Jacob\Desktop\Quantum Characters\casual_textures_p1\F_Tshirt_Tucked\T_F_Tshirt_Tucked_Bege_Print_OcclusionRoughnessMetallic.png,Textures\Clothing\Tops\F_Tshirt_Tucked\T_F_Tshirt_Tucked_Beige_Print_Occlusion.png,extracted R channel
tex,C:\Users\Jacob\Desktop\Quantum Characters\casual_textures_p1\F_Tshirt_Tucked\T_F_Tshirt_Tucked_Bege_Print_Roughness.png,Textures\Clothing\Tops\F_Tshirt_Tucked\T_F_Tshirt_Tucked_Beige_Print_Roughness.png,copied
tex,C:\Users\Jacob\Desktop\Quantum Characters\casual_textures_p1\F_Tshirt_Tucked\T_F_Tshirt_Tucked_Bege_Print_Unity_Normal.png,Textures\Clothing\Tops\F_Tshirt_Tucked\T_F_Tshirt_Tucked_Beige_Print_Unity_Normal.png,copied
tex-ao,C:\Users\Jacob\Desktop\Quantum Characters\casual_textures_p1\F_Tshirt_Tucked\T_F_Tshirt_Tucked_Black_Print_OcclusionRoughnessMetallic.png,Textures\Clothing\Tops\F_Tshirt_Tucked\T_F_Tshirt_Tucked_Black_Print_Occlusion.png,extracted R channel
tex,C:\Users\Jacob\Desktop\Quantum Characters\casual_textures_p1\F_Tshirt_Tucked\T_F_Tshirt_Tucked_Black_Print_Roughness.png,Textures\Clothing\Tops\F_Tshirt_Tucked\T_F_Tshirt_Tucked_Black_Print_Roughness.png,copied
tex,C:\Users\Jacob\Desktop\Quantum Characters\casual_textures_p1\F_Tshirt_Tucked\T_F_Tshirt_Tucked_Black_Print_Unity_Normal.png,Textures\Clothing\Tops\F_Tshirt_Tucked\T_F_Tshirt_Tucked_Black_Print_Unity_Normal.png,copied
tex-ao,C:\Users\Jacob\Desktop\Quantum Characters\casual_textures_p1\F_Tshirt_Tucked\T_F_Tshirt_Tucked_OcclusionRoughnessMetallic.png,Textures\Clothing\Tops\F_Tshirt_Tucked\T_F_Tshirt_Tucked_Occlusion.png,extracted R channel
tex,C:\Users\Jacob\Desktop\Quantum Characters\casual_textures_p1\F_Tshirt_Tucked\T_F_Tshirt_Tucked_Roughness.png,Textures\Clothing\Tops\F_Tshirt_Tucked\T_F_Tshirt_Tucked_Roughness.png,copied
tex,C:\Users\Jacob\Desktop\Quantum Characters\casual_textures_p1\F_Tshirt_Tucked\T_F_Tshirt_Tucked_Unity_Normal.png,Textures\Clothing\Tops\F_Tshirt_Tucked\T_F_Tshirt_Tucked_Unity_Normal.png,copied
tex-ao,C:\Users\Jacob\Desktop\Quantum Characters\casual_textures_p1\F_Tshirt_Tucked\T_F_Tshirt_Tucked_White_Print_OcclusionRoughnessMetallic.png,Textures\Clothing\Tops\F_Tshirt_Tucked\T_F_Tshirt_Tucked_White_Print_Occlusion.png,extracted R channel
tex,C:\Users\Jacob\Desktop\Quantum Characters\casual_textures_p1\F_Tshirt_Tucked\T_F_Tshirt_Tucked_White_Print_Roughness.png,Textures\Clothing\Tops\F_Tshirt_Tucked\T_F_Tshirt_Tucked_White_Print_Roughness.png,copied
tex,C:\Users\Jacob\Desktop\Quantum Characters\casual_textures_p1\F_Tshirt_Tucked\T_F_Tshirt_Tucked_White_Print_Unity_Normal.png,Textures\Clothing\Tops\F_Tshirt_Tucked\T_F_Tshirt_Tucked_White_Print_Unity_Normal.png,copied
tex,C:\Users\Jacob\Desktop\Quantum Characters\casual_textures_p1\F_Tshirt_Tucked\T_F_Tshirt_Tucked_Bege_BaseColor.png,Textures\Clothing\Tops\F_Tshirt_Tucked\T_F_Tshirt_Tucked_Beige_BaseColor.png,copied
tex,C:\Users\Jacob\Desktop\Quantum Characters\casual_textures_p1\F_Tshirt_Tucked\T_F_Tshirt_Tucked_Bege_Print_BaseColor.png,Textures\Clothing\Tops\F_Tshirt_Tucked\T_F_Tshirt_Tucked_Beige_Print_BaseColor.png,copied
tex,C:\Users\Jacob\Desktop\Quantum Characters\casual_textures_p1\F_Tshirt_Tucked\T_F_Tshirt_Tucked_Black_BaseColor.png,Textures\Clothing\Tops\F_Tshirt_Tucked\T_F_Tshirt_Tucked_Black_BaseColor.png,copied
tex,C:\Users\Jacob\Desktop\Quantum Characters\casual_textures_p1\F_Tshirt_Tucked\T_F_Tshirt_Tucked_Black_Print_BaseColor.png,Textures\Clothing\Tops\F_Tshirt_Tucked\T_F_Tshirt_Tucked_Black_Print_BaseColor.png,copied
tex,C:\Users\Jacob\Desktop\Quantum Characters\casual_textures_p1\F_Tshirt_Tucked\T_F_Tshirt_Tucked_Blue_BaseColor.png,Textures\Clothing\Tops\F_Tshirt_Tucked\T_F_Tshirt_Tucked_Blue_BaseColor.png,copied
tex,C:\Users\Jacob\Desktop\Quantum Characters\casual_textures_p1\F_Tshirt_Tucked\T_F_Tshirt_Tucked_Bordo_BaseColor.png,Textures\Clothing\Tops\F_Tshirt_Tucked\T_F_Tshirt_Tucked_Burgundy_BaseColor.png,copied
tex,C:\Users\Jacob\Desktop\Quantum Characters\casual_textures_p1\F_Tshirt_Tucked\T_F_Tshirt_Tucked_Gray_BaseColor.png,Textures\Clothing\Tops\F_Tshirt_Tucked\T_F_Tshirt_Tucked_Gray_BaseColor.png,copied
tex,C:\Users\Jacob\Desktop\Quantum Characters\casual_textures_p1\F_Tshirt_Tucked\T_F_Tshirt_Tucked_Green_BaseColor.png,Textures\Clothing\Tops\F_Tshirt_Tucked\T_F_Tshirt_Tucked_Green_BaseColor.png,copied
tex,C:\Users\Jacob\Desktop\Quantum Characters\casual_textures_p1\F_Tshirt_Tucked\T_F_Tshirt_Tucked_Orange_Tucked_BaseColor.png,Textures\Clothing\Tops\F_Tshirt_Tucked\T_F_Tshirt_Tucked_Orange_Tucked_BaseColor.png,copied
tex,C:\Users\Jacob\Desktop\Quantum Characters\casual_textures_p1\F_Tshirt_Tucked\T_F_Tshirt_Tucked_White_BaseColor.png,Textures\Clothing\Tops\F_Tshirt_Tucked\T_F_Tshirt_Tucked_White_BaseColor.png,copied
tex,C:\Users\Jacob\Desktop\Quantum Characters\casual_textures_p1\F_Tshirt_Tucked\T_F_Tshirt_Tucked_White_Print_BaseColor.png,Textures\Clothing\Tops\F_Tshirt_Tucked\T_F_Tshirt_Tucked_White_Print_BaseColor.png,copied
tex-ao,C:\Users\Jacob\Desktop\Quantum Characters\casual_textures_p1\F_Vests_Puffy\T_F_Puffy_Vest_OcclusionRoughnessMetallic.png,Textures\Clothing\Outerwear\F_Vests_Puffy\T_F_Puffy_Vest_Occlusion.png,extracted R channel
tex,C:\Users\Jacob\Desktop\Quantum Characters\casual_textures_p1\F_Vests_Puffy\T_F_Puffy_Vest_Roughness.png,Textures\Clothing\Outerwear\F_Vests_Puffy\T_F_Puffy_Vest_Roughness.png,copied
tex,C:\Users\Jacob\Desktop\Quantum Characters\casual_textures_p1\F_Vests_Puffy\T_F_Puffy_Vest_Unity_Normal.png,Textures\Clothing\Outerwear\F_Vests_Puffy\T_F_Puffy_Vest_Unity_Normal.png,copied
tex,C:\Users\Jacob\Desktop\Quantum Characters\casual_textures_p1\F_Vests_Puffy\T_F_Puffy_Vest_Bege_BaseColor.png,Textures\Clothing\Outerwear\F_Vests_Puffy\T_F_Puffy_Vest_Beige_BaseColor.png,copied
tex,C:\Users\Jacob\Desktop\Quantum Characters\casual_textures_p1\F_Vests_Puffy\T_F_Puffy_Vest_Black_BaseColor.png,Textures\Clothing\Outerwear\F_Vests_Puffy\T_F_Puffy_Vest_Black_BaseColor.png,copied
tex,C:\Users\Jacob\Desktop\Quantum Characters\casual_textures_p1\F_Vests_Puffy\T_F_Puffy_Vest_Brown_BaseColor.png,Textures\Clothing\Outerwear\F_Vests_Puffy\T_F_Puffy_Vest_Brown_BaseColor.png,copied
tex,C:\Users\Jacob\Desktop\Quantum Characters\casual_textures_p1\F_Vests_Puffy\T_F_Puffy_Vest_Dark_Blue_BaseColor.png,Textures\Clothing\Outerwear\F_Vests_Puffy\T_F_Puffy_Vest_Dark_Blue_BaseColor.png,copied
tex,C:\Users\Jacob\Desktop\Quantum Characters\casual_textures_p1\F_Vests_Puffy\T_F_Puffy_Vest_Green_BaseColor.png,Textures\Clothing\Outerwear\F_Vests_Puffy\T_F_Puffy_Vest_Green_BaseColor.png,copied
tex,C:\Users\Jacob\Desktop\Quantum Characters\casual_textures_p1\F_Vests_Puffy\T_F_Puffy_Vest_Yellow_BaseColor.png,Textures\Clothing\Outerwear\F_Vests_Puffy\T_F_Puffy_Vest_Yellow_BaseColor.png,copied
tex-ao,C:\Users\Jacob\Desktop\Quantum Characters\casual_textures_p1\Flat_Hat\T_Flat_Hat_Grey_OcclusionRoughnessMetallic.png,Textures\Clothing\Hats\Flat_Hat\T_Flat_Hat_Gray_Occlusion.png,extracted R channel
tex,C:\Users\Jacob\Desktop\Quantum Characters\casual_textures_p1\Flat_Hat\T_Flat_Hat_Grey_Roughness.png,Textures\Clothing\Hats\Flat_Hat\T_Flat_Hat_Gray_Roughness.png,copied
tex,C:\Users\Jacob\Desktop\Quantum Characters\casual_textures_p1\Flat_Hat\T_Flat_Hat_Grey_Unity_Normal.png,Textures\Clothing\Hats\Flat_Hat\T_Flat_Hat_Gray_Unity_Normal.png,copied
tex-ao,C:\Users\Jacob\Desktop\Quantum Characters\casual_textures_p1\Flat_Hat\T_Flat_Hat_OcclusionRoughnessMetallic.png,Textures\Clothing\Hats\Flat_Hat\T_Flat_Hat_Occlusion.png,extracted R channel
tex,C:\Users\Jacob\Desktop\Quantum Characters\casual_textures_p1\Flat_Hat\T_Flat_Hat_Roughness.png,Textures\Clothing\Hats\Flat_Hat\T_Flat_Hat_Roughness.png,copied
tex,C:\Users\Jacob\Desktop\Quantum Characters\casual_textures_p1\Flat_Hat\T_Flat_Hat_Unity_Normal.png,Textures\Clothing\Hats\Flat_Hat\T_Flat_Hat_Unity_Normal.png,copied
tex,C:\Users\Jacob\Desktop\Quantum Characters\casual_textures_p1\Flat_Hat\T_Flat_Hat_Blue_BaseColor.png,Textures\Clothing\Hats\Flat_Hat\T_Flat_Hat_Blue_BaseColor.png,copied
tex,C:\Users\Jacob\Desktop\Quantum Characters\casual_textures_p1\Flat_Hat\T_Flat_Hat_Brown_BaseColor.png,Textures\Clothing\Hats\Flat_Hat\T_Flat_Hat_Brown_BaseColor.png,copied
tex,C:\Users\Jacob\Desktop\Quantum Characters\casual_textures_p1\Flat_Hat\T_Flat_Hat_Grey_BaseColor.png,Textures\Clothing\Hats\Flat_Hat\T_Flat_Hat_Gray_BaseColor.png,copied
tex-ao,C:\Users\Jacob\Desktop\Quantum Characters\casual_textures_p1\Flip_Flops\T_Shorts_Breeches_OcclusionRoughnessMetallic.png,Textures\Clothing\Shoes\Flip_Flops\T_Shorts_Breeches_Occlusion.png,extracted R channel
tex,C:\Users\Jacob\Desktop\Quantum Characters\casual_textures_p1\Flip_Flops\T_Shorts_Breeches_Roughness.png,Textures\Clothing\Shoes\Flip_Flops\T_Shorts_Breeches_Roughness.png,copied
tex,C:\Users\Jacob\Desktop\Quantum Characters\casual_textures_p1\Flip_Flops\T_Shorts_Breeches_Unity_Normal.png,Textures\Clothing\Shoes\Flip_Flops\T_Shorts_Breeches_Unity_Normal.png,copied
tex,C:\Users\Jacob\Desktop\Quantum Characters\casual_textures_p1\Flip_Flops\T_Shorts_Breeches_bege_BaseColor.png,Textures\Clothing\Shoes\Flip_Flops\T_Shorts_Breeches_bege_BaseColor.png,copied
tex,C:\Users\Jacob\Desktop\Quantum Characters\casual_textures_p1\Flip_Flops\T_Shorts_Breeches_Camo_BaseColor.png,Textures\Clothing\Shoes\Flip_Flops\T_Shorts_Breeches_Camo_BaseColor.png,copied
tex,C:\Users\Jacob\Desktop\Quantum Characters\casual_textures_p1\Flip_Flops\T_Shorts_Breeches_Green_BaseColor.png,Textures\Clothing\Shoes\Flip_Flops\T_Shorts_Breeches_Green_BaseColor.png,copied
tex,C:\Users\Jacob\Desktop\Quantum Characters\casual_textures_p1\Flip_Flops\T_Shorts_Breeches_Grey_BaseColor.png,Textures\Clothing\Shoes\Flip_Flops\T_Shorts_Breeches_Gray_BaseColor.png,copied
tex-ao,C:\Users\Jacob\Desktop\Quantum Characters\casual_textures_p2\Glasses Aviator\T_Glasses_Aviator_Gold_OcclusionRoughnessMetallic.png,Textures\Clothing\Glasses\Glasses Aviator\T_Glasses_Aviator_Gold_Occlusion.png,extracted R channel
tex,C:\Users\Jacob\Desktop\Quantum Characters\casual_textures_p2\Glasses Aviator\T_Glasses_Aviator_Gold_Roughness.png,Textures\Clothing\Glasses\Glasses Aviator\T_Glasses_Aviator_Gold_Roughness.png,copied
tex,C:\Users\Jacob\Desktop\Quantum Characters\casual_textures_p2\Glasses Aviator\T_Glasses_Aviator_Gold_Unity_Normal.png,Textures\Clothing\Glasses\Glasses Aviator\T_Glasses_Aviator_Gold_Unity_Normal.png,copied
tex-ao,C:\Users\Jacob\Desktop\Quantum Characters\casual_textures_p2\Glasses Aviator\T_Sunglasses_Commo_OcclusionRoughnessMetallic.png,Textures\Clothing\Glasses\Glasses Aviator\T_Sunglasses_Commo_Occlusion.png,extracted R channel
tex,C:\Users\Jacob\Desktop\Quantum Characters\casual_textures_p2\Glasses Aviator\T_Sunglasses_Commo_Roughness.png,Textures\Clothing\Glasses\Glasses Aviator\T_Sunglasses_Commo_Roughness.png,copied
tex,C:\Users\Jacob\Desktop\Quantum Characters\casual_textures_p2\Glasses Aviator\T_Sunglasses_Commo_Unity_Normal.png,Textures\Clothing\Glasses\Glasses Aviator\T_Sunglasses_Commo_Unity_Normal.png,copied
tex,C:\Users\Jacob\Desktop\Quantum Characters\casual_textures_p2\Glasses Aviator\T_Glasses_Aviator_Brown_BaseColor.png,Textures\Clothing\Glasses\Glasses Aviator\T_Glasses_Aviator_Brown_BaseColor.png,copied
tex,C:\Users\Jacob\Desktop\Quantum Characters\casual_textures_p2\Glasses Aviator\T_Glasses_Aviator_Gold_BaseColor.png,Textures\Clothing\Glasses\Glasses Aviator\T_Glasses_Aviator_Gold_BaseColor.png,copied
tex,C:\Users\Jacob\Desktop\Quantum Characters\casual_textures_p2\Glasses Aviator\T_Sunglasses_brown_BaseColor.png,Textures\Clothing\Glasses\Glasses Aviator\T_Sunglasses_brown_BaseColor.png,copied
tex,C:\Users\Jacob\Desktop\Quantum Characters\casual_textures_p2\Glasses Aviator\T_Sunglasses_Commo_BaseColor.png,Textures\Clothing\Glasses\Glasses Aviator\T_Sunglasses_Commo_BaseColor.png,copied
tex-ao,C:\Users\Jacob\Desktop\Quantum Characters\casual_textures_p2\Glasses Aviator\Gold\T_Glasses_Aviator_Gold_OcclusionRoughnessMetallic.png,Textures\Clothing\Glasses\Glasses Aviator\Gold\T_Glasses_Aviator_Gold_Occlusion.png,extracted R channel
tex,C:\Users\Jacob\Desktop\Quantum Characters\casual_textures_p2\Glasses Aviator\Gold\T_Glasses_Aviator_Gold_Roughness.png,Textures\Clothing\Glasses\Glasses Aviator\Gold\T_Glasses_Aviator_Gold_Roughness.png,copied
tex,C:\Users\Jacob\Desktop\Quantum Characters\casual_textures_p2\Glasses Aviator\Gold\T_Glasses_Aviator_Gold_Unity_Normal.png,Textures\Clothing\Glasses\Glasses Aviator\Gold\T_Glasses_Aviator_Gold_Unity_Normal.png,copied
tex,C:\Users\Jacob\Desktop\Quantum Characters\casual_textures_p2\Glasses Aviator\Gold\T_Glasses_Aviator_Gold_BaseColor.png,Textures\Clothing\Glasses\Glasses Aviator\Gold\T_Glasses_Aviator_Gold_BaseColor.png,copied
tex-ao,C:\Users\Jacob\Desktop\Quantum Characters\casual_textures_p2\Glasses_Classic\T_Classic_Glasses_Glass_OcclusionRoughnessMetallic.png,Textures\Clothing\Glasses\Glasses_Classic\T_Classic_Glasses_Glass_Occlusion.png,extracted R channel
tex,C:\Users\Jacob\Desktop\Quantum Characters\casual_textures_p2\Glasses_Classic\T_Classic_Glasses_Glass_Roughness.png,Textures\Clothing\Glasses\Glasses_Classic\T_Classic_Glasses_Glass_Roughness.png,copied
tex,C:\Users\Jacob\Desktop\Quantum Characters\casual_textures_p2\Glasses_Classic\T_Classic_Glasses_Glass_Unity_Normal.png,Textures\Clothing\Glasses\Glasses_Classic\T_Classic_Glasses_Glass_Unity_Normal.png,copied
tex-ao,C:\Users\Jacob\Desktop\Quantum Characters\casual_textures_p2\Glasses_Classic\T_Classic_Glasses_OcclusionRoughnessMetallic.png,Textures\Clothing\Glasses\Glasses_Classic\T_Classic_Glasses_Occlusion.png,extracted R channel
tex,C:\Users\Jacob\Desktop\Quantum Characters\casual_textures_p2\Glasses_Classic\T_Classic_Glasses_Roughness.png,Textures\Clothing\Glasses\Glasses_Classic\T_Classic_Glasses_Roughness.png,copied
tex,C:\Users\Jacob\Desktop\Quantum Characters\casual_textures_p2\Glasses_Classic\T_Classic_Glasses_Unity_Normal.png,Textures\Clothing\Glasses\Glasses_Classic\T_Classic_Glasses_Unity_Normal.png,copied
tex-ao,C:\Users\Jacob\Desktop\Quantum Characters\casual_textures_p2\Glasses_Classic\T_Glasses_Classic_Glass_OcclusionRoughnessMetallic.png,Textures\Clothing\Glasses\Glasses_Classic\T_Glasses_Classic_Glass_Occlusion.png,extracted R channel
tex,C:\Users\Jacob\Desktop\Quantum Characters\casual_textures_p2\Glasses_Classic\T_Glasses_Classic_Glass_Roughness.png,Textures\Clothing\Glasses\Glasses_Classic\T_Glasses_Classic_Glass_Roughness.png,copied
tex,C:\Users\Jacob\Desktop\Quantum Characters\casual_textures_p2\Glasses_Classic\T_Glasses_Classic_Glass_Unity_Normal.png,Textures\Clothing\Glasses\Glasses_Classic\T_Glasses_Classic_Glass_Unity_Normal.png,copied
tex-ao,C:\Users\Jacob\Desktop\Quantum Characters\casual_textures_p2\Glasses_Classic\T_Glasses_Classic_OcclusionRoughnessMetallic.png,Textures\Clothing\Glasses\Glasses_Classic\T_Glasses_Classic_Occlusion.png,extracted R channel
tex,C:\Users\Jacob\Desktop\Quantum Characters\casual_textures_p2\Glasses_Classic\T_Glasses_Classic_Roughness.png,Textures\Clothing\Glasses\Glasses_Classic\T_Glasses_Classic_Roughness.png,copied
tex,C:\Users\Jacob\Desktop\Quantum Characters\casual_textures_p2\Glasses_Classic\T_Glasses_Classic_Unity_Normal.png,Textures\Clothing\Glasses\Glasses_Classic\T_Glasses_Classic_Unity_Normal.png,copied
tex,C:\Users\Jacob\Desktop\Quantum Characters\casual_textures_p2\Glasses_Classic\T_Classic_Glasses_BaseColor.png,Textures\Clothing\Glasses\Glasses_Classic\T_Classic_Glasses_BaseColor.png,copied
tex,C:\Users\Jacob\Desktop\Quantum Characters\casual_textures_p2\Glasses_Classic\T_Classic_Glasses_Glass_BaseColor.png,Textures\Clothing\Glasses\Glasses_Classic\T_Classic_Glasses_Glass_BaseColor.png,copied
tex,C:\Users\Jacob\Desktop\Quantum Characters\casual_textures_p2\Glasses_Classic\T_Glasses_Classic_BaseColor.png,Textures\Clothing\Glasses\Glasses_Classic\T_Glasses_Classic_BaseColor.png,copied
tex,C:\Users\Jacob\Desktop\Quantum Characters\casual_textures_p2\Glasses_Classic\T_Glasses_Classic_Glass_BaseColor.png,Textures\Clothing\Glasses\Glasses_Classic\T_Glasses_Classic_Glass_BaseColor.png,copied
tex-ao,C:\Users\Jacob\Desktop\Quantum Characters\casual_textures_p2\Hat_Classic\Hat_Classic_OcclusionRoughnessMetallic.png,Textures\Clothing\Hats\Hat_Classic\T_Hat_Classic_Occlusion.png,extracted R channel
tex,C:\Users\Jacob\Desktop\Quantum Characters\casual_textures_p2\Hat_Classic\Hat_Classic_Roughness.png,Textures\Clothing\Hats\Hat_Classic\T_Hat_Classic_Roughness.png,copied
tex,C:\Users\Jacob\Desktop\Quantum Characters\casual_textures_p2\Hat_Classic\Hat_Classic_Unity_Normal.png,Textures\Clothing\Hats\Hat_Classic\T_Hat_Classic_Unity_Normal.png,copied
tex,C:\Users\Jacob\Desktop\Quantum Characters\casual_textures_p2\Hat_Classic\Hat_Classic_BaseColor.png,Textures\Clothing\Hats\Hat_Classic\T_Hat_Classic_BaseColor.png,copied
tex-ao,C:\Users\Jacob\Desktop\Quantum Characters\casual_textures_p2\Hat_Classic\Beach\Hat_Beach_OcclusionRoughnessMetallic.png,Textures\Clothing\Hats\Hat_Classic\Beach\T_Hat_Beach_Occlusion.png,extracted R channel
tex,C:\Users\Jacob\Desktop\Quantum Characters\casual_textures_p2\Hat_Classic\Beach\Hat_Beach_Roughness.png,Textures\Clothing\Hats\Hat_Classic\Beach\T_Hat_Beach_Roughness.png,copied
tex,C:\Users\Jacob\Desktop\Quantum Characters\casual_textures_p2\Hat_Classic\Beach\Hat_Beach_Unity_Normal.png,Textures\Clothing\Hats\Hat_Classic\Beach\T_Hat_Beach_Unity_Normal.png,copied
tex,C:\Users\Jacob\Desktop\Quantum Characters\casual_textures_p2\Hat_Classic\Beach\Hat_Beach_BaseColor.png,Textures\Clothing\Hats\Hat_Classic\Beach\T_Hat_Beach_BaseColor.png,copied
tex-ao,C:\Users\Jacob\Desktop\Quantum Characters\casual_textures_p2\Hat_Up\T_Hat_Up_OcclusionRoughnessMetallic.png,Textures\Clothing\Hats\Hat_Up\T_Hat_Up_Occlusion.png,extracted R channel
tex,C:\Users\Jacob\Desktop\Quantum Characters\casual_textures_p2\Hat_Up\T_Hat_Up_Roughness.png,Textures\Clothing\Hats\Hat_Up\T_Hat_Up_Roughness.png,copied
tex,C:\Users\Jacob\Desktop\Quantum Characters\casual_textures_p2\Hat_Up\T_Hat_Up_Unity_Normal.png,Textures\Clothing\Hats\Hat_Up\T_Hat_Up_Unity_Normal.png,copied
tex,C:\Users\Jacob\Desktop\Quantum Characters\casual_textures_p2\Hat_Up\T_Hat_Up_BaseColor.png,Textures\Clothing\Hats\Hat_Up\T_Hat_Up_BaseColor.png,copied
tex-ao,C:\Users\Jacob\Desktop\Quantum Characters\casual_textures_p2\Hat_Ushanka\T_Hat_Ushanka_OcclusionRoughnessMetallic.png,Textures\Clothing\Hats\Hat_Ushanka\T_Hat_Ushanka_Occlusion.png,extracted R channel
tex,C:\Users\Jacob\Desktop\Quantum Characters\casual_textures_p2\Hat_Ushanka\T_Hat_Ushanka_Roughness.png,Textures\Clothing\Hats\Hat_Ushanka\T_Hat_Ushanka_Roughness.png,copied
tex,C:\Users\Jacob\Desktop\Quantum Characters\casual_textures_p2\Hat_Ushanka\T_Hat_Ushanka_Unity_Normal.png,Textures\Clothing\Hats\Hat_Ushanka\T_Hat_Ushanka_Unity_Normal.png,copied
tex,C:\Users\Jacob\Desktop\Quantum Characters\casual_textures_p2\Hat_Ushanka\T_Hat_Ushanka_Bege_BaseColor.png,Textures\Clothing\Hats\Hat_Ushanka\T_Hat_Ushanka_Beige_BaseColor.png,copied
tex,C:\Users\Jacob\Desktop\Quantum Characters\casual_textures_p2\Hat_Ushanka\T_Hat_Ushanka_Black_BaseColor.png,Textures\Clothing\Hats\Hat_Ushanka\T_Hat_Ushanka_Black_BaseColor.png,copied
tex,C:\Users\Jacob\Desktop\Quantum Characters\casual_textures_p2\Hat_Ushanka\T_Hat_Ushanka_Green_BaseColor.png,Textures\Clothing\Hats\Hat_Ushanka\T_Hat_Ushanka_Green_BaseColor.png,copied
tex-ao,C:\Users\Jacob\Desktop\Quantum Characters\casual_textures_p2\Hat_Warm\T_Warm_Hat_OcclusionRoughnessMetallic.png,Textures\Clothing\Hats\Hat_Warm\T_Warm_Hat_Occlusion.png,extracted R channel
tex,C:\Users\Jacob\Desktop\Quantum Characters\casual_textures_p2\Hat_Warm\T_Warm_Hat_Roughness.png,Textures\Clothing\Hats\Hat_Warm\T_Warm_Hat_Roughness.png,copied
tex,C:\Users\Jacob\Desktop\Quantum Characters\casual_textures_p2\Hat_Warm\T_Warm_Hat_Unity_Normal.png,Textures\Clothing\Hats\Hat_Warm\T_Warm_Hat_Unity_Normal.png,copied
tex,C:\Users\Jacob\Desktop\Quantum Characters\casual_textures_p2\Hat_Warm\T_Warm_Hat_Black_BaseColor.png,Textures\Clothing\Hats\Hat_Warm\T_Warm_Hat_Black_BaseColor.png,copied
tex,C:\Users\Jacob\Desktop\Quantum Characters\casual_textures_p2\Hat_Warm\T_Warm_Hat_Gray_BaseColor.png,Textures\Clothing\Hats\Hat_Warm\T_Warm_Hat_Gray_BaseColor.png,copied
tex,C:\Users\Jacob\Desktop\Quantum Characters\casual_textures_p2\Hat_Warm\T_Warm_Hat_Green_BaseColor.png,Textures\Clothing\Hats\Hat_Warm\T_Warm_Hat_Green_BaseColor.png,copied
tex,C:\Users\Jacob\Desktop\Quantum Characters\casual_textures_p2\Hat_Warm\T_Warm_Hat_Olive_BaseColor.png,Textures\Clothing\Hats\Hat_Warm\T_Warm_Hat_Olive_BaseColor.png,copied
tex-ao,C:\Users\Jacob\Desktop\Quantum Characters\casual_textures_p2\Headphones\T_Headphones_OcclusionRoughnessMetallic.png,Textures\Clothing\Hats\Headphones\T_Headphones_Occlusion.png,extracted R channel
tex,C:\Users\Jacob\Desktop\Quantum Characters\casual_textures_p2\Headphones\T_Headphones_Roughness.png,Textures\Clothing\Hats\Headphones\T_Headphones_Roughness.png,copied
tex,C:\Users\Jacob\Desktop\Quantum Characters\casual_textures_p2\Headphones\T_Headphones_Unity_Normal.png,Textures\Clothing\Hats\Headphones\T_Headphones_Unity_Normal.png,copied
tex,C:\Users\Jacob\Desktop\Quantum Characters\casual_textures_p2\Headphones\T_Headphones_Bege_BaseColor.png,Textures\Clothing\Hats\Headphones\T_Headphones_Beige_BaseColor.png,copied
tex,C:\Users\Jacob\Desktop\Quantum Characters\casual_textures_p2\Headphones\T_Headphones_Black_BaseColor.png,Textures\Clothing\Hats\Headphones\T_Headphones_Black_BaseColor.png,copied
tex,C:\Users\Jacob\Desktop\Quantum Characters\casual_textures_p2\Headphones\T_Headphones_Blue_BaseColor.png,Textures\Clothing\Hats\Headphones\T_Headphones_Blue_BaseColor.png,copied
tex-ao,C:\Users\Jacob\Desktop\Quantum Characters\casual_textures_p2\Hoodie\T_Hoodie_Bordo_Print_OcclusionRoughnessMetallic.png,Textures\Clothing\Tops\Hoodie\T_Hoodie_Burgundy_Print_Occlusion.png,extracted R channel
tex,C:\Users\Jacob\Desktop\Quantum Characters\casual_textures_p2\Hoodie\T_Hoodie_Bordo_Print_Roughness.png,Textures\Clothing\Tops\Hoodie\T_Hoodie_Burgundy_Print_Roughness.png,copied
tex,C:\Users\Jacob\Desktop\Quantum Characters\casual_textures_p2\Hoodie\T_Hoodie_Bordo_Print_Unity_Normal.png,Textures\Clothing\Tops\Hoodie\T_Hoodie_Burgundy_Print_Unity_Normal.png,copied
tex-ao,C:\Users\Jacob\Desktop\Quantum Characters\casual_textures_p2\Hoodie\T_Hoodie_Green_Print_OcclusionRoughnessMetallic.png,Textures\Clothing\Tops\Hoodie\T_Hoodie_Green_Print_Occlusion.png,extracted R channel
tex,C:\Users\Jacob\Desktop\Quantum Characters\casual_textures_p2\Hoodie\T_Hoodie_Green_Print_Roughness.png,Textures\Clothing\Tops\Hoodie\T_Hoodie_Green_Print_Roughness.png,copied
tex,C:\Users\Jacob\Desktop\Quantum Characters\casual_textures_p2\Hoodie\T_Hoodie_Green_Print_Unity_Normal.png,Textures\Clothing\Tops\Hoodie\T_Hoodie_Green_Print_Unity_Normal.png,copied
tex-ao,C:\Users\Jacob\Desktop\Quantum Characters\casual_textures_p2\Hoodie\T_Hoodie_OcclusionRoughnessMetallic.png,Textures\Clothing\Tops\Hoodie\T_Hoodie_Occlusion.png,extracted R channel
tex,C:\Users\Jacob\Desktop\Quantum Characters\casual_textures_p2\Hoodie\T_Hoodie_Roughness.png,Textures\Clothing\Tops\Hoodie\T_Hoodie_Roughness.png,copied
tex,C:\Users\Jacob\Desktop\Quantum Characters\casual_textures_p2\Hoodie\T_Hoodie_Unity_Normal.png,Textures\Clothing\Tops\Hoodie\T_Hoodie_Unity_Normal.png,copied
tex-ao,C:\Users\Jacob\Desktop\Quantum Characters\casual_textures_p2\Hoodie\T_Hoodie_Yellow_Print_OcclusionRoughnessMetallic.png,Textures\Clothing\Tops\Hoodie\T_Hoodie_Yellow_Print_Occlusion.png,extracted R channel
tex,C:\Users\Jacob\Desktop\Quantum Characters\casual_textures_p2\Hoodie\T_Hoodie_Yellow_Print_Roughness.png,Textures\Clothing\Tops\Hoodie\T_Hoodie_Yellow_Print_Roughness.png,copied
tex,C:\Users\Jacob\Desktop\Quantum Characters\casual_textures_p2\Hoodie\T_Hoodie_Yellow_Print_Unity_Normal.png,Textures\Clothing\Tops\Hoodie\T_Hoodie_Yellow_Print_Unity_Normal.png,copied
tex,C:\Users\Jacob\Desktop\Quantum Characters\casual_textures_p2\Hoodie\T_Hoodie_Bege_BaseColor.png,Textures\Clothing\Tops\Hoodie\T_Hoodie_Beige_BaseColor.png,copied
tex,C:\Users\Jacob\Desktop\Quantum Characters\casual_textures_p2\Hoodie\T_Hoodie_Black_BaseColor.png,Textures\Clothing\Tops\Hoodie\T_Hoodie_Black_BaseColor.png,copied
tex,C:\Users\Jacob\Desktop\Quantum Characters\casual_textures_p2\Hoodie\T_Hoodie_Blue_BaseColor.png,Textures\Clothing\Tops\Hoodie\T_Hoodie_Blue_BaseColor.png,copied
tex,C:\Users\Jacob\Desktop\Quantum Characters\casual_textures_p2\Hoodie\T_Hoodie_Bordo_BaseColor.png,Textures\Clothing\Tops\Hoodie\T_Hoodie_Burgundy_BaseColor.png,copied
tex,C:\Users\Jacob\Desktop\Quantum Characters\casual_textures_p2\Hoodie\T_Hoodie_Bordo_Print_BaseColor.png,Textures\Clothing\Tops\Hoodie\T_Hoodie_Burgundy_Print_BaseColor.png,copied
tex,C:\Users\Jacob\Desktop\Quantum Characters\casual_textures_p2\Hoodie\T_Hoodie_Green_BaseColor.png,Textures\Clothing\Tops\Hoodie\T_Hoodie_Green_BaseColor.png,copied
tex,C:\Users\Jacob\Desktop\Quantum Characters\casual_textures_p2\Hoodie\T_Hoodie_Green_Print_BaseColor.png,Textures\Clothing\Tops\Hoodie\T_Hoodie_Green_Print_BaseColor.png,copied
tex,C:\Users\Jacob\Desktop\Quantum Characters\casual_textures_p2\Hoodie\T_Hoodie_Grey_BaseColor.png,Textures\Clothing\Tops\Hoodie\T_Hoodie_Gray_BaseColor.png,copied
tex,C:\Users\Jacob\Desktop\Quantum Characters\casual_textures_p2\Hoodie\T_Hoodie_White_BaseColor.png,Textures\Clothing\Tops\Hoodie\T_Hoodie_White_BaseColor.png,copied
tex,C:\Users\Jacob\Desktop\Quantum Characters\casual_textures_p2\Hoodie\T_Hoodie_Yellow_BaseColor.png,Textures\Clothing\Tops\Hoodie\T_Hoodie_Yellow_BaseColor.png,copied
tex,C:\Users\Jacob\Desktop\Quantum Characters\casual_textures_p2\Hoodie\T_Hoodie_Yellow_Print_BaseColor.png,Textures\Clothing\Tops\Hoodie\T_Hoodie_Yellow_Print_BaseColor.png,copied
tex-ao,C:\Users\Jacob\Desktop\Quantum Characters\casual_textures_p2\Hoodie_Hood\T_Hoodie_Hood_Bordo_Print_OcclusionRoughnessMetallic.png,Textures\Clothing\Tops\Hoodie_Hood\T_Hoodie_Hood_Burgundy_Print_Occlusion.png,extracted R channel
tex,C:\Users\Jacob\Desktop\Quantum Characters\casual_textures_p2\Hoodie_Hood\T_Hoodie_Hood_Bordo_Print_Roughness.png,Textures\Clothing\Tops\Hoodie_Hood\T_Hoodie_Hood_Burgundy_Print_Roughness.png,copied
tex,C:\Users\Jacob\Desktop\Quantum Characters\casual_textures_p2\Hoodie_Hood\T_Hoodie_Hood_Bordo_Print_Unity_Normal.png,Textures\Clothing\Tops\Hoodie_Hood\T_Hoodie_Hood_Burgundy_Print_Unity_Normal.png,copied
tex-ao,C:\Users\Jacob\Desktop\Quantum Characters\casual_textures_p2\Hoodie_Hood\T_Hoodie_Hood_Green_Print_OcclusionRoughnessMetallic.png,Textures\Clothing\Tops\Hoodie_Hood\T_Hoodie_Hood_Green_Print_Occlusion.png,extracted R channel
tex,C:\Users\Jacob\Desktop\Quantum Characters\casual_textures_p2\Hoodie_Hood\T_Hoodie_Hood_Green_Print_Roughness.png,Textures\Clothing\Tops\Hoodie_Hood\T_Hoodie_Hood_Green_Print_Roughness.png,copied
tex,C:\Users\Jacob\Desktop\Quantum Characters\casual_textures_p2\Hoodie_Hood\T_Hoodie_Hood_Green_Print_Unity_Normal.png,Textures\Clothing\Tops\Hoodie_Hood\T_Hoodie_Hood_Green_Print_Unity_Normal.png,copied
tex-ao,C:\Users\Jacob\Desktop\Quantum Characters\casual_textures_p2\Hoodie_Hood\T_Hoodie_Hood_OcclusionRoughnessMetallic.png,Textures\Clothing\Tops\Hoodie_Hood\T_Hoodie_Hood_Occlusion.png,extracted R channel
tex,C:\Users\Jacob\Desktop\Quantum Characters\casual_textures_p2\Hoodie_Hood\T_Hoodie_Hood_Roughness.png,Textures\Clothing\Tops\Hoodie_Hood\T_Hoodie_Hood_Roughness.png,copied
tex,C:\Users\Jacob\Desktop\Quantum Characters\casual_textures_p2\Hoodie_Hood\T_Hoodie_Hood_Unity_Normal.png,Textures\Clothing\Tops\Hoodie_Hood\T_Hoodie_Hood_Unity_Normal.png,copied
tex-ao,C:\Users\Jacob\Desktop\Quantum Characters\casual_textures_p2\Hoodie_Hood\T_Hoodie_Hood_Yellow_Print_OcclusionRoughnessMetallic.png,Textures\Clothing\Tops\Hoodie_Hood\T_Hoodie_Hood_Yellow_Print_Occlusion.png,extracted R channel
tex,C:\Users\Jacob\Desktop\Quantum Characters\casual_textures_p2\Hoodie_Hood\T_Hoodie_Hood_Yellow_Print_Roughness.png,Textures\Clothing\Tops\Hoodie_Hood\T_Hoodie_Hood_Yellow_Print_Roughness.png,copied
tex,C:\Users\Jacob\Desktop\Quantum Characters\casual_textures_p2\Hoodie_Hood\T_Hoodie_Hood_Yellow_Print_Unity_Normal.png,Textures\Clothing\Tops\Hoodie_Hood\T_Hoodie_Hood_Yellow_Print_Unity_Normal.png,copied
tex,C:\Users\Jacob\Desktop\Quantum Characters\casual_textures_p2\Hoodie_Hood\T_Hoodie_Hood_Bege_BaseColor.png,Textures\Clothing\Tops\Hoodie_Hood\T_Hoodie_Hood_Beige_BaseColor.png,copied
tex,C:\Users\Jacob\Desktop\Quantum Characters\casual_textures_p2\Hoodie_Hood\T_Hoodie_Hood_Black_BaseColor.png,Textures\Clothing\Tops\Hoodie_Hood\T_Hoodie_Hood_Black_BaseColor.png,copied
tex,C:\Users\Jacob\Desktop\Quantum Characters\casual_textures_p2\Hoodie_Hood\T_Hoodie_Hood_Blue_BaseColor.png,Textures\Clothing\Tops\Hoodie_Hood\T_Hoodie_Hood_Blue_BaseColor.png,copied
tex,C:\Users\Jacob\Desktop\Quantum Characters\casual_textures_p2\Hoodie_Hood\T_Hoodie_Hood_Bordo_BaseColor.png,Textures\Clothing\Tops\Hoodie_Hood\T_Hoodie_Hood_Burgundy_BaseColor.png,copied
tex,C:\Users\Jacob\Desktop\Quantum Characters\casual_textures_p2\Hoodie_Hood\T_Hoodie_Hood_Bordo_Print_BaseColor.png,Textures\Clothing\Tops\Hoodie_Hood\T_Hoodie_Hood_Burgundy_Print_BaseColor.png,copied
tex,C:\Users\Jacob\Desktop\Quantum Characters\casual_textures_p2\Hoodie_Hood\T_Hoodie_Hood_Green_BaseColor.png,Textures\Clothing\Tops\Hoodie_Hood\T_Hoodie_Hood_Green_BaseColor.png,copied
tex,C:\Users\Jacob\Desktop\Quantum Characters\casual_textures_p2\Hoodie_Hood\T_Hoodie_Hood_Green_Print_BaseColor.png,Textures\Clothing\Tops\Hoodie_Hood\T_Hoodie_Hood_Green_Print_BaseColor.png,copied
tex,C:\Users\Jacob\Desktop\Quantum Characters\casual_textures_p2\Hoodie_Hood\T_Hoodie_Hood_Grey_BaseColor.png,Textures\Clothing\Tops\Hoodie_Hood\T_Hoodie_Hood_Gray_BaseColor.png,copied
tex,C:\Users\Jacob\Desktop\Quantum Characters\casual_textures_p2\Hoodie_Hood\T_Hoodie_Hood_White_BaseColor.png,Textures\Clothing\Tops\Hoodie_Hood\T_Hoodie_Hood_White_BaseColor.png,copied
tex,C:\Users\Jacob\Desktop\Quantum Characters\casual_textures_p2\Hoodie_Hood\T_Hoodie_Hood_Yellow_BaseColor.png,Textures\Clothing\Tops\Hoodie_Hood\T_Hoodie_Hood_Yellow_BaseColor.png,copied
tex,C:\Users\Jacob\Desktop\Quantum Characters\casual_textures_p2\Hoodie_Hood\T_Hoodie_Hood_Yellow_Print_BaseColor.png,Textures\Clothing\Tops\Hoodie_Hood\T_Hoodie_Hood_Yellow_Print_BaseColor.png,copied
tex-ao,C:\Users\Jacob\Desktop\Quantum Characters\casual_textures_p2\Hoodie_HoodUp\T_Hoodie_HoodUp_Bordo_Print_OcclusionRoughnessMetallic.png,Textures\Clothing\Tops\Hoodie_Hood_Up\T_Hoodie_Hood_Up_Burgundy_Print_Occlusion.png,extracted R channel
tex,C:\Users\Jacob\Desktop\Quantum Characters\casual_textures_p2\Hoodie_HoodUp\T_Hoodie_HoodUp_Bordo_Print_Roughness.png,Textures\Clothing\Tops\Hoodie_Hood_Up\T_Hoodie_Hood_Up_Burgundy_Print_Roughness.png,copied
tex,C:\Users\Jacob\Desktop\Quantum Characters\casual_textures_p2\Hoodie_HoodUp\T_Hoodie_HoodUp_Bordo_Print_Unity_Normal.png,Textures\Clothing\Tops\Hoodie_Hood_Up\T_Hoodie_Hood_Up_Burgundy_Print_Unity_Normal.png,copied
tex-ao,C:\Users\Jacob\Desktop\Quantum Characters\casual_textures_p2\Hoodie_HoodUp\T_Hoodie_HoodUp_Green_Print_OcclusionRoughnessMetallic.png,Textures\Clothing\Tops\Hoodie_Hood_Up\T_Hoodie_Hood_Up_Green_Print_Occlusion.png,extracted R channel
tex,C:\Users\Jacob\Desktop\Quantum Characters\casual_textures_p2\Hoodie_HoodUp\T_Hoodie_HoodUp_Green_Print_Roughness.png,Textures\Clothing\Tops\Hoodie_Hood_Up\T_Hoodie_Hood_Up_Green_Print_Roughness.png,copied
tex,C:\Users\Jacob\Desktop\Quantum Characters\casual_textures_p2\Hoodie_HoodUp\T_Hoodie_HoodUp_Green_Print_Unity_Normal.png,Textures\Clothing\Tops\Hoodie_Hood_Up\T_Hoodie_Hood_Up_Green_Print_Unity_Normal.png,copied
tex-ao,C:\Users\Jacob\Desktop\Quantum Characters\casual_textures_p2\Hoodie_HoodUp\T_Hoodie_HoodUp_OcclusionRoughnessMetallic.png,Textures\Clothing\Tops\Hoodie_Hood_Up\T_Hoodie_Hood_Up_Occlusion.png,extracted R channel
tex,C:\Users\Jacob\Desktop\Quantum Characters\casual_textures_p2\Hoodie_HoodUp\T_Hoodie_HoodUp_Roughness.png,Textures\Clothing\Tops\Hoodie_Hood_Up\T_Hoodie_Hood_Up_Roughness.png,copied
tex,C:\Users\Jacob\Desktop\Quantum Characters\casual_textures_p2\Hoodie_HoodUp\T_Hoodie_HoodUp_Unity_Normal.png,Textures\Clothing\Tops\Hoodie_Hood_Up\T_Hoodie_Hood_Up_Unity_Normal.png,copied
tex-ao,C:\Users\Jacob\Desktop\Quantum Characters\casual_textures_p2\Hoodie_HoodUp\T_Hoodie_HoodUp_Yellow_Print_OcclusionRoughnessMetallic.png,Textures\Clothing\Tops\Hoodie_Hood_Up\T_Hoodie_Hood_Up_Yellow_Print_Occlusion.png,extracted R channel
tex,C:\Users\Jacob\Desktop\Quantum Characters\casual_textures_p2\Hoodie_HoodUp\T_Hoodie_HoodUp_Yellow_Print_Roughness.png,Textures\Clothing\Tops\Hoodie_Hood_Up\T_Hoodie_Hood_Up_Yellow_Print_Roughness.png,copied
tex,C:\Users\Jacob\Desktop\Quantum Characters\casual_textures_p2\Hoodie_HoodUp\T_Hoodie_HoodUp_Yellow_Print_Unity_Normal.png,Textures\Clothing\Tops\Hoodie_Hood_Up\T_Hoodie_Hood_Up_Yellow_Print_Unity_Normal.png,copied
tex,C:\Users\Jacob\Desktop\Quantum Characters\casual_textures_p2\Hoodie_HoodUp\T_Hoodie_HoodUp_Bege_BaseColor.png,Textures\Clothing\Tops\Hoodie_Hood_Up\T_Hoodie_Hood_Up_Beige_BaseColor.png,copied
tex,C:\Users\Jacob\Desktop\Quantum Characters\casual_textures_p2\Hoodie_HoodUp\T_Hoodie_HoodUp_Black_BaseColor.png,Textures\Clothing\Tops\Hoodie_Hood_Up\T_Hoodie_Hood_Up_Black_BaseColor.png,copied
tex,C:\Users\Jacob\Desktop\Quantum Characters\casual_textures_p2\Hoodie_HoodUp\T_Hoodie_HoodUp_Blue_BaseColor.png,Textures\Clothing\Tops\Hoodie_Hood_Up\T_Hoodie_Hood_Up_Blue_BaseColor.png,copied
tex,C:\Users\Jacob\Desktop\Quantum Characters\casual_textures_p2\Hoodie_HoodUp\T_Hoodie_HoodUp_Bordo_BaseColor.png,Textures\Clothing\Tops\Hoodie_Hood_Up\T_Hoodie_Hood_Up_Burgundy_BaseColor.png,copied
tex,C:\Users\Jacob\Desktop\Quantum Characters\casual_textures_p2\Hoodie_HoodUp\T_Hoodie_HoodUp_Bordo_Print_BaseColor.png,Textures\Clothing\Tops\Hoodie_Hood_Up\T_Hoodie_Hood_Up_Burgundy_Print_BaseColor.png,copied
tex,C:\Users\Jacob\Desktop\Quantum Characters\casual_textures_p2\Hoodie_HoodUp\T_Hoodie_HoodUp_Green_BaseColor.png,Textures\Clothing\Tops\Hoodie_Hood_Up\T_Hoodie_Hood_Up_Green_BaseColor.png,copied
tex,C:\Users\Jacob\Desktop\Quantum Characters\casual_textures_p2\Hoodie_HoodUp\T_Hoodie_HoodUp_Green_Print_BaseColor.png,Textures\Clothing\Tops\Hoodie_Hood_Up\T_Hoodie_Hood_Up_Green_Print_BaseColor.png,copied
tex,C:\Users\Jacob\Desktop\Quantum Characters\casual_textures_p2\Hoodie_HoodUp\T_Hoodie_HoodUp_Grey_BaseColor.png,Textures\Clothing\Tops\Hoodie_Hood_Up\T_Hoodie_Hood_Up_Gray_BaseColor.png,copied
tex,C:\Users\Jacob\Desktop\Quantum Characters\casual_textures_p2\Hoodie_HoodUp\T_Hoodie_HoodUp_White_BaseColor.png,Textures\Clothing\Tops\Hoodie_Hood_Up\T_Hoodie_Hood_Up_White_BaseColor.png,copied
tex,C:\Users\Jacob\Desktop\Quantum Characters\casual_textures_p2\Hoodie_HoodUp\T_Hoodie_HoodUp_Yellow_BaseColor.png,Textures\Clothing\Tops\Hoodie_Hood_Up\T_Hoodie_Hood_Up_Yellow_BaseColor.png,copied
tex,C:\Users\Jacob\Desktop\Quantum Characters\casual_textures_p2\Hoodie_HoodUp\T_Hoodie_HoodUp_Yellow_Print_BaseColor.png,Textures\Clothing\Tops\Hoodie_Hood_Up\T_Hoodie_Hood_Up_Yellow_Print_BaseColor.png,copied
tex-ao,C:\Users\Jacob\Desktop\Quantum Characters\casual_textures_p2\Hoodie_Zipper\T_Hoodie_Zipper_OcclusionRoughnessMetallic.png,Textures\Clothing\Tops\Hoodie_Zipper\T_Hoodie_Zipper_Occlusion.png,extracted R channel
tex,C:\Users\Jacob\Desktop\Quantum Characters\casual_textures_p2\Hoodie_Zipper\T_Hoodie_Zipper_Roughness.png,Textures\Clothing\Tops\Hoodie_Zipper\T_Hoodie_Zipper_Roughness.png,copied
tex,C:\Users\Jacob\Desktop\Quantum Characters\casual_textures_p2\Hoodie_Zipper\T_Hoodie_Zipper_Unity_Normal.png,Textures\Clothing\Tops\Hoodie_Zipper\T_Hoodie_Zipper_Unity_Normal.png,copied
tex,C:\Users\Jacob\Desktop\Quantum Characters\casual_textures_p2\Hoodie_Zipper\T_Hoodie_Zipper_Bege_BaseColor.png,Textures\Clothing\Tops\Hoodie_Zipper\T_Hoodie_Zipper_Beige_BaseColor.png,copied
tex,C:\Users\Jacob\Desktop\Quantum Characters\casual_textures_p2\Hoodie_Zipper\T_Hoodie_Zipper_Black_BaseColor.png,Textures\Clothing\Tops\Hoodie_Zipper\T_Hoodie_Zipper_Black_BaseColor.png,copied
tex,C:\Users\Jacob\Desktop\Quantum Characters\casual_textures_p2\Hoodie_Zipper\T_Hoodie_Zipper_Blue_BaseColor.png,Textures\Clothing\Tops\Hoodie_Zipper\T_Hoodie_Zipper_Blue_BaseColor.png,copied
tex,C:\Users\Jacob\Desktop\Quantum Characters\casual_textures_p2\Hoodie_Zipper\T_Hoodie_Zipper_Bordo_BaseColor.png,Textures\Clothing\Tops\Hoodie_Zipper\T_Hoodie_Zipper_Burgundy_BaseColor.png,copied
tex,C:\Users\Jacob\Desktop\Quantum Characters\casual_textures_p2\Hoodie_Zipper\T_Hoodie_Zipper_Green_BaseColor.png,Textures\Clothing\Tops\Hoodie_Zipper\T_Hoodie_Zipper_Green_BaseColor.png,copied
tex,C:\Users\Jacob\Desktop\Quantum Characters\casual_textures_p2\Hoodie_Zipper\T_Hoodie_Zipper_Grey_BaseColor.png,Textures\Clothing\Tops\Hoodie_Zipper\T_Hoodie_Zipper_Gray_BaseColor.png,copied
tex,C:\Users\Jacob\Desktop\Quantum Characters\casual_textures_p2\Hoodie_Zipper\T_Hoodie_Zipper_White_BaseColor.png,Textures\Clothing\Tops\Hoodie_Zipper\T_Hoodie_Zipper_White_BaseColor.png,copied
tex,C:\Users\Jacob\Desktop\Quantum Characters\casual_textures_p2\Hoodie_Zipper\T_Hoodie_Zipper_Yellow_BaseColor.png,Textures\Clothing\Tops\Hoodie_Zipper\T_Hoodie_Zipper_Yellow_BaseColor.png,copied
tex-ao,C:\Users\Jacob\Desktop\Quantum Characters\casual_textures_p2\Hoodie_Zipper_Hood\T_Hoodie_Zipper_Hood_OcclusionRoughnessMetallic.png,Textures\Clothing\Tops\Hoodie_Zipper_Hood\T_Hoodie_Zipper_Hood_Occlusion.png,extracted R channel
tex,C:\Users\Jacob\Desktop\Quantum Characters\casual_textures_p2\Hoodie_Zipper_Hood\T_Hoodie_Zipper_Hood_Roughness.png,Textures\Clothing\Tops\Hoodie_Zipper_Hood\T_Hoodie_Zipper_Hood_Roughness.png,copied
tex,C:\Users\Jacob\Desktop\Quantum Characters\casual_textures_p2\Hoodie_Zipper_Hood\T_Hoodie_Zipper_Hood_Unity_Normal.png,Textures\Clothing\Tops\Hoodie_Zipper_Hood\T_Hoodie_Zipper_Hood_Unity_Normal.png,copied
tex,C:\Users\Jacob\Desktop\Quantum Characters\casual_textures_p2\Hoodie_Zipper_Hood\T_Hoodie_Zipper_Hood_Bege_BaseColor.png,Textures\Clothing\Tops\Hoodie_Zipper_Hood\T_Hoodie_Zipper_Hood_Beige_BaseColor.png,copied
tex,C:\Users\Jacob\Desktop\Quantum Characters\casual_textures_p2\Hoodie_Zipper_Hood\T_Hoodie_Zipper_Hood_Black_BaseColor.png,Textures\Clothing\Tops\Hoodie_Zipper_Hood\T_Hoodie_Zipper_Hood_Black_BaseColor.png,copied
tex,C:\Users\Jacob\Desktop\Quantum Characters\casual_textures_p2\Hoodie_Zipper_Hood\T_Hoodie_Zipper_Hood_Blue_BaseColor.png,Textures\Clothing\Tops\Hoodie_Zipper_Hood\T_Hoodie_Zipper_Hood_Blue_BaseColor.png,copied
tex,C:\Users\Jacob\Desktop\Quantum Characters\casual_textures_p2\Hoodie_Zipper_Hood\T_Hoodie_Zipper_Hood_Bordo_BaseColor.png,Textures\Clothing\Tops\Hoodie_Zipper_Hood\T_Hoodie_Zipper_Hood_Burgundy_BaseColor.png,copied
tex,C:\Users\Jacob\Desktop\Quantum Characters\casual_textures_p2\Hoodie_Zipper_Hood\T_Hoodie_Zipper_Hood_Green_BaseColor.png,Textures\Clothing\Tops\Hoodie_Zipper_Hood\T_Hoodie_Zipper_Hood_Green_BaseColor.png,copied
tex,C:\Users\Jacob\Desktop\Quantum Characters\casual_textures_p2\Hoodie_Zipper_Hood\T_Hoodie_Zipper_Hood_Grey_BaseColor.png,Textures\Clothing\Tops\Hoodie_Zipper_Hood\T_Hoodie_Zipper_Hood_Gray_BaseColor.png,copied
tex,C:\Users\Jacob\Desktop\Quantum Characters\casual_textures_p2\Hoodie_Zipper_Hood\T_Hoodie_Zipper_Hood_White_BaseColor.png,Textures\Clothing\Tops\Hoodie_Zipper_Hood\T_Hoodie_Zipper_Hood_White_BaseColor.png,copied
tex,C:\Users\Jacob\Desktop\Quantum Characters\casual_textures_p2\Hoodie_Zipper_Hood\T_Hoodie_Zipper_Hood_Yellow_BaseColor.png,Textures\Clothing\Tops\Hoodie_Zipper_Hood\T_Hoodie_Zipper_Hood_Yellow_BaseColor.png,copied
tex-ao,C:\Users\Jacob\Desktop\Quantum Characters\casual_textures_p2\Jacket_Classic\Jacket_Classic_OcclusionRoughnessMetallic.png,Textures\Clothing\Outerwear\Jacket_Classic\T_Jacket_Classic_Occlusion.png,extracted R channel
tex,C:\Users\Jacob\Desktop\Quantum Characters\casual_textures_p2\Jacket_Classic\Jacket_Classic_Roughness.png,Textures\Clothing\Outerwear\Jacket_Classic\T_Jacket_Classic_Roughness.png,copied
tex,C:\Users\Jacob\Desktop\Quantum Characters\casual_textures_p2\Jacket_Classic\Jacket_Classic_Unity_Normal.png,Textures\Clothing\Outerwear\Jacket_Classic\T_Jacket_Classic_Unity_Normal.png,copied
tex,C:\Users\Jacob\Desktop\Quantum Characters\casual_textures_p2\Jacket_Classic\Jacket_Classic_Black(Lines)_BaseColor.png,Textures\Clothing\Outerwear\Jacket_Classic\T_Jacket_Classic_Black(Lines)_BaseColor.png,copied
tex,C:\Users\Jacob\Desktop\Quantum Characters\casual_textures_p2\Jacket_Classic\Jacket_Classic_Black_BaseColor.png,Textures\Clothing\Outerwear\Jacket_Classic\T_Jacket_Classic_Black_BaseColor.png,copied
tex,C:\Users\Jacob\Desktop\Quantum Characters\casual_textures_p2\Jacket_Classic\Jacket_Classic_Blue_BaseColor.png,Textures\Clothing\Outerwear\Jacket_Classic\T_Jacket_Classic_Blue_BaseColor.png,copied
tex,C:\Users\Jacob\Desktop\Quantum Characters\casual_textures_p2\Jacket_Classic\Jacket_Classic_Bordo_BaseColor.png,Textures\Clothing\Outerwear\Jacket_Classic\T_Jacket_Classic_Burgundy_BaseColor.png,copied
tex,C:\Users\Jacob\Desktop\Quantum Characters\casual_textures_p2\Jacket_Classic\Jacket_Classic_Grey(Cubes)_BaseColor.png,Textures\Clothing\Outerwear\Jacket_Classic\T_Jacket_Classic_Gray(Cubes)_BaseColor.png,copied
tex,C:\Users\Jacob\Desktop\Quantum Characters\casual_textures_p2\Jacket_Classic\Jacket_Classic_Grey_BaseColor.png,Textures\Clothing\Outerwear\Jacket_Classic\T_Jacket_Classic_Gray_BaseColor.png,copied
tex,C:\Users\Jacob\Desktop\Quantum Characters\casual_textures_p2\Jacket_Classic\T_Jacket_Classic_Bege_BaseColor.png,Textures\Clothing\Outerwear\Jacket_Classic\T_Jacket_Classic_Beige_BaseColor.png,copied
tex-ao,C:\Users\Jacob\Desktop\Quantum Characters\casual_textures_p2\Jacket_Classic\Leather\jacket_Classik_Leather_OcclusionRoughnessMetallic.png,Textures\Clothing\Outerwear\Jacket_Classic\Leather\T_jacket_Classik_Leather_Occlusion.png,extracted R channel
tex,C:\Users\Jacob\Desktop\Quantum Characters\casual_textures_p2\Jacket_Classic\Leather\jacket_Classik_Leather_Roughness.png,Textures\Clothing\Outerwear\Jacket_Classic\Leather\T_jacket_Classik_Leather_Roughness.png,copied
tex,C:\Users\Jacob\Desktop\Quantum Characters\casual_textures_p2\Jacket_Classic\Leather\jacket_Classik_Leather_Unity_Normal.png,Textures\Clothing\Outerwear\Jacket_Classic\Leather\T_jacket_Classik_Leather_Unity_Normal.png,copied
tex,C:\Users\Jacob\Desktop\Quantum Characters\casual_textures_p2\Jacket_Classic\Leather\jacket_Classik_Leather_BaseColor.png,Textures\Clothing\Outerwear\Jacket_Classic\Leather\T_jacket_Classik_Leather_BaseColor.png,copied
tex-ao,C:\Users\Jacob\Desktop\Quantum Characters\casual_textures_p2\Jacket_Jeans\Jeans_Jacket\M_Jeans_Jacket_OcclusionRoughnessMetallic.png,Textures\Clothing\Outerwear\Jacket_Jeans\Jeans_Jacket\T_Jeans_Jacket_Occlusion.png,extracted R channel
tex,C:\Users\Jacob\Desktop\Quantum Characters\casual_textures_p2\Jacket_Jeans\Jeans_Jacket\M_Jeans_Jacket_Roughness.png,Textures\Clothing\Outerwear\Jacket_Jeans\Jeans_Jacket\T_Jeans_Jacket_Roughness.png,copied
tex,C:\Users\Jacob\Desktop\Quantum Characters\casual_textures_p2\Jacket_Jeans\Jeans_Jacket\M_Jeans_Jacket_Unity_Normal.png,Textures\Clothing\Outerwear\Jacket_Jeans\Jeans_Jacket\T_Jeans_Jacket_Unity_Normal.png,copied
tex,C:\Users\Jacob\Desktop\Quantum Characters\casual_textures_p2\Jacket_Jeans\Jeans_Jacket\M_Jeans_Jacket_Bege_BaseColor.png,Textures\Clothing\Outerwear\Jacket_Jeans\Jeans_Jacket\T_Jeans_Jacket_Beige_BaseColor.png,copied
tex,C:\Users\Jacob\Desktop\Quantum Characters\casual_textures_p2\Jacket_Jeans\Jeans_Jacket\M_Jeans_Jacket_Black_BaseColor.png,Textures\Clothing\Outerwear\Jacket_Jeans\Jeans_Jacket\T_Jeans_Jacket_Black_BaseColor.png,copied
tex,C:\Users\Jacob\Desktop\Quantum Characters\casual_textures_p2\Jacket_Jeans\Jeans_Jacket\M_Jeans_Jacket_Blue_BaseColor.png,Textures\Clothing\Outerwear\Jacket_Jeans\Jeans_Jacket\T_Jeans_Jacket_Blue_BaseColor.png,copied
tex,C:\Users\Jacob\Desktop\Quantum Characters\casual_textures_p2\Jacket_Jeans\Jeans_Jacket\M_Jeans_Jacket_Brown_BaseColor.png,Textures\Clothing\Outerwear\Jacket_Jeans\Jeans_Jacket\T_Jeans_Jacket_Brown_BaseColor.png,copied
tex,C:\Users\Jacob\Desktop\Quantum Characters\casual_textures_p2\Jacket_Jeans\Jeans_Jacket\M_Jeans_Jacket_Grey_BaseColor.png,Textures\Clothing\Outerwear\Jacket_Jeans\Jeans_Jacket\T_Jeans_Jacket_Gray_BaseColor.png,copied
tex,C:\Users\Jacob\Desktop\Quantum Characters\casual_textures_p2\Jacket_Jeans\Jeans_Jacket\M_Jeans_Jacket_Light_Blue_BaseColor.png,Textures\Clothing\Outerwear\Jacket_Jeans\Jeans_Jacket\T_Jeans_Jacket_Light_Blue_BaseColor.png,copied
tex-ao,C:\Users\Jacob\Desktop\Quantum Characters\casual_textures_p2\Jacket_Jeans\Jeans_Jacket_Fur_Collar\M_Jeans_Jacket_Fur_OcclusionRoughnessMetallic.png,Textures\Clothing\Outerwear\Jacket_Jeans\Jeans_Jacket_Fur_Collar\T_Jeans_Jacket_Fur_Occlusion.png,extracted R channel
tex,C:\Users\Jacob\Desktop\Quantum Characters\casual_textures_p2\Jacket_Jeans\Jeans_Jacket_Fur_Collar\M_Jeans_Jacket_Fur_Roughness.png,Textures\Clothing\Outerwear\Jacket_Jeans\Jeans_Jacket_Fur_Collar\T_Jeans_Jacket_Fur_Roughness.png,copied
tex,C:\Users\Jacob\Desktop\Quantum Characters\casual_textures_p2\Jacket_Jeans\Jeans_Jacket_Fur_Collar\M_Jeans_Jacket_Fur_Unity_Normal.png,Textures\Clothing\Outerwear\Jacket_Jeans\Jeans_Jacket_Fur_Collar\T_Jeans_Jacket_Fur_Unity_Normal.png,copied
tex,C:\Users\Jacob\Desktop\Quantum Characters\casual_textures_p2\Jacket_Jeans\Jeans_Jacket_Fur_Collar\M_Jeans_Jacket_Bege_Fur_BaseColor.png,Textures\Clothing\Outerwear\Jacket_Jeans\Jeans_Jacket_Fur_Collar\T_Jeans_Jacket_Beige_Fur_BaseColor.png,copied
tex,C:\Users\Jacob\Desktop\Quantum Characters\casual_textures_p2\Jacket_Jeans\Jeans_Jacket_Fur_Collar\M_Jeans_Jacket_Black_Fur_BaseColor.png,Textures\Clothing\Outerwear\Jacket_Jeans\Jeans_Jacket_Fur_Collar\T_Jeans_Jacket_Black_Fur_BaseColor.png,copied
tex,C:\Users\Jacob\Desktop\Quantum Characters\casual_textures_p2\Jacket_Jeans\Jeans_Jacket_Fur_Collar\M_Jeans_Jacket_Blue_Fur_BaseColor.png,Textures\Clothing\Outerwear\Jacket_Jeans\Jeans_Jacket_Fur_Collar\T_Jeans_Jacket_Blue_Fur_BaseColor.png,copied
tex,C:\Users\Jacob\Desktop\Quantum Characters\casual_textures_p2\Jacket_Jeans\Jeans_Jacket_Fur_Collar\M_Jeans_Jacket_Brown_Fur_BaseColor.png,Textures\Clothing\Outerwear\Jacket_Jeans\Jeans_Jacket_Fur_Collar\T_Jeans_Jacket_Brown_Fur_BaseColor.png,copied
tex,C:\Users\Jacob\Desktop\Quantum Characters\casual_textures_p2\Jacket_Jeans\Jeans_Jacket_Fur_Collar\M_Jeans_Jacket_Grey_Fur_BaseColor.png,Textures\Clothing\Outerwear\Jacket_Jeans\Jeans_Jacket_Fur_Collar\T_Jeans_Jacket_Gray_Fur_BaseColor.png,copied
tex,C:\Users\Jacob\Desktop\Quantum Characters\casual_textures_p2\Jacket_Jeans\Jeans_Jacket_Fur_Collar\M_Jeans_Jacket_Light_Blue_Fur_BaseColor.png,Textures\Clothing\Outerwear\Jacket_Jeans\Jeans_Jacket_Fur_Collar\T_Jeans_Jacket_Light_Blue_Fur_BaseColor.png,copied
tex-ao,C:\Users\Jacob\Desktop\Quantum Characters\casual_textures_p2\Jacket_Leather\T_M_Leather_Jacket_OcclusionRoughnessMetallic.png,Textures\Clothing\Outerwear\Jacket_Leather\T_M_Leather_Jacket_Occlusion.png,extracted R channel
tex,C:\Users\Jacob\Desktop\Quantum Characters\casual_textures_p2\Jacket_Leather\T_M_Leather_Jacket_Roughness.png,Textures\Clothing\Outerwear\Jacket_Leather\T_M_Leather_Jacket_Roughness.png,copied
tex,C:\Users\Jacob\Desktop\Quantum Characters\casual_textures_p2\Jacket_Leather\T_M_Leather_Jacket_Unity_Normal.png,Textures\Clothing\Outerwear\Jacket_Leather\T_M_Leather_Jacket_Unity_Normal.png,copied
tex,C:\Users\Jacob\Desktop\Quantum Characters\casual_textures_p2\Jacket_Leather\T_M_Leather_Jacket_Black_BaseColor.png,Textures\Clothing\Outerwear\Jacket_Leather\T_M_Leather_Jacket_Black_BaseColor.png,copied
tex,C:\Users\Jacob\Desktop\Quantum Characters\casual_textures_p2\Jacket_Leather\T_M_Leather_Jacket_Brown_BaseColor.png,Textures\Clothing\Outerwear\Jacket_Leather\T_M_Leather_Jacket_Brown_BaseColor.png,copied
tex-ao,C:\Users\Jacob\Desktop\Quantum Characters\casual_textures_p2\Jacket_Winter\T_Jacket_Winter_OcclusionRoughnessMetallic.png,Textures\Clothing\Outerwear\Jacket_Winter\T_Jacket_Winter_Occlusion.png,extracted R channel
tex,C:\Users\Jacob\Desktop\Quantum Characters\casual_textures_p2\Jacket_Winter\T_Jacket_Winter_Roughness.png,Textures\Clothing\Outerwear\Jacket_Winter\T_Jacket_Winter_Roughness.png,copied
tex,C:\Users\Jacob\Desktop\Quantum Characters\casual_textures_p2\Jacket_Winter\T_Jacket_Winter_Unity_Normal.png,Textures\Clothing\Outerwear\Jacket_Winter\T_Jacket_Winter_Unity_Normal.png,copied
tex,C:\Users\Jacob\Desktop\Quantum Characters\casual_textures_p2\Jacket_Winter\T_Jacket_Winter_Black_BaseColor.png,Textures\Clothing\Outerwear\Jacket_Winter\T_Jacket_Winter_Black_BaseColor.png,copied
tex,C:\Users\Jacob\Desktop\Quantum Characters\casual_textures_p2\Jacket_Winter\T_Jacket_Winter_Blue_BaseColor.png,Textures\Clothing\Outerwear\Jacket_Winter\T_Jacket_Winter_Blue_BaseColor.png,copied
tex,C:\Users\Jacob\Desktop\Quantum Characters\casual_textures_p2\Jacket_Winter\T_Jacket_Winter_Brown_BaseColor.png,Textures\Clothing\Outerwear\Jacket_Winter\T_Jacket_Winter_Brown_BaseColor.png,copied
tex,C:\Users\Jacob\Desktop\Quantum Characters\casual_textures_p2\Jacket_Winter\T_Jacket_Winter_Green_BaseColor.png,Textures\Clothing\Outerwear\Jacket_Winter\T_Jacket_Winter_Green_BaseColor.png,copied
tex,C:\Users\Jacob\Desktop\Quantum Characters\casual_textures_p2\Jacket_Winter\T_Jacket_Winter_Survival_Orange_BaseColor.png,Textures\Clothing\Outerwear\Jacket_Winter\T_Jacket_Winter_Survival_Orange_BaseColor.png,copied
tex,C:\Users\Jacob\Desktop\Quantum Characters\casual_textures_p2\Jacket_Winter\Fur\M_FurCollar_Roughness.png,Textures\Clothing\Outerwear\Jacket_Winter\Fur\T_FurCollar_Roughness.png,copied
tex-ao,C:\Users\Jacob\Desktop\Quantum Characters\casual_textures_p2\Jeans\T_Jeans_OcclusionRoughnessMetallic.png,Textures\Clothing\Pants\Jeans\T_Jeans_Occlusion.png,extracted R channel
tex,C:\Users\Jacob\Desktop\Quantum Characters\casual_textures_p2\Jeans\T_Jeans_Roughness.png,Textures\Clothing\Pants\Jeans\T_Jeans_Roughness.png,copied
tex,C:\Users\Jacob\Desktop\Quantum Characters\casual_textures_p2\Jeans\T_Jeans_Unity_Normal.png,Textures\Clothing\Pants\Jeans\T_Jeans_Unity_Normal.png,copied
tex,C:\Users\Jacob\Desktop\Quantum Characters\casual_textures_p2\Jeans\T_Jeans_Bege_BaseColor.png,Textures\Clothing\Pants\Jeans\T_Jeans_Beige_BaseColor.png,copied
tex,C:\Users\Jacob\Desktop\Quantum Characters\casual_textures_p2\Jeans\T_Jeans_Beje_BaseColor.png,Textures\Clothing\Pants\Jeans\T_Jeans_Beje_BaseColor.png,copied
tex,C:\Users\Jacob\Desktop\Quantum Characters\casual_textures_p2\Jeans\T_Jeans_Black_BaseColor.png,Textures\Clothing\Pants\Jeans\T_Jeans_Black_BaseColor.png,copied
tex,C:\Users\Jacob\Desktop\Quantum Characters\casual_textures_p2\Jeans\T_Jeans_Blue_BaseColor.png,Textures\Clothing\Pants\Jeans\T_Jeans_Blue_BaseColor.png,copied
tex,C:\Users\Jacob\Desktop\Quantum Characters\casual_textures_p2\Jeans\T_Jeans_Blue_Light_BaseColor.png,Textures\Clothing\Pants\Jeans\T_Jeans_Blue_Light_BaseColor.png,copied
tex-ao,C:\Users\Jacob\Desktop\Quantum Characters\casual_textures_p2\Jeans\Decal_Jeans\T_Jeans_Turn_OcclusionRoughnessMetallic.png,Textures\Clothing\Pants\Jeans\Decal_Jeans\T_Jeans_Turn_Occlusion.png,extracted R channel
tex,C:\Users\Jacob\Desktop\Quantum Characters\casual_textures_p2\Jeans\Decal_Jeans\T_Jeans_Turn_Roughness.png,Textures\Clothing\Pants\Jeans\Decal_Jeans\T_Jeans_Turn_Roughness.png,copied
tex,C:\Users\Jacob\Desktop\Quantum Characters\casual_textures_p2\Jeans\Decal_Jeans\T_Jeans_Turn_Unity_Normal.png,Textures\Clothing\Pants\Jeans\Decal_Jeans\T_Jeans_Turn_Unity_Normal.png,copied
tex,C:\Users\Jacob\Desktop\Quantum Characters\casual_textures_p2\Jeans\Decal_Jeans\T_Jeans_Turn_BaseColor.png,Textures\Clothing\Pants\Jeans\Decal_Jeans\T_Jeans_Turn_BaseColor.png,copied
tex-ao,C:\Users\Jacob\Desktop\Quantum Characters\casual_textures_p2\M_Jersey\M_M_Jersey_OcclusionRoughnessMetallic.png,Textures\Clothing\Tops\M_Jersey\T_M_Jersey_Occlusion.png,extracted R channel
tex,C:\Users\Jacob\Desktop\Quantum Characters\casual_textures_p2\M_Jersey\M_M_Jersey_Roughness.png,Textures\Clothing\Tops\M_Jersey\T_M_Jersey_Roughness.png,copied
tex,C:\Users\Jacob\Desktop\Quantum Characters\casual_textures_p2\M_Jersey\M_M_Jersey_Unity_Normal.png,Textures\Clothing\Tops\M_Jersey\T_M_Jersey_Unity_Normal.png,copied
tex,C:\Users\Jacob\Desktop\Quantum Characters\casual_textures_p2\M_Jersey\M_M_Jersey_Bege_BaseColor.png,Textures\Clothing\Tops\M_Jersey\T_M_Jersey_Beige_BaseColor.png,copied
tex,C:\Users\Jacob\Desktop\Quantum Characters\casual_textures_p2\M_Jersey\M_M_Jersey_Black_BaseColor.png,Textures\Clothing\Tops\M_Jersey\T_M_Jersey_Black_BaseColor.png,copied
tex,C:\Users\Jacob\Desktop\Quantum Characters\casual_textures_p2\M_Jersey\M_M_Jersey_Blue_BaseColor.png,Textures\Clothing\Tops\M_Jersey\T_M_Jersey_Blue_BaseColor.png,copied
tex,C:\Users\Jacob\Desktop\Quantum Characters\casual_textures_p2\M_Jersey\M_M_Jersey_Bordo_BaseColor.png,Textures\Clothing\Tops\M_Jersey\T_M_Jersey_Burgundy_BaseColor.png,copied
tex,C:\Users\Jacob\Desktop\Quantum Characters\casual_textures_p2\M_Jersey\M_M_Jersey_Camel_BaseColor.png,Textures\Clothing\Tops\M_Jersey\T_M_Jersey_Camel_BaseColor.png,copied
tex,C:\Users\Jacob\Desktop\Quantum Characters\casual_textures_p2\M_Jersey\M_M_Jersey_Olive_BaseColor.png,Textures\Clothing\Tops\M_Jersey\T_M_Jersey_Olive_BaseColor.png,copied
tex,C:\Users\Jacob\Desktop\Quantum Characters\casual_textures_p2\M_Jersey\M_M_Jersey_Red_BaseColor.png,Textures\Clothing\Tops\M_Jersey\T_M_Jersey_Red_BaseColor.png,copied
tex,C:\Users\Jacob\Desktop\Quantum Characters\casual_textures_p2\M_Jersey\M_M_Jersey_White_BaseColor.png,Textures\Clothing\Tops\M_Jersey\T_M_Jersey_White_BaseColor.png,copied
tex-ao,C:\Users\Jacob\Desktop\Quantum Characters\casual_textures_p2\Panama\T_Panama_OcclusionRoughnessMetallic.png,Textures\Clothing\Hats\Panama\T_Panama_Occlusion.png,extracted R channel
tex,C:\Users\Jacob\Desktop\Quantum Characters\casual_textures_p2\Panama\T_Panama_Roughness.png,Textures\Clothing\Hats\Panama\T_Panama_Roughness.png,copied
tex,C:\Users\Jacob\Desktop\Quantum Characters\casual_textures_p2\Panama\T_Panama_Unity_Normal.png,Textures\Clothing\Hats\Panama\T_Panama_Unity_Normal.png,copied
tex,C:\Users\Jacob\Desktop\Quantum Characters\casual_textures_p2\Panama\T_Panama_Camo_BaseColor.png,Textures\Clothing\Hats\Panama\T_Panama_Camo_BaseColor.png,copied
tex,C:\Users\Jacob\Desktop\Quantum Characters\casual_textures_p2\Panama\T_Panama_Gray_BaseColor.png,Textures\Clothing\Hats\Panama\T_Panama_Gray_BaseColor.png,copied
tex,C:\Users\Jacob\Desktop\Quantum Characters\casual_textures_p2\Panama\T_Panama_Olive_BaseColor.png,Textures\Clothing\Hats\Panama\T_Panama_Olive_BaseColor.png,copied
tex-ao,C:\Users\Jacob\Desktop\Quantum Characters\casual_textures_p2\Pants Classic\T_Pants_Classic_OcclusionRoughnessMetallic.png,Textures\Clothing\Pants\Pants Classic\T_Pants_Classic_Occlusion.png,extracted R channel
tex,C:\Users\Jacob\Desktop\Quantum Characters\casual_textures_p2\Pants Classic\T_Pants_Classic_Roughness.png,Textures\Clothing\Pants\Pants Classic\T_Pants_Classic_Roughness.png,copied
tex,C:\Users\Jacob\Desktop\Quantum Characters\casual_textures_p2\Pants Classic\T_Pants_Classic_Unity_Normal.png,Textures\Clothing\Pants\Pants Classic\T_Pants_Classic_Unity_Normal.png,copied
tex,C:\Users\Jacob\Desktop\Quantum Characters\casual_textures_p2\Pants Classic\T_Pants_Classic_Black(Lines)_BaseColor.png,Textures\Clothing\Pants\Pants Classic\T_Pants_Classic_Black(Lines)_BaseColor.png,copied
tex,C:\Users\Jacob\Desktop\Quantum Characters\casual_textures_p2\Pants Classic\T_Pants_Classic_Black_BaseColor.png,Textures\Clothing\Pants\Pants Classic\T_Pants_Classic_Black_BaseColor.png,copied
tex,C:\Users\Jacob\Desktop\Quantum Characters\casual_textures_p2\Pants Classic\T_Pants_Classic_Blue_BaseColor.png,Textures\Clothing\Pants\Pants Classic\T_Pants_Classic_Blue_BaseColor.png,copied
tex,C:\Users\Jacob\Desktop\Quantum Characters\casual_textures_p2\Pants Classic\T_Pants_Classic_Bordo_BaseColor.png,Textures\Clothing\Pants\Pants Classic\T_Pants_Classic_Burgundy_BaseColor.png,copied
tex,C:\Users\Jacob\Desktop\Quantum Characters\casual_textures_p2\Pants Classic\T_Pants_Classic_Grey(Cubes)_BaseColor.png,Textures\Clothing\Pants\Pants Classic\T_Pants_Classic_Gray(Cubes)_BaseColor.png,copied
tex,C:\Users\Jacob\Desktop\Quantum Characters\casual_textures_p2\Pants Classic\T_Pants_Classic_Grey_BaseColor.png,Textures\Clothing\Pants\Pants Classic\T_Pants_Classic_Gray_BaseColor.png,copied
tex,C:\Users\Jacob\Desktop\Quantum Characters\casual_textures_p2\Pants Classic\T_Pants_Classic_Bege_BaseColor.png,Textures\Clothing\Pants\Pants Classic\T_Pants_Classic_Beige_BaseColor.png,copied
tex-ao,C:\Users\Jacob\Desktop\Quantum Characters\casual_textures_p3\Pants_Cargo\T_Pants_Cargo_OcclusionRoughnessMetallic.png,Textures\Clothing\Pants\Pants_Cargo\T_Pants_Cargo_Occlusion.png,extracted R channel
tex,C:\Users\Jacob\Desktop\Quantum Characters\casual_textures_p3\Pants_Cargo\T_Pants_Cargo_Roughness.png,Textures\Clothing\Pants\Pants_Cargo\T_Pants_Cargo_Roughness.png,copied
tex,C:\Users\Jacob\Desktop\Quantum Characters\casual_textures_p3\Pants_Cargo\T_Pants_Cargo_Unity_Normal.png,Textures\Clothing\Pants\Pants_Cargo\T_Pants_Cargo_Unity_Normal.png,copied
tex,C:\Users\Jacob\Desktop\Quantum Characters\casual_textures_p3\Pants_Cargo\T_Pants_Cargo_Bege_BaseColor.png,Textures\Clothing\Pants\Pants_Cargo\T_Pants_Cargo_Beige_BaseColor.png,copied
tex,C:\Users\Jacob\Desktop\Quantum Characters\casual_textures_p3\Pants_Cargo\T_Pants_Cargo_Bege_Black_BaseColor.png,Textures\Clothing\Pants\Pants_Cargo\T_Pants_Cargo_Beige_Black_BaseColor.png,copied
tex,C:\Users\Jacob\Desktop\Quantum Characters\casual_textures_p3\Pants_Cargo\T_Pants_Cargo_Black_BaseColor.png,Textures\Clothing\Pants\Pants_Cargo\T_Pants_Cargo_Black_BaseColor.png,copied
tex,C:\Users\Jacob\Desktop\Quantum Characters\casual_textures_p3\Pants_Cargo\T_Pants_Cargo_Blue_BaseColor.png,Textures\Clothing\Pants\Pants_Cargo\T_Pants_Cargo_Blue_BaseColor.png,copied
tex,C:\Users\Jacob\Desktop\Quantum Characters\casual_textures_p3\Pants_Cargo\T_Pants_Cargo_CamoDark_BaseColor.png,Textures\Clothing\Pants\Pants_Cargo\T_Pants_Cargo_CamoDark_BaseColor.png,copied
tex,C:\Users\Jacob\Desktop\Quantum Characters\casual_textures_p3\Pants_Cargo\T_Pants_Cargo_Camo_BaseColor.png,Textures\Clothing\Pants\Pants_Cargo\T_Pants_Cargo_Camo_BaseColor.png,copied
tex,C:\Users\Jacob\Desktop\Quantum Characters\casual_textures_p3\Pants_Cargo\T_Pants_Cargo_Green_BaseColor.png,Textures\Clothing\Pants\Pants_Cargo\T_Pants_Cargo_Green_BaseColor.png,copied
tex,C:\Users\Jacob\Desktop\Quantum Characters\casual_textures_p3\Pants_Cargo\T_Pants_Cargo_Grey_BaseColor.png,Textures\Clothing\Pants\Pants_Cargo\T_Pants_Cargo_Gray_BaseColor.png,copied
tex,C:\Users\Jacob\Desktop\Quantum Characters\casual_textures_p3\Pants_Cargo\T_Pants_Cargo_Multicam_BaseColor.png,Textures\Clothing\Pants\Pants_Cargo\T_Pants_Cargo_Multicam_BaseColor.png,copied
tex,C:\Users\Jacob\Desktop\Quantum Characters\casual_textures_p3\Pants_Cargo\T_Pants_Cargo_PixelCamo_BaseColor.png,Textures\Clothing\Pants\Pants_Cargo\T_Pants_Cargo_PixelCamo_BaseColor.png,copied
tex,C:\Users\Jacob\Desktop\Quantum Characters\casual_textures_p3\Pants_Cargo\T_Pants_Cargo_PixelSand_BaseColor.png,Textures\Clothing\Pants\Pants_Cargo\T_Pants_Cargo_PixelSand_BaseColor.png,copied
tex,C:\Users\Jacob\Desktop\Quantum Characters\casual_textures_p3\Pants_Cargo\T_Pants_Cargo_PixelStreet_BaseColor.png,Textures\Clothing\Pants\Pants_Cargo\T_Pants_Cargo_PixelStreet_BaseColor.png,copied
tex,C:\Users\Jacob\Desktop\Quantum Characters\casual_textures_p3\Pants_Cargo\T_Pants_Cargo_Street_BaseColor.png,Textures\Clothing\Pants\Pants_Cargo\T_Pants_Cargo_Street_BaseColor.png,copied
tex-ao,C:\Users\Jacob\Desktop\Quantum Characters\casual_textures_p3\Pants_Sport\T_Sport_Pants_Lines_OcclusionRoughnessMetallic.png,Textures\Clothing\Pants\Pants_Sport\T_Sport_Pants_Lines_Occlusion.png,extracted R channel
tex,C:\Users\Jacob\Desktop\Quantum Characters\casual_textures_p3\Pants_Sport\T_Sport_Pants_Lines_Roughness.png,Textures\Clothing\Pants\Pants_Sport\T_Sport_Pants_Lines_Roughness.png,copied
tex,C:\Users\Jacob\Desktop\Quantum Characters\casual_textures_p3\Pants_Sport\T_Sport_Pants_Lines_Unity_Normal.png,Textures\Clothing\Pants\Pants_Sport\T_Sport_Pants_Lines_Unity_Normal.png,copied
tex-ao,C:\Users\Jacob\Desktop\Quantum Characters\casual_textures_p3\Pants_Sport\T_Sport_Pants_OcclusionRoughnessMetallic.png,Textures\Clothing\Pants\Pants_Sport\T_Sport_Pants_Occlusion.png,extracted R channel
tex,C:\Users\Jacob\Desktop\Quantum Characters\casual_textures_p3\Pants_Sport\T_Sport_Pants_Roughness.png,Textures\Clothing\Pants\Pants_Sport\T_Sport_Pants_Roughness.png,copied
tex,C:\Users\Jacob\Desktop\Quantum Characters\casual_textures_p3\Pants_Sport\T_Sport_Pants_Unity_Normal.png,Textures\Clothing\Pants\Pants_Sport\T_Sport_Pants_Unity_Normal.png,copied
tex,C:\Users\Jacob\Desktop\Quantum Characters\casual_textures_p3\Pants_Sport\T_Sport_Pants_Bege_BaseColor.png,Textures\Clothing\Pants\Pants_Sport\T_Sport_Pants_Beige_BaseColor.png,copied
tex,C:\Users\Jacob\Desktop\Quantum Characters\casual_textures_p3\Pants_Sport\T_Sport_Pants_Bege_Lines_BaseColor.png,Textures\Clothing\Pants\Pants_Sport\T_Sport_Pants_Beige_Lines_BaseColor.png,copied
tex,C:\Users\Jacob\Desktop\Quantum Characters\casual_textures_p3\Pants_Sport\T_Sport_Pants_Black_BaseColor.png,Textures\Clothing\Pants\Pants_Sport\T_Sport_Pants_Black_BaseColor.png,copied
tex,C:\Users\Jacob\Desktop\Quantum Characters\casual_textures_p3\Pants_Sport\T_Sport_Pants_Black_Lines_BaseColor.png,Textures\Clothing\Pants\Pants_Sport\T_Sport_Pants_Black_Lines_BaseColor.png,copied
tex,C:\Users\Jacob\Desktop\Quantum Characters\casual_textures_p3\Pants_Sport\T_Sport_Pants_Blue_BaseColor.png,Textures\Clothing\Pants\Pants_Sport\T_Sport_Pants_Blue_BaseColor.png,copied
tex,C:\Users\Jacob\Desktop\Quantum Characters\casual_textures_p3\Pants_Sport\T_Sport_Pants_Blue_Lines_BaseColor.png,Textures\Clothing\Pants\Pants_Sport\T_Sport_Pants_Blue_Lines_BaseColor.png,copied
tex,C:\Users\Jacob\Desktop\Quantum Characters\casual_textures_p3\Pants_Sport\T_Sport_Pants_Bordo_BaseColor.png,Textures\Clothing\Pants\Pants_Sport\T_Sport_Pants_Burgundy_BaseColor.png,copied
tex,C:\Users\Jacob\Desktop\Quantum Characters\casual_textures_p3\Pants_Sport\T_Sport_Pants_Bordo_Lines_BaseColor.png,Textures\Clothing\Pants\Pants_Sport\T_Sport_Pants_Burgundy_Lines_BaseColor.png,copied
tex,C:\Users\Jacob\Desktop\Quantum Characters\casual_textures_p3\Pants_Sport\T_Sport_Pants_Gray_BaseColor.png,Textures\Clothing\Pants\Pants_Sport\T_Sport_Pants_Gray_BaseColor.png,copied
tex,C:\Users\Jacob\Desktop\Quantum Characters\casual_textures_p3\Pants_Sport\T_Sport_Pants_Gray_Lines_BaseColor.png,Textures\Clothing\Pants\Pants_Sport\T_Sport_Pants_Gray_Lines_BaseColor.png,copied
tex,C:\Users\Jacob\Desktop\Quantum Characters\casual_textures_p3\Pants_Sport\T_Sport_Pants_Green_BaseColor.png,Textures\Clothing\Pants\Pants_Sport\T_Sport_Pants_Green_BaseColor.png,copied
tex,C:\Users\Jacob\Desktop\Quantum Characters\casual_textures_p3\Pants_Sport\T_Sport_Pants_Green_Lines_BaseColor.png,Textures\Clothing\Pants\Pants_Sport\T_Sport_Pants_Green_Lines_BaseColor.png,copied
tex,C:\Users\Jacob\Desktop\Quantum Characters\casual_textures_p3\Pants_Sport\T_Sport_Pants_White_BaseColor.png,Textures\Clothing\Pants\Pants_Sport\T_Sport_Pants_White_BaseColor.png,copied
tex,C:\Users\Jacob\Desktop\Quantum Characters\casual_textures_p3\Pants_Sport\T_Sport_Pants_White_Lines_BaseColor.png,Textures\Clothing\Pants\Pants_Sport\T_Sport_Pants_White_Lines_BaseColor.png,copied
tex,C:\Users\Jacob\Desktop\Quantum Characters\casual_textures_p3\Pants_Sport\T_Sport_Pants_Yellow_BaseColor.png,Textures\Clothing\Pants\Pants_Sport\T_Sport_Pants_Yellow_BaseColor.png,copied
tex,C:\Users\Jacob\Desktop\Quantum Characters\casual_textures_p3\Pants_Sport\T_Sport_Pants_Yellow_Lines_BaseColor.png,Textures\Clothing\Pants\Pants_Sport\T_Sport_Pants_Yellow_Lines_BaseColor.png,copied
tex-ao,C:\Users\Jacob\Desktop\Quantum Characters\casual_textures_p3\Puffer_Jacket\T_Puffer_Jacket_Clear_OcclusionRoughnessMetallic.png,Textures\Clothing\Outerwear\Puffer_Jacket\T_Puffer_Jacket_Clear_Occlusion.png,extracted R channel
tex,C:\Users\Jacob\Desktop\Quantum Characters\casual_textures_p3\Puffer_Jacket\T_Puffer_Jacket_Clear_Roughness.png,Textures\Clothing\Outerwear\Puffer_Jacket\T_Puffer_Jacket_Clear_Roughness.png,copied
tex,C:\Users\Jacob\Desktop\Quantum Characters\casual_textures_p3\Puffer_Jacket\T_Puffer_Jacket_Clear_Unity_Normal.png,Textures\Clothing\Outerwear\Puffer_Jacket\T_Puffer_Jacket_Clear_Unity_Normal.png,copied
tex-ao,C:\Users\Jacob\Desktop\Quantum Characters\casual_textures_p3\Puffer_Jacket\T_Puffer_Jacket_OcclusionRoughnessMetallic.png,Textures\Clothing\Outerwear\Puffer_Jacket\T_Puffer_Jacket_Occlusion.png,extracted R channel
tex,C:\Users\Jacob\Desktop\Quantum Characters\casual_textures_p3\Puffer_Jacket\T_Puffer_Jacket_Roughness.png,Textures\Clothing\Outerwear\Puffer_Jacket\T_Puffer_Jacket_Roughness.png,copied
tex,C:\Users\Jacob\Desktop\Quantum Characters\casual_textures_p3\Puffer_Jacket\T_Puffer_Jacket_Unity_Normal.png,Textures\Clothing\Outerwear\Puffer_Jacket\T_Puffer_Jacket_Unity_Normal.png,copied
tex,C:\Users\Jacob\Desktop\Quantum Characters\casual_textures_p3\Puffer_Jacket\T_Puffer_Jacket_Bege_BaseColor.png,Textures\Clothing\Outerwear\Puffer_Jacket\T_Puffer_Jacket_Beige_BaseColor.png,copied
tex,C:\Users\Jacob\Desktop\Quantum Characters\casual_textures_p3\Puffer_Jacket\T_Puffer_Jacket_Bege_Clear_BaseColor.png,Textures\Clothing\Outerwear\Puffer_Jacket\T_Puffer_Jacket_Beige_Clear_BaseColor.png,copied
tex,C:\Users\Jacob\Desktop\Quantum Characters\casual_textures_p3\Puffer_Jacket\T_Puffer_Jacket_Black_Clear_BaseColor.png,Textures\Clothing\Outerwear\Puffer_Jacket\T_Puffer_Jacket_Black_Clear_BaseColor.png,copied
tex,C:\Users\Jacob\Desktop\Quantum Characters\casual_textures_p3\Puffer_Jacket\T_Puffer_Jacket_Dark_Blue_BaseColor.png,Textures\Clothing\Outerwear\Puffer_Jacket\T_Puffer_Jacket_Dark_Blue_BaseColor.png,copied
tex,C:\Users\Jacob\Desktop\Quantum Characters\casual_textures_p3\Puffer_Jacket\T_Puffer_Jacket_Dark_Blue_Clear_BaseColor.png,Textures\Clothing\Outerwear\Puffer_Jacket\T_Puffer_Jacket_Dark_Blue_Clear_BaseColor.png,copied
tex,C:\Users\Jacob\Desktop\Quantum Characters\casual_textures_p3\Puffer_Jacket\T_Puffer_Jacket_Gray_BaseColor.png,Textures\Clothing\Outerwear\Puffer_Jacket\T_Puffer_Jacket_Gray_BaseColor.png,copied
tex,C:\Users\Jacob\Desktop\Quantum Characters\casual_textures_p3\Puffer_Jacket\T_Puffer_Jacket_Gray_Clear_BaseColor.png,Textures\Clothing\Outerwear\Puffer_Jacket\T_Puffer_Jacket_Gray_Clear_BaseColor.png,copied
tex,C:\Users\Jacob\Desktop\Quantum Characters\casual_textures_p3\Puffer_Jacket\T_Puffer_Jacket_Green_BaseColor.png,Textures\Clothing\Outerwear\Puffer_Jacket\T_Puffer_Jacket_Green_BaseColor.png,copied
tex,C:\Users\Jacob\Desktop\Quantum Characters\casual_textures_p3\Puffer_Jacket\T_Puffer_Jacket_Green_Clear_BaseColor.png,Textures\Clothing\Outerwear\Puffer_Jacket\T_Puffer_Jacket_Green_Clear_BaseColor.png,copied
tex,C:\Users\Jacob\Desktop\Quantum Characters\casual_textures_p3\Puffer_Jacket\T_Puffer_Jacket_Orange_BaseColor.png,Textures\Clothing\Outerwear\Puffer_Jacket\T_Puffer_Jacket_Orange_BaseColor.png,copied
tex,C:\Users\Jacob\Desktop\Quantum Characters\casual_textures_p3\Puffer_Jacket\T_Puffer_Jacket_Orange_Clear_BaseColor.png,Textures\Clothing\Outerwear\Puffer_Jacket\T_Puffer_Jacket_Orange_Clear_BaseColor.png,copied
tex-ao,C:\Users\Jacob\Desktop\Quantum Characters\casual_textures_p3\Shirt_Classic\T_Shirt_Classic_OcclusionRoughnessMetallic.png,Textures\Clothing\Tops\Shirt_Classic\T_Shirt_Classic_Occlusion.png,extracted R channel
tex,C:\Users\Jacob\Desktop\Quantum Characters\casual_textures_p3\Shirt_Classic\T_Shirt_Classic_Roughness.png,Textures\Clothing\Tops\Shirt_Classic\T_Shirt_Classic_Roughness.png,copied
tex,C:\Users\Jacob\Desktop\Quantum Characters\casual_textures_p3\Shirt_Classic\T_Shirt_Classic_Unity_Normal.png,Textures\Clothing\Tops\Shirt_Classic\T_Shirt_Classic_Unity_Normal.png,copied
tex,C:\Users\Jacob\Desktop\Quantum Characters\casual_textures_p3\Shirt_Classic\T_Shirt_Classic_Black_BaseColor.png,Textures\Clothing\Tops\Shirt_Classic\T_Shirt_Classic_Black_BaseColor.png,copied
tex,C:\Users\Jacob\Desktop\Quantum Characters\casual_textures_p3\Shirt_Classic\T_Shirt_Classic_Blue_BaseColor.png,Textures\Clothing\Tops\Shirt_Classic\T_Shirt_Classic_Blue_BaseColor.png,copied
tex,C:\Users\Jacob\Desktop\Quantum Characters\casual_textures_p3\Shirt_Classic\T_Shirt_Classic_White_BaseColor.png,Textures\Clothing\Tops\Shirt_Classic\T_Shirt_Classic_White_BaseColor.png,copied
tex-ao,C:\Users\Jacob\Desktop\Quantum Characters\casual_textures_p3\Shirt_Hawaiian\T_Hawaii_Shirt_OcclusionRoughnessMetallic.png,Textures\Clothing\Tops\Shirt_Hawaiian\T_Hawaii_Shirt_Occlusion.png,extracted R channel
tex,C:\Users\Jacob\Desktop\Quantum Characters\casual_textures_p3\Shirt_Hawaiian\T_Hawaii_Shirt_Roughness.png,Textures\Clothing\Tops\Shirt_Hawaiian\T_Hawaii_Shirt_Roughness.png,copied
tex,C:\Users\Jacob\Desktop\Quantum Characters\casual_textures_p3\Shirt_Hawaiian\T_Hawaii_Shirt_Unity_Normal.png,Textures\Clothing\Tops\Shirt_Hawaiian\T_Hawaii_Shirt_Unity_Normal.png,copied
tex,C:\Users\Jacob\Desktop\Quantum Characters\casual_textures_p3\Shirt_Hawaiian\T_Hawaii_Shirt_Orange_Print_BaseColor.png,Textures\Clothing\Tops\Shirt_Hawaiian\T_Hawaii_Shirt_Orange_Print_BaseColor.png,copied
tex,C:\Users\Jacob\Desktop\Quantum Characters\casual_textures_p3\Shirt_Hawaiian\T_Hawaii_Shirt_Red_BaseColor.png,Textures\Clothing\Tops\Shirt_Hawaiian\T_Hawaii_Shirt_Red_BaseColor.png,copied
tex,C:\Users\Jacob\Desktop\Quantum Characters\casual_textures_p3\Shirt_Hawaiian\T_Hawaii_Shirt_Red_White_Line_BaseColor.png,Textures\Clothing\Tops\Shirt_Hawaiian\T_Hawaii_Shirt_Red_White_Line_BaseColor.png,copied
tex-ao,C:\Users\Jacob\Desktop\Quantum Characters\casual_textures_p3\Shirt_Hawaiian\Shirt_Open_Blue_Green\T_Shirt_Open_OcclusionRoughnessMetallic.png,Textures\Clothing\Tops\Shirt_Hawaiian\Shirt_Open_Blue_Green\T_Shirt_Open_Occlusion.png,extracted R channel
tex,C:\Users\Jacob\Desktop\Quantum Characters\casual_textures_p3\Shirt_Hawaiian\Shirt_Open_Blue_Green\T_Shirt_Open_Roughness.png,Textures\Clothing\Tops\Shirt_Hawaiian\Shirt_Open_Blue_Green\T_Shirt_Open_Roughness.png,copied
tex,C:\Users\Jacob\Desktop\Quantum Characters\casual_textures_p3\Shirt_Hawaiian\Shirt_Open_Blue_Green\T_Shirt_Open_Unity_Normal.png,Textures\Clothing\Tops\Shirt_Hawaiian\Shirt_Open_Blue_Green\T_Shirt_Open_Unity_Normal.png,copied
tex,C:\Users\Jacob\Desktop\Quantum Characters\casual_textures_p3\Shirt_Hawaiian\Shirt_Open_Blue_Green\T_Shirt_Open_Blue_BaseColor.png,Textures\Clothing\Tops\Shirt_Hawaiian\Shirt_Open_Blue_Green\T_Shirt_Open_Blue_BaseColor.png,copied
tex,C:\Users\Jacob\Desktop\Quantum Characters\casual_textures_p3\Shirt_Hawaiian\Shirt_Open_Blue_Green\T_Shirt_Open_Green_BaseColor.png,Textures\Clothing\Tops\Shirt_Hawaiian\Shirt_Open_Blue_Green\T_Shirt_Open_Green_BaseColor.png,copied
tex-ao,C:\Users\Jacob\Desktop\Quantum Characters\casual_textures_p3\Shirt_Hawaiian\Shirt_Open_RedPlaid\T_Shirt_Open_RedPlaid_OcclusionRoughnessMetallic.png,Textures\Clothing\Tops\Shirt_Hawaiian\Shirt_Open_RedPlaid\T_Shirt_Open_RedPlaid_Occlusion.png,extracted R channel
tex,C:\Users\Jacob\Desktop\Quantum Characters\casual_textures_p3\Shirt_Hawaiian\Shirt_Open_RedPlaid\T_Shirt_Open_RedPlaid_Roughness.png,Textures\Clothing\Tops\Shirt_Hawaiian\Shirt_Open_RedPlaid\T_Shirt_Open_RedPlaid_Roughness.png,copied
tex,C:\Users\Jacob\Desktop\Quantum Characters\casual_textures_p3\Shirt_Hawaiian\Shirt_Open_RedPlaid\T_Shirt_Open_RedPlaid_Unity_Normal.png,Textures\Clothing\Tops\Shirt_Hawaiian\Shirt_Open_RedPlaid\T_Shirt_Open_RedPlaid_Unity_Normal.png,copied
tex,C:\Users\Jacob\Desktop\Quantum Characters\casual_textures_p3\Shirt_Hawaiian\Shirt_Open_RedPlaid\T_Shirt_Open_RedPlaid_BaseColor.png,Textures\Clothing\Tops\Shirt_Hawaiian\Shirt_Open_RedPlaid\T_Shirt_Open_RedPlaid_BaseColor.png,copied
tex-ao,C:\Users\Jacob\Desktop\Quantum Characters\casual_textures_p3\Shirt_RolledUp\T_Shirt_RolledUp_Bege_OcclusionRoughnessMetallic.png,Textures\Clothing\Tops\Shirt_RolledUp\T_Shirt_RolledUp_Beige_Occlusion.png,extracted R channel
tex,C:\Users\Jacob\Desktop\Quantum Characters\casual_textures_p3\Shirt_RolledUp\T_Shirt_RolledUp_Bege_Roughness.png,Textures\Clothing\Tops\Shirt_RolledUp\T_Shirt_RolledUp_Beige_Roughness.png,copied
tex,C:\Users\Jacob\Desktop\Quantum Characters\casual_textures_p3\Shirt_RolledUp\T_Shirt_RolledUp_Bege_Unity_Normal.png,Textures\Clothing\Tops\Shirt_RolledUp\T_Shirt_RolledUp_Beige_Unity_Normal.png,copied
tex-ao,C:\Users\Jacob\Desktop\Quantum Characters\casual_textures_p3\Shirt_RolledUp\T_Shirt_RolledUp_OcclusionRoughnessMetallic.png,Textures\Clothing\Tops\Shirt_RolledUp\T_Shirt_RolledUp_Occlusion.png,extracted R channel
tex,C:\Users\Jacob\Desktop\Quantum Characters\casual_textures_p3\Shirt_RolledUp\T_Shirt_RolledUp_Roughness.png,Textures\Clothing\Tops\Shirt_RolledUp\T_Shirt_RolledUp_Roughness.png,copied
tex,C:\Users\Jacob\Desktop\Quantum Characters\casual_textures_p3\Shirt_RolledUp\T_Shirt_RolledUp_Unity_Normal.png,Textures\Clothing\Tops\Shirt_RolledUp\T_Shirt_RolledUp_Unity_Normal.png,copied
tex-ao,C:\Users\Jacob\Desktop\Quantum Characters\casual_textures_p3\Shirt_RolledUp\T_Shirt_RolledUp_Gray_OcclusionRoughnessMetallic.png,Textures\Clothing\Tops\Shirt_RolledUp\T_Shirt_RolledUp_Gray_Occlusion.png,extracted R channel
tex,C:\Users\Jacob\Desktop\Quantum Characters\casual_textures_p3\Shirt_RolledUp\T_Shirt_RolledUp_Gray_Roughness.png,Textures\Clothing\Tops\Shirt_RolledUp\T_Shirt_RolledUp_Gray_Roughness.png,copied
tex,C:\Users\Jacob\Desktop\Quantum Characters\casual_textures_p3\Shirt_RolledUp\T_Shirt_RolledUp_Gray_Unity_Normal.png,Textures\Clothing\Tops\Shirt_RolledUp\T_Shirt_RolledUp_Gray_Unity_Normal.png,copied
tex-ao,C:\Users\Jacob\Desktop\Quantum Characters\casual_textures_p3\Shirt_RolledUp\T_Shirt_RolledUp_White_OcclusionRoughnessMetallic.png,Textures\Clothing\Tops\Shirt_RolledUp\T_Shirt_RolledUp_White_Occlusion.png,extracted R channel
tex,C:\Users\Jacob\Desktop\Quantum Characters\casual_textures_p3\Shirt_RolledUp\T_Shirt_RolledUp_White_Roughness.png,Textures\Clothing\Tops\Shirt_RolledUp\T_Shirt_RolledUp_White_Roughness.png,copied
tex,C:\Users\Jacob\Desktop\Quantum Characters\casual_textures_p3\Shirt_RolledUp\T_Shirt_RolledUp_White_Unity_Normal.png,Textures\Clothing\Tops\Shirt_RolledUp\T_Shirt_RolledUp_White_Unity_Normal.png,copied
tex,C:\Users\Jacob\Desktop\Quantum Characters\casual_textures_p3\Shirt_RolledUp\T_Shirt_RolledUp_BaseColor.png,Textures\Clothing\Tops\Shirt_RolledUp\T_Shirt_RolledUp_BaseColor.png,copied
tex,C:\Users\Jacob\Desktop\Quantum Characters\casual_textures_p3\Shirt_RolledUp\T_Shirt_RolledUp_Bege_BaseColor.png,Textures\Clothing\Tops\Shirt_RolledUp\T_Shirt_RolledUp_Beige_BaseColor.png,copied
tex,C:\Users\Jacob\Desktop\Quantum Characters\casual_textures_p3\Shirt_RolledUp\T_Shirt_RolledUp_Blue_BaseColor.png,Textures\Clothing\Tops\Shirt_RolledUp\T_Shirt_RolledUp_Blue_BaseColor.png,copied
tex,C:\Users\Jacob\Desktop\Quantum Characters\casual_textures_p3\Shirt_RolledUp\T_Shirt_RolledUp_Gray_BaseColor.png,Textures\Clothing\Tops\Shirt_RolledUp\T_Shirt_RolledUp_Gray_BaseColor.png,copied
tex,C:\Users\Jacob\Desktop\Quantum Characters\casual_textures_p3\Shirt_RolledUp\T_Shirt_RolledUp_Red_BaseColor.png,Textures\Clothing\Tops\Shirt_RolledUp\T_Shirt_RolledUp_Red_BaseColor.png,copied
tex,C:\Users\Jacob\Desktop\Quantum Characters\casual_textures_p3\Shirt_RolledUp\T_Shirt_RolledUp_White_BaseColor.png,Textures\Clothing\Tops\Shirt_RolledUp\T_Shirt_RolledUp_White_BaseColor.png,copied
tex,C:\Users\Jacob\Desktop\Quantum Characters\casual_textures_p3\Shirt_RolledUp\T_Shirt_RolledUp_White_Green_BaseColor.png,Textures\Clothing\Tops\Shirt_RolledUp\T_Shirt_RolledUp_White_Green_BaseColor.png,copied
tex-ao,C:\Users\Jacob\Desktop\Quantum Characters\casual_textures_p3\Shorts\T_Shorts_OcclusionRoughnessMetallic.png,Textures\Clothing\Pants\Shorts\T_Shorts_Occlusion.png,extracted R channel
tex,C:\Users\Jacob\Desktop\Quantum Characters\casual_textures_p3\Shorts\T_Shorts_Roughness.png,Textures\Clothing\Pants\Shorts\T_Shorts_Roughness.png,copied
tex,C:\Users\Jacob\Desktop\Quantum Characters\casual_textures_p3\Shorts\T_Shorts_Unity_Normal.png,Textures\Clothing\Pants\Shorts\T_Shorts_Unity_Normal.png,copied
tex,C:\Users\Jacob\Desktop\Quantum Characters\casual_textures_p3\Shorts\T_Shorts_Black_BaseColor.png,Textures\Clothing\Pants\Shorts\T_Shorts_Black_BaseColor.png,copied
tex,C:\Users\Jacob\Desktop\Quantum Characters\casual_textures_p3\Shorts\T_Shorts_Camo_BaseColor.png,Textures\Clothing\Pants\Shorts\T_Shorts_Camo_BaseColor.png,copied
tex-ao,C:\Users\Jacob\Desktop\Quantum Characters\casual_textures_p3\Shorts_Breeches\T_Shorts_Breeches_OcclusionRoughnessMetallic.png,Textures\Clothing\Pants\Shorts_Breeches\T_Shorts_Breeches_Occlusion.png,extracted R channel
tex,C:\Users\Jacob\Desktop\Quantum Characters\casual_textures_p3\Shorts_Breeches\T_Shorts_Breeches_Roughness.png,Textures\Clothing\Pants\Shorts_Breeches\T_Shorts_Breeches_Roughness.png,copied
tex,C:\Users\Jacob\Desktop\Quantum Characters\casual_textures_p3\Shorts_Breeches\T_Shorts_Breeches_Unity_Normal.png,Textures\Clothing\Pants\Shorts_Breeches\T_Shorts_Breeches_Unity_Normal.png,copied
tex,C:\Users\Jacob\Desktop\Quantum Characters\casual_textures_p3\Shorts_Breeches\T_Shorts_Breeches_bege_BaseColor.png,Textures\Clothing\Pants\Shorts_Breeches\T_Shorts_Breeches_bege_BaseColor.png,copied
tex,C:\Users\Jacob\Desktop\Quantum Characters\casual_textures_p3\Shorts_Breeches\T_Shorts_Breeches_Camo_BaseColor.png,Textures\Clothing\Pants\Shorts_Breeches\T_Shorts_Breeches_Camo_BaseColor.png,copied
tex,C:\Users\Jacob\Desktop\Quantum Characters\casual_textures_p3\Shorts_Breeches\T_Shorts_Breeches_Green_BaseColor.png,Textures\Clothing\Pants\Shorts_Breeches\T_Shorts_Breeches_Green_BaseColor.png,copied
tex,C:\Users\Jacob\Desktop\Quantum Characters\casual_textures_p3\Shorts_Breeches\T_Shorts_Breeches_Grey_BaseColor.png,Textures\Clothing\Pants\Shorts_Breeches\T_Shorts_Breeches_Gray_BaseColor.png,copied
tex-ao,C:\Users\Jacob\Desktop\Quantum Characters\casual_textures_p3\Sneakers\Snikers_Fabric\T_F_Snikers_Fabric_OcclusionRoughnessMetallic.png,Textures\Clothing\Shoes\Sneakers\Sneakers_Fabric\T_F_Sneakers_Fabric_Occlusion.png,extracted R channel
tex,C:\Users\Jacob\Desktop\Quantum Characters\casual_textures_p3\Sneakers\Snikers_Fabric\T_F_Snikers_Fabric_Roughness.png,Textures\Clothing\Shoes\Sneakers\Sneakers_Fabric\T_F_Sneakers_Fabric_Roughness.png,copied
tex,C:\Users\Jacob\Desktop\Quantum Characters\casual_textures_p3\Sneakers\Snikers_Fabric\T_F_Snikers_Fabric_Unity_Normal.png,Textures\Clothing\Shoes\Sneakers\Sneakers_Fabric\T_F_Sneakers_Fabric_Unity_Normal.png,copied
tex,C:\Users\Jacob\Desktop\Quantum Characters\casual_textures_p3\Sneakers\Snikers_Fabric\M_F_Snikers_Bege_BaseColor.png,Textures\Clothing\Shoes\Sneakers\Sneakers_Fabric\T_F_Sneakers_Beige_BaseColor.png,copied
tex,C:\Users\Jacob\Desktop\Quantum Characters\casual_textures_p3\Sneakers\Snikers_Fabric\M_F_Snikers_Blue_BaseColor.png,Textures\Clothing\Shoes\Sneakers\Sneakers_Fabric\T_F_Sneakers_Blue_BaseColor.png,copied
tex,C:\Users\Jacob\Desktop\Quantum Characters\casual_textures_p3\Sneakers\Snikers_Fabric\M_F_Snikers_Red_BaseColor.png,Textures\Clothing\Shoes\Sneakers\Sneakers_Fabric\T_F_Sneakers_Red_BaseColor.png,copied
tex,C:\Users\Jacob\Desktop\Quantum Characters\casual_textures_p3\Sneakers\Snikers_Fabric\T_F_Snikers_Fabric_BaseColor.png,Textures\Clothing\Shoes\Sneakers\Sneakers_Fabric\T_F_Sneakers_Fabric_BaseColor.png,copied
tex-ao,C:\Users\Jacob\Desktop\Quantum Characters\casual_textures_p3\Sneakers\Snikers_Leather\T_F_Snikers_Leather_OcclusionRoughnessMetallic.png,Textures\Clothing\Shoes\Sneakers\Sneakers_Leather\T_F_Sneakers_Leather_Occlusion.png,extracted R channel
tex,C:\Users\Jacob\Desktop\Quantum Characters\casual_textures_p3\Sneakers\Snikers_Leather\T_F_Snikers_Leather_Roughness.png,Textures\Clothing\Shoes\Sneakers\Sneakers_Leather\T_F_Sneakers_Leather_Roughness.png,copied
tex,C:\Users\Jacob\Desktop\Quantum Characters\casual_textures_p3\Sneakers\Snikers_Leather\T_F_Snikers_Leather_Unity_Normal.png,Textures\Clothing\Shoes\Sneakers\Sneakers_Leather\T_F_Sneakers_Leather_Unity_Normal.png,copied
tex,C:\Users\Jacob\Desktop\Quantum Characters\casual_textures_p3\Sneakers\Snikers_Leather\T_F_Snikers_Leather_Black_BaseColor.png,Textures\Clothing\Shoes\Sneakers\Sneakers_Leather\T_F_Sneakers_Leather_Black_BaseColor.png,copied
tex,C:\Users\Jacob\Desktop\Quantum Characters\casual_textures_p3\Sneakers\Snikers_Leather\T_F_Snikers_Leather_White_BaseColor.png,Textures\Clothing\Shoes\Sneakers\Sneakers_Leather\T_F_Sneakers_Leather_White_BaseColor.png,copied
tex-ao,C:\Users\Jacob\Desktop\Quantum Characters\casual_textures_p3\Sneakers\Snikers_Leather\New_Black\M_F_Sneakers_OcclusionRoughnessMetallic.png,Textures\Clothing\Shoes\Sneakers\Sneakers_Leather\New_Black\T_F_Sneakers_Occlusion.png,extracted R channel
tex,C:\Users\Jacob\Desktop\Quantum Characters\casual_textures_p3\Sneakers\Snikers_Leather\New_Black\M_F_Sneakers_Roughness.png,Textures\Clothing\Shoes\Sneakers\Sneakers_Leather\New_Black\T_F_Sneakers_Roughness.png,copied
tex,C:\Users\Jacob\Desktop\Quantum Characters\casual_textures_p3\Sneakers\Snikers_Leather\New_Black\M_F_Sneakers_BaseColor.png,Textures\Clothing\Shoes\Sneakers\Sneakers_Leather\New_Black\T_F_Sneakers_BaseColor.png,copied
tex-ao,C:\Users\Jacob\Desktop\Quantum Characters\casual_textures_p3\Sneakers_Sport\T_Sneakers_Sport_OcclusionRoughnessMetallic.png,Textures\Clothing\Shoes\Sneakers_Sport\T_Sneakers_Sport_Occlusion.png,extracted R channel
tex,C:\Users\Jacob\Desktop\Quantum Characters\casual_textures_p3\Sneakers_Sport\T_Sneakers_Sport_Roughness.png,Textures\Clothing\Shoes\Sneakers_Sport\T_Sneakers_Sport_Roughness.png,copied
tex,C:\Users\Jacob\Desktop\Quantum Characters\casual_textures_p3\Sneakers_Sport\T_Sneakers_Sport_Unity_Normal.png,Textures\Clothing\Shoes\Sneakers_Sport\T_Sneakers_Sport_Unity_Normal.png,copied
tex,C:\Users\Jacob\Desktop\Quantum Characters\casual_textures_p3\Sneakers_Sport\T_Sneakers_Sport_Black_BaseColor.png,Textures\Clothing\Shoes\Sneakers_Sport\T_Sneakers_Sport_Black_BaseColor.png,copied
tex,C:\Users\Jacob\Desktop\Quantum Characters\casual_textures_p3\Sneakers_Sport\T_Sneakers_Sport_Blue_BaseColor.png,Textures\Clothing\Shoes\Sneakers_Sport\T_Sneakers_Sport_Blue_BaseColor.png,copied
tex,C:\Users\Jacob\Desktop\Quantum Characters\casual_textures_p3\Sneakers_Sport\T_Sneakers_Sport_Green_BaseColor.png,Textures\Clothing\Shoes\Sneakers_Sport\T_Sneakers_Sport_Green_BaseColor.png,copied
tex,C:\Users\Jacob\Desktop\Quantum Characters\casual_textures_p3\Sneakers_Sport\T_Sneakers_Sport_Violet_BaseColor.png,Textures\Clothing\Shoes\Sneakers_Sport\T_Sneakers_Sport_Violet_BaseColor.png,copied
tex-ao,C:\Users\Jacob\Desktop\Quantum Characters\casual_textures_p3\Socks\T_Socks_OcclusionRoughnessMetallic.png,Textures\Clothing\Shoes\Socks\T_Socks_Occlusion.png,extracted R channel
tex,C:\Users\Jacob\Desktop\Quantum Characters\casual_textures_p3\Socks\T_Socks_Roughness.png,Textures\Clothing\Shoes\Socks\T_Socks_Roughness.png,copied
tex,C:\Users\Jacob\Desktop\Quantum Characters\casual_textures_p3\Socks\T_Socks_Unity_Normal.png,Textures\Clothing\Shoes\Socks\T_Socks_Unity_Normal.png,copied
tex,C:\Users\Jacob\Desktop\Quantum Characters\casual_textures_p3\Socks\T_Socks_BaseColor.png,Textures\Clothing\Shoes\Socks\T_Socks_BaseColor.png,copied
tex,C:\Users\Jacob\Desktop\Quantum Characters\casual_textures_p3\Socks\T_Socks_White_BaseColor.png,Textures\Clothing\Shoes\Socks\T_Socks_White_BaseColor.png,copied
tex,C:\Users\Jacob\Desktop\Quantum Characters\casual_textures_p3\Socks\T_Socks_White_Blue_BaseColor.png,Textures\Clothing\Shoes\Socks\T_Socks_White_Blue_BaseColor.png,copied
tex,C:\Users\Jacob\Desktop\Quantum Characters\casual_textures_p3\Socks\T_Socks_White_Red_BaseColor.png,Textures\Clothing\Shoes\Socks\T_Socks_White_Red_BaseColor.png,copied
tex-ao,C:\Users\Jacob\Desktop\Quantum Characters\casual_textures_p3\Sweater\T_Sweater_Bege_OcclusionRoughnessMetallic.png,Textures\Clothing\Tops\Sweater\T_Sweater_Beige_Occlusion.png,extracted R channel
tex,C:\Users\Jacob\Desktop\Quantum Characters\casual_textures_p3\Sweater\T_Sweater_Bege_Roughness.png,Textures\Clothing\Tops\Sweater\T_Sweater_Beige_Roughness.png,copied
tex,C:\Users\Jacob\Desktop\Quantum Characters\casual_textures_p3\Sweater\T_Sweater_Bege_Unity_Normal.png,Textures\Clothing\Tops\Sweater\T_Sweater_Beige_Unity_Normal.png,copied
tex-ao,C:\Users\Jacob\Desktop\Quantum Characters\casual_textures_p3\Sweater\T_Sweater_Gray_OcclusionRoughnessMetallic.png,Textures\Clothing\Tops\Sweater\T_Sweater_Gray_Occlusion.png,extracted R channel
tex,C:\Users\Jacob\Desktop\Quantum Characters\casual_textures_p3\Sweater\T_Sweater_Gray_Roughness.png,Textures\Clothing\Tops\Sweater\T_Sweater_Gray_Roughness.png,copied
tex,C:\Users\Jacob\Desktop\Quantum Characters\casual_textures_p3\Sweater\T_Sweater_Gray_Unity_Normal.png,Textures\Clothing\Tops\Sweater\T_Sweater_Gray_Unity_Normal.png,copied
tex-ao,C:\Users\Jacob\Desktop\Quantum Characters\casual_textures_p3\Sweater\T_Sweater_White_OcclusionRoughnessMetallic.png,Textures\Clothing\Tops\Sweater\T_Sweater_White_Occlusion.png,extracted R channel
tex,C:\Users\Jacob\Desktop\Quantum Characters\casual_textures_p3\Sweater\T_Sweater_White_Roughness.png,Textures\Clothing\Tops\Sweater\T_Sweater_White_Roughness.png,copied
tex,C:\Users\Jacob\Desktop\Quantum Characters\casual_textures_p3\Sweater\T_Sweater_White_Unity_Normal.png,Textures\Clothing\Tops\Sweater\T_Sweater_White_Unity_Normal.png,copied
tex,C:\Users\Jacob\Desktop\Quantum Characters\casual_textures_p3\Sweater\T_Sweater_Bege_BaseColor.png,Textures\Clothing\Tops\Sweater\T_Sweater_Beige_BaseColor.png,copied
tex,C:\Users\Jacob\Desktop\Quantum Characters\casual_textures_p3\Sweater\T_Sweater_Gray_BaseColor.png,Textures\Clothing\Tops\Sweater\T_Sweater_Gray_BaseColor.png,copied
tex,C:\Users\Jacob\Desktop\Quantum Characters\casual_textures_p3\Sweater\T_Sweater_White_BaseColor.png,Textures\Clothing\Tops\Sweater\T_Sweater_White_BaseColor.png,copied
tex-ao,C:\Users\Jacob\Desktop\Quantum Characters\casual_textures_p3\TShirt\T_TShirt_Black_Print_OcclusionRoughnessMetallic.png,Textures\Clothing\Tops\TShirt\T_TShirt_Black_Print_Occlusion.png,extracted R channel
tex,C:\Users\Jacob\Desktop\Quantum Characters\casual_textures_p3\TShirt\T_TShirt_Black_Print_Roughness.png,Textures\Clothing\Tops\TShirt\T_TShirt_Black_Print_Roughness.png,copied
tex,C:\Users\Jacob\Desktop\Quantum Characters\casual_textures_p3\TShirt\T_TShirt_Black_Print_Unity_Normal.png,Textures\Clothing\Tops\TShirt\T_TShirt_Black_Print_Unity_Normal.png,copied
tex-ao,C:\Users\Jacob\Desktop\Quantum Characters\casual_textures_p3\TShirt\T_TShirt_Bordo_Print_OcclusionRoughnessMetallic.png,Textures\Clothing\Tops\TShirt\T_TShirt_Burgundy_Print_Occlusion.png,extracted R channel
tex,C:\Users\Jacob\Desktop\Quantum Characters\casual_textures_p3\TShirt\T_TShirt_Bordo_Print_Roughness.png,Textures\Clothing\Tops\TShirt\T_TShirt_Burgundy_Print_Roughness.png,copied
tex,C:\Users\Jacob\Desktop\Quantum Characters\casual_textures_p3\TShirt\T_TShirt_Bordo_Print_Unity_Normal.png,Textures\Clothing\Tops\TShirt\T_TShirt_Burgundy_Print_Unity_Normal.png,copied
tex-ao,C:\Users\Jacob\Desktop\Quantum Characters\casual_textures_p3\TShirt\T_TShirt_OcclusionRoughnessMetallic.png,Textures\Clothing\Tops\TShirt\T_TShirt_Occlusion.png,extracted R channel
tex,C:\Users\Jacob\Desktop\Quantum Characters\casual_textures_p3\TShirt\T_TShirt_Roughness.png,Textures\Clothing\Tops\TShirt\T_TShirt_Roughness.png,copied
tex,C:\Users\Jacob\Desktop\Quantum Characters\casual_textures_p3\TShirt\T_TShirt_Unity_Normal.png,Textures\Clothing\Tops\TShirt\T_TShirt_Unity_Normal.png,copied
tex-ao,C:\Users\Jacob\Desktop\Quantum Characters\casual_textures_p3\TShirt\T_TShirt_White_Print_OcclusionRoughnessMetallic.png,Textures\Clothing\Tops\TShirt\T_TShirt_White_Print_Occlusion.png,extracted R channel
tex,C:\Users\Jacob\Desktop\Quantum Characters\casual_textures_p3\TShirt\T_TShirt_White_Print_Roughness.png,Textures\Clothing\Tops\TShirt\T_TShirt_White_Print_Roughness.png,copied
tex,C:\Users\Jacob\Desktop\Quantum Characters\casual_textures_p3\TShirt\T_TShirt_White_Print_Unity_Normal.png,Textures\Clothing\Tops\TShirt\T_TShirt_White_Print_Unity_Normal.png,copied
tex,C:\Users\Jacob\Desktop\Quantum Characters\casual_textures_p3\TShirt\T_TShirt_Bege_BaseColor.png,Textures\Clothing\Tops\TShirt\T_TShirt_Beige_BaseColor.png,copied
tex,C:\Users\Jacob\Desktop\Quantum Characters\casual_textures_p3\TShirt\T_TShirt_Black_BaseColor.png,Textures\Clothing\Tops\TShirt\T_TShirt_Black_BaseColor.png,copied
tex,C:\Users\Jacob\Desktop\Quantum Characters\casual_textures_p3\TShirt\T_TShirt_Black_Print_BaseColor.png,Textures\Clothing\Tops\TShirt\T_TShirt_Black_Print_BaseColor.png,copied
tex,C:\Users\Jacob\Desktop\Quantum Characters\casual_textures_p3\TShirt\T_TShirt_Blue_BaseColor.png,Textures\Clothing\Tops\TShirt\T_TShirt_Blue_BaseColor.png,copied
tex,C:\Users\Jacob\Desktop\Quantum Characters\casual_textures_p3\TShirt\T_TShirt_Bordo_BaseColor.png,Textures\Clothing\Tops\TShirt\T_TShirt_Burgundy_BaseColor.png,copied
tex,C:\Users\Jacob\Desktop\Quantum Characters\casual_textures_p3\TShirt\T_TShirt_Bordo_Print_BaseColor.png,Textures\Clothing\Tops\TShirt\T_TShirt_Burgundy_Print_BaseColor.png,copied
tex,C:\Users\Jacob\Desktop\Quantum Characters\casual_textures_p3\TShirt\T_TShirt_Gray_BaseColor.png,Textures\Clothing\Tops\TShirt\T_TShirt_Gray_BaseColor.png,copied
tex,C:\Users\Jacob\Desktop\Quantum Characters\casual_textures_p3\TShirt\T_TShirt_Green_BaseColor.png,Textures\Clothing\Tops\TShirt\T_TShirt_Green_BaseColor.png,copied
tex,C:\Users\Jacob\Desktop\Quantum Characters\casual_textures_p3\TShirt\T_TShirt_Orange_BaseColor.png,Textures\Clothing\Tops\TShirt\T_TShirt_Orange_BaseColor.png,copied
tex,C:\Users\Jacob\Desktop\Quantum Characters\casual_textures_p3\TShirt\T_TShirt_White_BaseColor.png,Textures\Clothing\Tops\TShirt\T_TShirt_White_BaseColor.png,copied
tex,C:\Users\Jacob\Desktop\Quantum Characters\casual_textures_p3\TShirt\T_TShirt_White_Print_BaseColor.png,Textures\Clothing\Tops\TShirt\T_TShirt_White_Print_BaseColor.png,copied
tex-ao,C:\Users\Jacob\Desktop\Quantum Characters\casual_textures_p3\TShirt_Tucked\T_TShirt_Tucked_Black_Print_OcclusionRoughnessMetallic.png,Textures\Clothing\Tops\TShirt_Tucked\T_TShirt_Tucked_Black_Print_Occlusion.png,extracted R channel
tex,C:\Users\Jacob\Desktop\Quantum Characters\casual_textures_p3\TShirt_Tucked\T_TShirt_Tucked_Black_Print_Roughness.png,Textures\Clothing\Tops\TShirt_Tucked\T_TShirt_Tucked_Black_Print_Roughness.png,copied
tex,C:\Users\Jacob\Desktop\Quantum Characters\casual_textures_p3\TShirt_Tucked\T_TShirt_Tucked_Black_Print_Unity_Normal.png,Textures\Clothing\Tops\TShirt_Tucked\T_TShirt_Tucked_Black_Print_Unity_Normal.png,copied
tex-ao,C:\Users\Jacob\Desktop\Quantum Characters\casual_textures_p3\TShirt_Tucked\T_TShirt_Tucked_Green_Print_OcclusionRoughnessMetallic.png,Textures\Clothing\Tops\TShirt_Tucked\T_TShirt_Tucked_Green_Print_Occlusion.png,extracted R channel
tex,C:\Users\Jacob\Desktop\Quantum Characters\casual_textures_p3\TShirt_Tucked\T_TShirt_Tucked_Green_Print_Roughness.png,Textures\Clothing\Tops\TShirt_Tucked\T_TShirt_Tucked_Green_Print_Roughness.png,copied
tex,C:\Users\Jacob\Desktop\Quantum Characters\casual_textures_p3\TShirt_Tucked\T_TShirt_Tucked_Green_Print_Unity_Normal.png,Textures\Clothing\Tops\TShirt_Tucked\T_TShirt_Tucked_Green_Print_Unity_Normal.png,copied
tex-ao,C:\Users\Jacob\Desktop\Quantum Characters\casual_textures_p3\TShirt_Tucked\T_TShirt_Tucked_OcclusionRoughnessMetallic.png,Textures\Clothing\Tops\TShirt_Tucked\T_TShirt_Tucked_Occlusion.png,extracted R channel
tex,C:\Users\Jacob\Desktop\Quantum Characters\casual_textures_p3\TShirt_Tucked\T_TShirt_Tucked_Roughness.png,Textures\Clothing\Tops\TShirt_Tucked\T_TShirt_Tucked_Roughness.png,copied
tex,C:\Users\Jacob\Desktop\Quantum Characters\casual_textures_p3\TShirt_Tucked\T_TShirt_Tucked_Unity_Normal.png,Textures\Clothing\Tops\TShirt_Tucked\T_TShirt_Tucked_Unity_Normal.png,copied
tex-ao,C:\Users\Jacob\Desktop\Quantum Characters\casual_textures_p3\TShirt_Tucked\T_TShirt_Tucked_White_Print_OcclusionRoughnessMetallic.png,Textures\Clothing\Tops\TShirt_Tucked\T_TShirt_Tucked_White_Print_Occlusion.png,extracted R channel
tex,C:\Users\Jacob\Desktop\Quantum Characters\casual_textures_p3\TShirt_Tucked\T_TShirt_Tucked_White_Print_Roughness.png,Textures\Clothing\Tops\TShirt_Tucked\T_TShirt_Tucked_White_Print_Roughness.png,copied
tex,C:\Users\Jacob\Desktop\Quantum Characters\casual_textures_p3\TShirt_Tucked\T_TShirt_Tucked_White_Print_Unity_Normal.png,Textures\Clothing\Tops\TShirt_Tucked\T_TShirt_Tucked_White_Print_Unity_Normal.png,copied
tex,C:\Users\Jacob\Desktop\Quantum Characters\casual_textures_p3\TShirt_Tucked\T_TShirt_Tucked_Bege_BaseColor.png,Textures\Clothing\Tops\TShirt_Tucked\T_TShirt_Tucked_Beige_BaseColor.png,copied
tex,C:\Users\Jacob\Desktop\Quantum Characters\casual_textures_p3\TShirt_Tucked\T_TShirt_Tucked_Black_BaseColor.png,Textures\Clothing\Tops\TShirt_Tucked\T_TShirt_Tucked_Black_BaseColor.png,copied
tex,C:\Users\Jacob\Desktop\Quantum Characters\casual_textures_p3\TShirt_Tucked\T_TShirt_Tucked_Black_Print_BaseColor.png,Textures\Clothing\Tops\TShirt_Tucked\T_TShirt_Tucked_Black_Print_BaseColor.png,copied
tex,C:\Users\Jacob\Desktop\Quantum Characters\casual_textures_p3\TShirt_Tucked\T_TShirt_Tucked_Blue_BaseColor.png,Textures\Clothing\Tops\TShirt_Tucked\T_TShirt_Tucked_Blue_BaseColor.png,copied
tex,C:\Users\Jacob\Desktop\Quantum Characters\casual_textures_p3\TShirt_Tucked\T_TShirt_Tucked_Bordo_BaseColor.png,Textures\Clothing\Tops\TShirt_Tucked\T_TShirt_Tucked_Burgundy_BaseColor.png,copied
tex,C:\Users\Jacob\Desktop\Quantum Characters\casual_textures_p3\TShirt_Tucked\T_TShirt_Tucked_Gray_BaseColor.png,Textures\Clothing\Tops\TShirt_Tucked\T_TShirt_Tucked_Gray_BaseColor.png,copied
tex,C:\Users\Jacob\Desktop\Quantum Characters\casual_textures_p3\TShirt_Tucked\T_TShirt_Tucked_Green_BaseColor.png,Textures\Clothing\Tops\TShirt_Tucked\T_TShirt_Tucked_Green_BaseColor.png,copied
tex,C:\Users\Jacob\Desktop\Quantum Characters\casual_textures_p3\TShirt_Tucked\T_TShirt_Tucked_Green_Print_BaseColor.png,Textures\Clothing\Tops\TShirt_Tucked\T_TShirt_Tucked_Green_Print_BaseColor.png,copied
tex,C:\Users\Jacob\Desktop\Quantum Characters\casual_textures_p3\TShirt_Tucked\T_TShirt_Tucked_Orange_BaseColor.png,Textures\Clothing\Tops\TShirt_Tucked\T_TShirt_Tucked_Orange_BaseColor.png,copied
tex,C:\Users\Jacob\Desktop\Quantum Characters\casual_textures_p3\TShirt_Tucked\T_TShirt_Tucked_White_BaseColor.png,Textures\Clothing\Tops\TShirt_Tucked\T_TShirt_Tucked_White_BaseColor.png,copied
tex,C:\Users\Jacob\Desktop\Quantum Characters\casual_textures_p3\TShirt_Tucked\T_TShirt_Tucked_White_Print_BaseColor.png,Textures\Clothing\Tops\TShirt_Tucked\T_TShirt_Tucked_White_Print_BaseColor.png,copied
tex-ao,C:\Users\Jacob\Desktop\Quantum Characters\casual_textures_p3\Tie\Tie_OcclusionRoughnessMetallic.png,Textures\Clothing\Accessories\Tie\T_Tie_Occlusion.png,extracted R channel
tex,C:\Users\Jacob\Desktop\Quantum Characters\casual_textures_p3\Tie\Tie_Roughness.png,Textures\Clothing\Accessories\Tie\T_Tie_Roughness.png,copied
tex,C:\Users\Jacob\Desktop\Quantum Characters\casual_textures_p3\Tie\Tie_Unity_Normal.png,Textures\Clothing\Accessories\Tie\T_Tie_Unity_Normal.png,copied
tex,C:\Users\Jacob\Desktop\Quantum Characters\casual_textures_p3\Tie\Tie_Black_BaseColor.png,Textures\Clothing\Accessories\Tie\T_Tie_Black_BaseColor.png,copied
tex,C:\Users\Jacob\Desktop\Quantum Characters\casual_textures_p3\Tie\Tie_Blue_BaseColor.png,Textures\Clothing\Accessories\Tie\T_Tie_Blue_BaseColor.png,copied
tex,C:\Users\Jacob\Desktop\Quantum Characters\casual_textures_p3\Tie\Tie_Red_BaseColor.png,Textures\Clothing\Accessories\Tie\T_Tie_Red_BaseColor.png,copied
tex-ao,C:\Users\Jacob\Desktop\Quantum Characters\casual_textures_p3\Vest_Hunter\T_Vest_Hunter_OcclusionRoughnessMetallic.png,Textures\Clothing\Outerwear\Vest_Hunter\T_Vest_Hunter_Occlusion.png,extracted R channel
tex,C:\Users\Jacob\Desktop\Quantum Characters\casual_textures_p3\Vest_Hunter\T_Vest_Hunter_Roughness.png,Textures\Clothing\Outerwear\Vest_Hunter\T_Vest_Hunter_Roughness.png,copied
tex,C:\Users\Jacob\Desktop\Quantum Characters\casual_textures_p3\Vest_Hunter\T_Vest_Hunter_Unity_Normal.png,Textures\Clothing\Outerwear\Vest_Hunter\T_Vest_Hunter_Unity_Normal.png,copied
tex,C:\Users\Jacob\Desktop\Quantum Characters\casual_textures_p3\Vest_Hunter\T_Vest_Hunter_Bege_BaseColor.png,Textures\Clothing\Outerwear\Vest_Hunter\T_Vest_Hunter_Beige_BaseColor.png,copied
tex,C:\Users\Jacob\Desktop\Quantum Characters\casual_textures_p3\Vest_Hunter\T_Vest_Hunter_Black_BaseColor.png,Textures\Clothing\Outerwear\Vest_Hunter\T_Vest_Hunter_Black_BaseColor.png,copied
tex,C:\Users\Jacob\Desktop\Quantum Characters\casual_textures_p3\Vest_Hunter\T_Vest_Hunter_Camo_BaseColor.png,Textures\Clothing\Outerwear\Vest_Hunter\T_Vest_Hunter_Camo_BaseColor.png,copied
tex,C:\Users\Jacob\Desktop\Quantum Characters\casual_textures_p3\Vest_Hunter\T_Vest_Hunter_Green_BaseColor.png,Textures\Clothing\Outerwear\Vest_Hunter\T_Vest_Hunter_Green_BaseColor.png,copied
tex-ao,C:\Users\Jacob\Desktop\Quantum Characters\casual_textures_p3\Vest_Jeans\Jeanse_Vest\M_Jeans_Vest_OcclusionRoughnessMetallic.png,Textures\Clothing\Outerwear\Vest_Jeans\Jeanse_Vest\T_Jeans_Vest_Occlusion.png,extracted R channel
tex,C:\Users\Jacob\Desktop\Quantum Characters\casual_textures_p3\Vest_Jeans\Jeanse_Vest\M_Jeans_Vest_Roughness.png,Textures\Clothing\Outerwear\Vest_Jeans\Jeanse_Vest\T_Jeans_Vest_Roughness.png,copied
tex,C:\Users\Jacob\Desktop\Quantum Characters\casual_textures_p3\Vest_Jeans\Jeanse_Vest\M_Jeans_Vest_Unity_Normal.png,Textures\Clothing\Outerwear\Vest_Jeans\Jeanse_Vest\T_Jeans_Vest_Unity_Normal.png,copied
tex,C:\Users\Jacob\Desktop\Quantum Characters\casual_textures_p3\Vest_Jeans\Jeanse_Vest\M_Jeans_Vest_Bege_BaseColor.png,Textures\Clothing\Outerwear\Vest_Jeans\Jeanse_Vest\T_Jeans_Vest_Beige_BaseColor.png,copied
tex,C:\Users\Jacob\Desktop\Quantum Characters\casual_textures_p3\Vest_Jeans\Jeanse_Vest\M_Jeans_Vest_Black_BaseColor.png,Textures\Clothing\Outerwear\Vest_Jeans\Jeanse_Vest\T_Jeans_Vest_Black_BaseColor.png,copied
tex,C:\Users\Jacob\Desktop\Quantum Characters\casual_textures_p3\Vest_Jeans\Jeanse_Vest\M_Jeans_Vest_Blue_BaseColor.png,Textures\Clothing\Outerwear\Vest_Jeans\Jeanse_Vest\T_Jeans_Vest_Blue_BaseColor.png,copied
tex,C:\Users\Jacob\Desktop\Quantum Characters\casual_textures_p3\Vest_Jeans\Jeanse_Vest\M_Jeans_Vest_Brown_BaseColor.png,Textures\Clothing\Outerwear\Vest_Jeans\Jeanse_Vest\T_Jeans_Vest_Brown_BaseColor.png,copied
tex,C:\Users\Jacob\Desktop\Quantum Characters\casual_textures_p3\Vest_Jeans\Jeanse_Vest\M_Jeans_Vest_Grey_BaseColor.png,Textures\Clothing\Outerwear\Vest_Jeans\Jeanse_Vest\T_Jeans_Vest_Gray_BaseColor.png,copied
tex,C:\Users\Jacob\Desktop\Quantum Characters\casual_textures_p3\Vest_Jeans\Jeanse_Vest\M_Jeans_Vest_Light_Blue_BaseColor.png,Textures\Clothing\Outerwear\Vest_Jeans\Jeanse_Vest\T_Jeans_Vest_Light_Blue_BaseColor.png,copied
tex-ao,C:\Users\Jacob\Desktop\Quantum Characters\casual_textures_p3\Vest_Jeans\Jeans_Vest_Print\M_Jeans_Vest_Print_OcclusionRoughnessMetallic.png,Textures\Clothing\Outerwear\Vest_Jeans\Jeans_Vest_Print\T_Jeans_Vest_Print_Occlusion.png,extracted R channel
tex,C:\Users\Jacob\Desktop\Quantum Characters\casual_textures_p3\Vest_Jeans\Jeans_Vest_Print\M_Jeans_Vest_Print_Roughness.png,Textures\Clothing\Outerwear\Vest_Jeans\Jeans_Vest_Print\T_Jeans_Vest_Print_Roughness.png,copied
tex,C:\Users\Jacob\Desktop\Quantum Characters\casual_textures_p3\Vest_Jeans\Jeans_Vest_Print\M_Jeans_Vest_Print_Unity_Normal.png,Textures\Clothing\Outerwear\Vest_Jeans\Jeans_Vest_Print\T_Jeans_Vest_Print_Unity_Normal.png,copied
tex,C:\Users\Jacob\Desktop\Quantum Characters\casual_textures_p3\Vest_Jeans\Jeans_Vest_Print\M_Jeans_Vest_Print_Blue_BaseColor.png,Textures\Clothing\Outerwear\Vest_Jeans\Jeans_Vest_Print\T_Jeans_Vest_Print_Blue_BaseColor.png,copied
tex-ao,C:\Users\Jacob\Desktop\Quantum Characters\casual_textures_p3\Vests_Puffy\T_M_Puffy_Vest_OcclusionRoughnessMetallic.png,Textures\Clothing\Outerwear\Vests_Puffy\T_M_Puffy_Vest_Occlusion.png,extracted R channel
tex,C:\Users\Jacob\Desktop\Quantum Characters\casual_textures_p3\Vests_Puffy\T_M_Puffy_Vest_Roughness.png,Textures\Clothing\Outerwear\Vests_Puffy\T_M_Puffy_Vest_Roughness.png,copied
tex,C:\Users\Jacob\Desktop\Quantum Characters\casual_textures_p3\Vests_Puffy\T_M_Puffy_Vest_Unity_Normal.png,Textures\Clothing\Outerwear\Vests_Puffy\T_M_Puffy_Vest_Unity_Normal.png,copied
tex,C:\Users\Jacob\Desktop\Quantum Characters\casual_textures_p3\Vests_Puffy\T_M_Puffy_Vest_Bege_BaseColor.png,Textures\Clothing\Outerwear\Vests_Puffy\T_M_Puffy_Vest_Beige_BaseColor.png,copied
tex,C:\Users\Jacob\Desktop\Quantum Characters\casual_textures_p3\Vests_Puffy\T_M_Puffy_Vest_Black_BaseColor.png,Textures\Clothing\Outerwear\Vests_Puffy\T_M_Puffy_Vest_Black_BaseColor.png,copied
tex,C:\Users\Jacob\Desktop\Quantum Characters\casual_textures_p3\Vests_Puffy\T_M_Puffy_Vest_Brown_BaseColor.png,Textures\Clothing\Outerwear\Vests_Puffy\T_M_Puffy_Vest_Brown_BaseColor.png,copied
tex,C:\Users\Jacob\Desktop\Quantum Characters\casual_textures_p3\Vests_Puffy\T_M_Puffy_Vest_Dark_Blue_BaseColor.png,Textures\Clothing\Outerwear\Vests_Puffy\T_M_Puffy_Vest_Dark_Blue_BaseColor.png,copied
tex,C:\Users\Jacob\Desktop\Quantum Characters\casual_textures_p3\Vests_Puffy\T_M_Puffy_Vest_Green_BaseColor.png,Textures\Clothing\Outerwear\Vests_Puffy\T_M_Puffy_Vest_Green_BaseColor.png,copied
tex,C:\Users\Jacob\Desktop\Quantum Characters\casual_textures_p3\Vests_Puffy\T_M_Puffy_Vest_Yellow_BaseColor.png,Textures\Clothing\Outerwear\Vests_Puffy\T_M_Puffy_Vest_Yellow_BaseColor.png,copied
tex-ao,C:\Users\Jacob\Desktop\Quantum Characters\casual_textures_p3\Watches_Military\T_Watches_Military_OcclusionRoughnessMetallic.png,Textures\Clothing\Accessories\Watches_Military\T_Watches_Military_Occlusion.png,extracted R channel
tex,C:\Users\Jacob\Desktop\Quantum Characters\casual_textures_p3\Watches_Military\T_Watches_Military_Roughness.png,Textures\Clothing\Accessories\Watches_Military\T_Watches_Military_Roughness.png,copied
tex,C:\Users\Jacob\Desktop\Quantum Characters\casual_textures_p3\Watches_Military\T_Watches_Military_Unity_Normal.png,Textures\Clothing\Accessories\Watches_Military\T_Watches_Military_Unity_Normal.png,copied
tex,C:\Users\Jacob\Desktop\Quantum Characters\casual_textures_p3\Watches_Military\T_Watches_Military_Bege_BaseColor.png,Textures\Clothing\Accessories\Watches_Military\T_Watches_Military_Beige_BaseColor.png,copied
tex,C:\Users\Jacob\Desktop\Quantum Characters\casual_textures_p3\Watches_Military\T_Watches_Military_Black_BaseColor.png,Textures\Clothing\Accessories\Watches_Military\T_Watches_Military_Black_BaseColor.png,copied
mat,,Materials\Clothing\Bags\Backpack_Casual\M_F_Backpack_Casual_Beige.mat,written
mat,,Materials\Clothing\Bags\Backpack_Casual\M_F_Backpack_Casual_Black.mat,written
mat,,Materials\Clothing\Bags\Backpack_Casual\M_F_Backpack_Casual_Burgundy.mat,written
mat,,Materials\Clothing\Bags\Backpack_Casual\M_F_Backpack_Casual_DarkBlue.mat,written
mat,,Materials\Clothing\Bags\Backpack_Casual\M_F_Backpack_Casual_Green.mat,written
mat,,Materials\Clothing\Bags\Backpack_Casual\M_F_Backpack_Casual_Orange.mat,written
mat,,Materials\Clothing\Bags\Backpack_Sport\M_Backpack_Sport_Black.mat,written
mat,,Materials\Clothing\Bags\Backpack_Sport\M_Backpack_Sport_Blue.mat,written
mat,,Materials\Clothing\Bags\Backpack_Sport\M_Backpack_Sport_Gray.mat,written
mat,,Materials\Clothing\Bags\Backpack_Sport\M_Backpack_Sport_Green.mat,written
mat,,Materials\Clothing\Bags\Backpack_Sport\M_Backpack_Sport_Red.mat,written
mat,,Materials\Clothing\Bags\Backpack_Sport\M_Backpack_Sport_Yellow.mat,written
mat,,Materials\Clothing\Bags\Bag_Banana\M_Bag_Banana_Beige.mat,written
mat,,Materials\Clothing\Bags\Bag_Banana\M_Bag_Banana_Black.mat,written
mat,,Materials\Clothing\Bags\Bag_Banana\M_Bag_Banana_CamoDark.mat,written
mat,,Materials\Clothing\Bags\Bag_Banana\M_Bag_Banana_Camo.mat,written
mat,,Materials\Clothing\Bags\Bag_Banana\M_Bag_Banana_Green.mat,written
mat,,Materials\Clothing\Bags\Bag_Banana\M_Bag_Banana_Multicam.mat,written
mat,,Materials\Clothing\Bags\Bag_Postal\M_Postal_Bag_Beige.mat,written
mat,,Materials\Clothing\Bags\Bag_Postal\M_Postal_Bag_Olive.mat,written
mat,,Materials\Clothing\Outerwear\Bomber\M_Bomber_Beige.mat,written
mat,,Materials\Clothing\Outerwear\Bomber\M_Bomber_Black.mat,written
mat,,Materials\Clothing\Outerwear\Bomber\M_Bomber_Blue.mat,written
mat,,Materials\Clothing\Outerwear\Bomber\M_Bomber_Burgundy.mat,written
mat,,Materials\Clothing\Outerwear\Bomber\M_Bomber_Brown.mat,written
mat,,Materials\Clothing\Outerwear\Bomber\M_Bomber_Green.mat,written
mat,,Materials\Clothing\Shoes\Boots\M_Boots_Black.mat,written
mat,,Materials\Clothing\Shoes\Boots\M_Boots_Camo.mat,written
mat,,Materials\Clothing\Shoes\Boots_Classic\M_Pants_Classic_Black(Lines).mat,written
mat,,Materials\Clothing\Shoes\Boots_Classic\M_Pants_Classic_Black.mat,written
mat,,Materials\Clothing\Shoes\Boots_Classic\M_Pants_Classic_Blue.mat,written
mat,,Materials\Clothing\Shoes\Boots_Classic\M_Pants_Classic_Burgundy.mat,written
mat,,Materials\Clothing\Shoes\Boots_Classic\M_Pants_Classic_Gray(Cubes).mat,written
mat,,Materials\Clothing\Shoes\Boots_Classic\M_Pants_Classic_Gray.mat,written
mat,,Materials\Clothing\Shoes\Boots_Classic\M_Pants_Classic_Beige.mat,written
mat,,Materials\Clothing\Hats\Cap\M_Cap_Beige.mat,written
mat,,Materials\Clothing\Hats\Cap\M_Cap_Black.mat,written
mat,,Materials\Clothing\Hats\Cap\M_Cap_Blue.mat,written
mat,,Materials\Clothing\Hats\Cap\M_Cap_Burgundy.mat,written
mat,,Materials\Clothing\Hats\Cap\M_Cap_Gray.mat,written
mat,,Materials\Clothing\Hats\Cap\M_Cap_Logo_Beige.mat,written
mat,,Materials\Clothing\Hats\Cap\M_Cap_Logo_Black.mat,written
mat,,Materials\Clothing\Hats\Cap\M_Cap_Logo_Blue.mat,written
mat,,Materials\Clothing\Hats\Cap\M_Cap_Logo_Burgundy.mat,written
mat,,Materials\Clothing\Hats\Cap\M_Cap_Logo_Gray.mat,written
mat,,Materials\Clothing\Hats\Cap\M_Cap_Logo_Red.mat,written
mat,,Materials\Clothing\Hats\Cap\M_Cap_Logo_Rose.mat,written
mat,,Materials\Clothing\Hats\Cap\M_Cap_Logo_WhiteStrip.mat,written
mat,,Materials\Clothing\Hats\Cap\M_Cap_Logo_White.mat,written
mat,,Materials\Clothing\Hats\Cap\M_Cap_Red.mat,written
mat,,Materials\Clothing\Hats\Cap\M_Cap_Rose.mat,written
mat,,Materials\Clothing\Hats\Cap\M_Cap_WhiteStrip.mat,written
mat,,Materials\Clothing\Hats\Cap\M_Cap_White.mat,written
mat,,Materials\Clothing\Outerwear\Coat\Fabric\M_Coat_Fabric_Beige.mat,written
mat,,Materials\Clothing\Outerwear\Coat\Fabric\M_Coat_Fabric_Black.mat,written
mat,,Materials\Clothing\Outerwear\Coat\Leather\M_Coat_Leather_Black.mat,written
mat,,Materials\Clothing\Outerwear\Coat\Leather\M_Coat_Leather_Brown.mat,written
mat,,Materials\Clothing\Accessories\F_Bracelet\M_Bracelet.mat,written
mat,,Materials\Clothing\Outerwear\F_Jacket_Leather\M_F_Leather_Jacket_Black.mat,written
mat,,Materials\Clothing\Outerwear\F_Jacket_Leather\M_F_Leather_Jacket_Brown.mat,written
mat,,Materials\Clothing\Tops\F_Jersey\M_woman_jersey_bege.mat,written
mat,,Materials\Clothing\Tops\F_Jersey\M_woman_jersey_black.mat,written
mat,,Materials\Clothing\Tops\F_Jersey\M_woman_jersey_bordo.mat,written
mat,,Materials\Clothing\Tops\F_Jersey\M_woman_jersey_green.mat,written
mat,,Materials\Clothing\Tops\F_Jersey\M_woman_jersey_grey.mat,written
mat,,Materials\Clothing\Pants\F_Pants_Jeans\M_F_Pants_Jeans_Beige.mat,written
mat,,Materials\Clothing\Pants\F_Pants_Jeans\M_F_Pants_Jeans_Black.mat,written
mat,,Materials\Clothing\Pants\F_Pants_Jeans\M_F_Pants_Jeans_Blue.mat,written
mat,,Materials\Clothing\Pants\F_Pants_Jeans\M_F_Pants_Jeans_Blue_Dark.mat,written
mat,,Materials\Clothing\Pants\F_Pants_Jeans\M_F_Pants_Jeans_Blue_Light.mat,written
mat,,Materials\Clothing\Pants\F_Pants_Jeans\M_F_Pants_Jeans_Camo.mat,written
mat,,Materials\Clothing\Pants\F_Pants_Jeans\M_F_Pants_Jeans_Torn_Blue_Dark.mat,written
mat,,Materials\Clothing\Pants\F_Shorts_Boots\M_F_Shorts_Boots_Beige.mat,written
mat,,Materials\Clothing\Pants\F_Shorts_Boots\M_F_Shorts_Boots_Black.mat,written
mat,,Materials\Clothing\Pants\F_Shorts_Boots\M_F_Shorts_Boots_Green.mat,written
mat,,Materials\Clothing\Pants\F_Shorts_Boots\M_F_Shorts_Boots_Jeans.mat,written
mat,,Materials\Clothing\Tops\F_Tshirt_Tucked\M_F_Tshirt_Tucked_Beige.mat,written
mat,,Materials\Clothing\Tops\F_Tshirt_Tucked\M_F_Tshirt_Tucked_Beige_Print.mat,written
mat,,Materials\Clothing\Tops\F_Tshirt_Tucked\M_F_Tshirt_Tucked_Black.mat,written
mat,,Materials\Clothing\Tops\F_Tshirt_Tucked\M_F_Tshirt_Tucked_Black_Print.mat,written
mat,,Materials\Clothing\Tops\F_Tshirt_Tucked\M_F_Tshirt_Tucked_Blue.mat,written
mat,,Materials\Clothing\Tops\F_Tshirt_Tucked\M_F_Tshirt_Tucked_Burgundy.mat,written
mat,,Materials\Clothing\Tops\F_Tshirt_Tucked\M_F_Tshirt_Tucked_Gray.mat,written
mat,,Materials\Clothing\Tops\F_Tshirt_Tucked\M_F_Tshirt_Tucked_Green.mat,written
mat,,Materials\Clothing\Tops\F_Tshirt_Tucked\M_F_Tshirt_Tucked_Orange_Tucked.mat,written
mat,,Materials\Clothing\Tops\F_Tshirt_Tucked\M_F_Tshirt_Tucked_White.mat,written
mat,,Materials\Clothing\Tops\F_Tshirt_Tucked\M_F_Tshirt_Tucked_White_Print.mat,written
mat,,Materials\Clothing\Outerwear\F_Vests_Puffy\M_F_Puffy_Vest_Beige.mat,written
mat,,Materials\Clothing\Outerwear\F_Vests_Puffy\M_F_Puffy_Vest_Black.mat,written
mat,,Materials\Clothing\Outerwear\F_Vests_Puffy\M_F_Puffy_Vest_Brown.mat,written
mat,,Materials\Clothing\Outerwear\F_Vests_Puffy\M_F_Puffy_Vest_Dark_Blue.mat,written
mat,,Materials\Clothing\Outerwear\F_Vests_Puffy\M_F_Puffy_Vest_Green.mat,written
mat,,Materials\Clothing\Outerwear\F_Vests_Puffy\M_F_Puffy_Vest_Yellow.mat,written
mat,,Materials\Clothing\Hats\Flat_Hat\M_Flat_Hat_Blue.mat,written
mat,,Materials\Clothing\Hats\Flat_Hat\M_Flat_Hat_Brown.mat,written
mat,,Materials\Clothing\Hats\Flat_Hat\M_Flat_Hat_Gray.mat,written
mat,,Materials\Clothing\Shoes\Flip_Flops\M_Shorts_Breeches_bege.mat,written
mat,,Materials\Clothing\Shoes\Flip_Flops\M_Shorts_Breeches_Camo.mat,written
mat,,Materials\Clothing\Shoes\Flip_Flops\M_Shorts_Breeches_Green.mat,written
mat,,Materials\Clothing\Shoes\Flip_Flops\M_Shorts_Breeches_Gray.mat,written
mat,,Materials\Clothing\Glasses\Glasses Aviator\M_Glasses_Aviator_Brown.mat,written
mat,,Materials\Clothing\Glasses\Glasses Aviator\M_Glasses_Aviator_Gold.mat,written
mat,,Materials\Clothing\Glasses\Glasses Aviator\M_Sunglasses_brown.mat,written
mat,,Materials\Clothing\Glasses\Glasses Aviator\M_Sunglasses_Commo.mat,written
mat,,Materials\Clothing\Glasses\Glasses Aviator\Gold\M_Glasses_Aviator_Gold.mat,written
mat,,Materials\Clothing\Glasses\Glasses_Classic\M_Classic_Glasses.mat,written
mat,,Materials\Clothing\Glasses\Glasses_Classic\M_Classic_Glasses_Glass.mat,written
mat,,Materials\Clothing\Glasses\Glasses_Classic\M_Glasses_Classic.mat,written
mat,,Materials\Clothing\Glasses\Glasses_Classic\M_Glasses_Classic_Glass.mat,written
mat,,Materials\Clothing\Hats\Hat_Classic\M_Hat_Classic.mat,written
mat,,Materials\Clothing\Hats\Hat_Classic\Beach\M_Hat_Beach.mat,written
mat,,Materials\Clothing\Hats\Hat_Up\M_Hat_Up.mat,written
mat,,Materials\Clothing\Hats\Hat_Ushanka\M_Hat_Ushanka_Beige.mat,written
mat,,Materials\Clothing\Hats\Hat_Ushanka\M_Hat_Ushanka_Black.mat,written
mat,,Materials\Clothing\Hats\Hat_Ushanka\M_Hat_Ushanka_Green.mat,written
mat,,Materials\Clothing\Hats\Hat_Warm\M_Warm_Hat_Black.mat,written
mat,,Materials\Clothing\Hats\Hat_Warm\M_Warm_Hat_Gray.mat,written
mat,,Materials\Clothing\Hats\Hat_Warm\M_Warm_Hat_Green.mat,written
mat,,Materials\Clothing\Hats\Hat_Warm\M_Warm_Hat_Olive.mat,written
mat,,Materials\Clothing\Hats\Headphones\M_Headphones_Beige.mat,written
mat,,Materials\Clothing\Hats\Headphones\M_Headphones_Black.mat,written
mat,,Materials\Clothing\Hats\Headphones\M_Headphones_Blue.mat,written
mat,,Materials\Clothing\Tops\Hoodie\M_Hoodie_Beige.mat,written
mat,,Materials\Clothing\Tops\Hoodie\M_Hoodie_Black.mat,written
mat,,Materials\Clothing\Tops\Hoodie\M_Hoodie_Blue.mat,written
mat,,Materials\Clothing\Tops\Hoodie\M_Hoodie_Burgundy.mat,written
mat,,Materials\Clothing\Tops\Hoodie\M_Hoodie_Burgundy_Print.mat,written
mat,,Materials\Clothing\Tops\Hoodie\M_Hoodie_Green.mat,written
mat,,Materials\Clothing\Tops\Hoodie\M_Hoodie_Green_Print.mat,written
mat,,Materials\Clothing\Tops\Hoodie\M_Hoodie_Gray.mat,written
mat,,Materials\Clothing\Tops\Hoodie\M_Hoodie_White.mat,written
mat,,Materials\Clothing\Tops\Hoodie\M_Hoodie_Yellow.mat,written
mat,,Materials\Clothing\Tops\Hoodie\M_Hoodie_Yellow_Print.mat,written
mat,,Materials\Clothing\Tops\Hoodie_Hood\M_Hoodie_Hood_Beige.mat,written
mat,,Materials\Clothing\Tops\Hoodie_Hood\M_Hoodie_Hood_Black.mat,written
mat,,Materials\Clothing\Tops\Hoodie_Hood\M_Hoodie_Hood_Blue.mat,written
mat,,Materials\Clothing\Tops\Hoodie_Hood\M_Hoodie_Hood_Burgundy.mat,written
mat,,Materials\Clothing\Tops\Hoodie_Hood\M_Hoodie_Hood_Burgundy_Print.mat,written
mat,,Materials\Clothing\Tops\Hoodie_Hood\M_Hoodie_Hood_Green.mat,written
mat,,Materials\Clothing\Tops\Hoodie_Hood\M_Hoodie_Hood_Green_Print.mat,written
mat,,Materials\Clothing\Tops\Hoodie_Hood\M_Hoodie_Hood_Gray.mat,written
mat,,Materials\Clothing\Tops\Hoodie_Hood\M_Hoodie_Hood_White.mat,written
mat,,Materials\Clothing\Tops\Hoodie_Hood\M_Hoodie_Hood_Yellow.mat,written
mat,,Materials\Clothing\Tops\Hoodie_Hood\M_Hoodie_Hood_Yellow_Print.mat,written
mat,,Materials\Clothing\Tops\Hoodie_Hood_Up\M_Hoodie_Hood_Up_Beige.mat,written
mat,,Materials\Clothing\Tops\Hoodie_Hood_Up\M_Hoodie_Hood_Up_Black.mat,written
mat,,Materials\Clothing\Tops\Hoodie_Hood_Up\M_Hoodie_Hood_Up_Blue.mat,written
mat,,Materials\Clothing\Tops\Hoodie_Hood_Up\M_Hoodie_Hood_Up_Burgundy.mat,written
mat,,Materials\Clothing\Tops\Hoodie_Hood_Up\M_Hoodie_Hood_Up_Burgundy_Print.mat,written
mat,,Materials\Clothing\Tops\Hoodie_Hood_Up\M_Hoodie_Hood_Up_Green.mat,written
mat,,Materials\Clothing\Tops\Hoodie_Hood_Up\M_Hoodie_Hood_Up_Green_Print.mat,written
mat,,Materials\Clothing\Tops\Hoodie_Hood_Up\M_Hoodie_Hood_Up_Gray.mat,written
mat,,Materials\Clothing\Tops\Hoodie_Hood_Up\M_Hoodie_Hood_Up_White.mat,written
mat,,Materials\Clothing\Tops\Hoodie_Hood_Up\M_Hoodie_Hood_Up_Yellow.mat,written
mat,,Materials\Clothing\Tops\Hoodie_Hood_Up\M_Hoodie_Hood_Up_Yellow_Print.mat,written
mat,,Materials\Clothing\Tops\Hoodie_Zipper\M_Hoodie_Zipper_Beige.mat,written
mat,,Materials\Clothing\Tops\Hoodie_Zipper\M_Hoodie_Zipper_Black.mat,written
mat,,Materials\Clothing\Tops\Hoodie_Zipper\M_Hoodie_Zipper_Blue.mat,written
mat,,Materials\Clothing\Tops\Hoodie_Zipper\M_Hoodie_Zipper_Burgundy.mat,written
mat,,Materials\Clothing\Tops\Hoodie_Zipper\M_Hoodie_Zipper_Green.mat,written
mat,,Materials\Clothing\Tops\Hoodie_Zipper\M_Hoodie_Zipper_Gray.mat,written
mat,,Materials\Clothing\Tops\Hoodie_Zipper\M_Hoodie_Zipper_White.mat,written
mat,,Materials\Clothing\Tops\Hoodie_Zipper\M_Hoodie_Zipper_Yellow.mat,written
mat,,Materials\Clothing\Tops\Hoodie_Zipper_Hood\M_Hoodie_Zipper_Hood_Beige.mat,written
mat,,Materials\Clothing\Tops\Hoodie_Zipper_Hood\M_Hoodie_Zipper_Hood_Black.mat,written
mat,,Materials\Clothing\Tops\Hoodie_Zipper_Hood\M_Hoodie_Zipper_Hood_Blue.mat,written
mat,,Materials\Clothing\Tops\Hoodie_Zipper_Hood\M_Hoodie_Zipper_Hood_Burgundy.mat,written
mat,,Materials\Clothing\Tops\Hoodie_Zipper_Hood\M_Hoodie_Zipper_Hood_Green.mat,written
mat,,Materials\Clothing\Tops\Hoodie_Zipper_Hood\M_Hoodie_Zipper_Hood_Gray.mat,written
mat,,Materials\Clothing\Tops\Hoodie_Zipper_Hood\M_Hoodie_Zipper_Hood_White.mat,written
mat,,Materials\Clothing\Tops\Hoodie_Zipper_Hood\M_Hoodie_Zipper_Hood_Yellow.mat,written
mat,,Materials\Clothing\Outerwear\Jacket_Classic\M_Jacket_Classic_Black(Lines).mat,written
mat,,Materials\Clothing\Outerwear\Jacket_Classic\M_Jacket_Classic_Black.mat,written
mat,,Materials\Clothing\Outerwear\Jacket_Classic\M_Jacket_Classic_Blue.mat,written
mat,,Materials\Clothing\Outerwear\Jacket_Classic\M_Jacket_Classic_Burgundy.mat,written
mat,,Materials\Clothing\Outerwear\Jacket_Classic\M_Jacket_Classic_Gray(Cubes).mat,written
mat,,Materials\Clothing\Outerwear\Jacket_Classic\M_Jacket_Classic_Gray.mat,written
mat,,Materials\Clothing\Outerwear\Jacket_Classic\M_Jacket_Classic_Beige.mat,written
mat,,Materials\Clothing\Outerwear\Jacket_Classic\Leather\M_jacket_Classik_Leather.mat,written
mat,,Materials\Clothing\Outerwear\Jacket_Jeans\Jeans_Jacket\M_Jeans_Jacket_Beige.mat,written
mat,,Materials\Clothing\Outerwear\Jacket_Jeans\Jeans_Jacket\M_Jeans_Jacket_Black.mat,written
mat,,Materials\Clothing\Outerwear\Jacket_Jeans\Jeans_Jacket\M_Jeans_Jacket_Blue.mat,written
mat,,Materials\Clothing\Outerwear\Jacket_Jeans\Jeans_Jacket\M_Jeans_Jacket_Brown.mat,written
mat,,Materials\Clothing\Outerwear\Jacket_Jeans\Jeans_Jacket\M_Jeans_Jacket_Gray.mat,written
mat,,Materials\Clothing\Outerwear\Jacket_Jeans\Jeans_Jacket\M_Jeans_Jacket_Light_Blue.mat,written
mat,,Materials\Clothing\Outerwear\Jacket_Jeans\Jeans_Jacket_Fur_Collar\M_Jeans_Jacket_Beige_Fur.mat,written
mat,,Materials\Clothing\Outerwear\Jacket_Jeans\Jeans_Jacket_Fur_Collar\M_Jeans_Jacket_Black_Fur.mat,written
mat,,Materials\Clothing\Outerwear\Jacket_Jeans\Jeans_Jacket_Fur_Collar\M_Jeans_Jacket_Blue_Fur.mat,written
mat,,Materials\Clothing\Outerwear\Jacket_Jeans\Jeans_Jacket_Fur_Collar\M_Jeans_Jacket_Brown_Fur.mat,written
mat,,Materials\Clothing\Outerwear\Jacket_Jeans\Jeans_Jacket_Fur_Collar\M_Jeans_Jacket_Gray_Fur.mat,written
mat,,Materials\Clothing\Outerwear\Jacket_Jeans\Jeans_Jacket_Fur_Collar\M_Jeans_Jacket_Light_Blue_Fur.mat,written
mat,,Materials\Clothing\Outerwear\Jacket_Leather\M_M_Leather_Jacket_Black.mat,written
mat,,Materials\Clothing\Outerwear\Jacket_Leather\M_M_Leather_Jacket_Brown.mat,written
mat,,Materials\Clothing\Outerwear\Jacket_Winter\M_Jacket_Winter_Black.mat,written
mat,,Materials\Clothing\Outerwear\Jacket_Winter\M_Jacket_Winter_Blue.mat,written
mat,,Materials\Clothing\Outerwear\Jacket_Winter\M_Jacket_Winter_Brown.mat,written
mat,,Materials\Clothing\Outerwear\Jacket_Winter\M_Jacket_Winter_Green.mat,written
mat,,Materials\Clothing\Outerwear\Jacket_Winter\M_Jacket_Winter_Survival_Orange.mat,written
mat,,Materials\Clothing\Pants\Jeans\M_Jeans_Beige.mat,written
mat,,Materials\Clothing\Pants\Jeans\M_Jeans_Beje.mat,written
mat,,Materials\Clothing\Pants\Jeans\M_Jeans_Black.mat,written
mat,,Materials\Clothing\Pants\Jeans\M_Jeans_Blue.mat,written
mat,,Materials\Clothing\Pants\Jeans\M_Jeans_Blue_Light.mat,written
mat,,Materials\Clothing\Pants\Jeans\Decal_Jeans\M_Jeans_Turn.mat,written
mat,,Materials\Clothing\Tops\M_Jersey\M_M_Jersey_Beige.mat,written
mat,,Materials\Clothing\Tops\M_Jersey\M_M_Jersey_Black.mat,written
mat,,Materials\Clothing\Tops\M_Jersey\M_M_Jersey_Blue.mat,written
mat,,Materials\Clothing\Tops\M_Jersey\M_M_Jersey_Burgundy.mat,written
mat,,Materials\Clothing\Tops\M_Jersey\M_M_Jersey_Camel.mat,written
mat,,Materials\Clothing\Tops\M_Jersey\M_M_Jersey_Olive.mat,written
mat,,Materials\Clothing\Tops\M_Jersey\M_M_Jersey_Red.mat,written
mat,,Materials\Clothing\Tops\M_Jersey\M_M_Jersey_White.mat,written
mat,,Materials\Clothing\Hats\Panama\M_Panama_Camo.mat,written
mat,,Materials\Clothing\Hats\Panama\M_Panama_Gray.mat,written
mat,,Materials\Clothing\Hats\Panama\M_Panama_Olive.mat,written
mat,,Materials\Clothing\Pants\Pants Classic\M_Pants_Classic_Black(Lines).mat,written
mat,,Materials\Clothing\Pants\Pants Classic\M_Pants_Classic_Black.mat,written
mat,,Materials\Clothing\Pants\Pants Classic\M_Pants_Classic_Blue.mat,written
mat,,Materials\Clothing\Pants\Pants Classic\M_Pants_Classic_Burgundy.mat,written
mat,,Materials\Clothing\Pants\Pants Classic\M_Pants_Classic_Gray(Cubes).mat,written
mat,,Materials\Clothing\Pants\Pants Classic\M_Pants_Classic_Gray.mat,written
mat,,Materials\Clothing\Pants\Pants Classic\M_Pants_Classic_Beige.mat,written
mat,,Materials\Clothing\Pants\Pants_Cargo\M_Pants_Cargo_Beige.mat,written
mat,,Materials\Clothing\Pants\Pants_Cargo\M_Pants_Cargo_Beige_Black.mat,written
mat,,Materials\Clothing\Pants\Pants_Cargo\M_Pants_Cargo_Black.mat,written
mat,,Materials\Clothing\Pants\Pants_Cargo\M_Pants_Cargo_Blue.mat,written
mat,,Materials\Clothing\Pants\Pants_Cargo\M_Pants_Cargo_CamoDark.mat,written
mat,,Materials\Clothing\Pants\Pants_Cargo\M_Pants_Cargo_Camo.mat,written
mat,,Materials\Clothing\Pants\Pants_Cargo\M_Pants_Cargo_Green.mat,written
mat,,Materials\Clothing\Pants\Pants_Cargo\M_Pants_Cargo_Gray.mat,written
mat,,Materials\Clothing\Pants\Pants_Cargo\M_Pants_Cargo_Multicam.mat,written
mat,,Materials\Clothing\Pants\Pants_Cargo\M_Pants_Cargo_PixelCamo.mat,written
mat,,Materials\Clothing\Pants\Pants_Cargo\M_Pants_Cargo_PixelSand.mat,written
mat,,Materials\Clothing\Pants\Pants_Cargo\M_Pants_Cargo_PixelStreet.mat,written
mat,,Materials\Clothing\Pants\Pants_Cargo\M_Pants_Cargo_Street.mat,written
mat,,Materials\Clothing\Pants\Pants_Sport\M_Sport_Pants_Beige.mat,written
mat,,Materials\Clothing\Pants\Pants_Sport\M_Sport_Pants_Beige_Lines.mat,written
mat,,Materials\Clothing\Pants\Pants_Sport\M_Sport_Pants_Black.mat,written
mat,,Materials\Clothing\Pants\Pants_Sport\M_Sport_Pants_Black_Lines.mat,written
mat,,Materials\Clothing\Pants\Pants_Sport\M_Sport_Pants_Blue.mat,written
mat,,Materials\Clothing\Pants\Pants_Sport\M_Sport_Pants_Blue_Lines.mat,written
mat,,Materials\Clothing\Pants\Pants_Sport\M_Sport_Pants_Burgundy.mat,written
mat,,Materials\Clothing\Pants\Pants_Sport\M_Sport_Pants_Burgundy_Lines.mat,written
mat,,Materials\Clothing\Pants\Pants_Sport\M_Sport_Pants_Gray.mat,written
mat,,Materials\Clothing\Pants\Pants_Sport\M_Sport_Pants_Gray_Lines.mat,written
mat,,Materials\Clothing\Pants\Pants_Sport\M_Sport_Pants_Green.mat,written
mat,,Materials\Clothing\Pants\Pants_Sport\M_Sport_Pants_Green_Lines.mat,written
mat,,Materials\Clothing\Pants\Pants_Sport\M_Sport_Pants_White.mat,written
mat,,Materials\Clothing\Pants\Pants_Sport\M_Sport_Pants_White_Lines.mat,written
mat,,Materials\Clothing\Pants\Pants_Sport\M_Sport_Pants_Yellow.mat,written
mat,,Materials\Clothing\Pants\Pants_Sport\M_Sport_Pants_Yellow_Lines.mat,written
mat,,Materials\Clothing\Outerwear\Puffer_Jacket\M_Puffer_Jacket_Beige.mat,written
mat,,Materials\Clothing\Outerwear\Puffer_Jacket\M_Puffer_Jacket_Beige_Clear.mat,written
mat,,Materials\Clothing\Outerwear\Puffer_Jacket\M_Puffer_Jacket_Black_Clear.mat,written
mat,,Materials\Clothing\Outerwear\Puffer_Jacket\M_Puffer_Jacket_Dark_Blue.mat,written
mat,,Materials\Clothing\Outerwear\Puffer_Jacket\M_Puffer_Jacket_Dark_Blue_Clear.mat,written
mat,,Materials\Clothing\Outerwear\Puffer_Jacket\M_Puffer_Jacket_Gray.mat,written
mat,,Materials\Clothing\Outerwear\Puffer_Jacket\M_Puffer_Jacket_Gray_Clear.mat,written
mat,,Materials\Clothing\Outerwear\Puffer_Jacket\M_Puffer_Jacket_Green.mat,written
mat,,Materials\Clothing\Outerwear\Puffer_Jacket\M_Puffer_Jacket_Green_Clear.mat,written
mat,,Materials\Clothing\Outerwear\Puffer_Jacket\M_Puffer_Jacket_Orange.mat,written
mat,,Materials\Clothing\Outerwear\Puffer_Jacket\M_Puffer_Jacket_Orange_Clear.mat,written
mat,,Materials\Clothing\Tops\Shirt_Classic\M_Shirt_Classic_Black.mat,written
mat,,Materials\Clothing\Tops\Shirt_Classic\M_Shirt_Classic_Blue.mat,written
mat,,Materials\Clothing\Tops\Shirt_Classic\M_Shirt_Classic_White.mat,written
mat,,Materials\Clothing\Tops\Shirt_Hawaiian\M_Hawaii_Shirt_Orange_Print.mat,written
mat,,Materials\Clothing\Tops\Shirt_Hawaiian\M_Hawaii_Shirt_Red.mat,written
mat,,Materials\Clothing\Tops\Shirt_Hawaiian\M_Hawaii_Shirt_Red_White_Line.mat,written
mat,,Materials\Clothing\Tops\Shirt_Hawaiian\Shirt_Open_Blue_Green\M_Shirt_Open_Blue.mat,written
mat,,Materials\Clothing\Tops\Shirt_Hawaiian\Shirt_Open_Blue_Green\M_Shirt_Open_Green.mat,written
mat,,Materials\Clothing\Tops\Shirt_Hawaiian\Shirt_Open_RedPlaid\M_Shirt_Open_RedPlaid.mat,written
mat,,Materials\Clothing\Tops\Shirt_RolledUp\M_Shirt_RolledUp.mat,written
mat,,Materials\Clothing\Tops\Shirt_RolledUp\M_Shirt_RolledUp_Beige.mat,written
mat,,Materials\Clothing\Tops\Shirt_RolledUp\M_Shirt_RolledUp_Blue.mat,written
mat,,Materials\Clothing\Tops\Shirt_RolledUp\M_Shirt_RolledUp_Gray.mat,written
mat,,Materials\Clothing\Tops\Shirt_RolledUp\M_Shirt_RolledUp_Red.mat,written
mat,,Materials\Clothing\Tops\Shirt_RolledUp\M_Shirt_RolledUp_White.mat,written
mat,,Materials\Clothing\Tops\Shirt_RolledUp\M_Shirt_RolledUp_White_Green.mat,written
mat,,Materials\Clothing\Pants\Shorts\M_Shorts_Black.mat,written
mat,,Materials\Clothing\Pants\Shorts\M_Shorts_Camo.mat,written
mat,,Materials\Clothing\Pants\Shorts_Breeches\M_Shorts_Breeches_bege.mat,written
mat,,Materials\Clothing\Pants\Shorts_Breeches\M_Shorts_Breeches_Camo.mat,written
mat,,Materials\Clothing\Pants\Shorts_Breeches\M_Shorts_Breeches_Green.mat,written
mat,,Materials\Clothing\Pants\Shorts_Breeches\M_Shorts_Breeches_Gray.mat,written
mat,,Materials\Clothing\Shoes\Sneakers\Sneakers_Fabric\M_F_Sneakers_Beige.mat,written
mat,,Materials\Clothing\Shoes\Sneakers\Sneakers_Fabric\M_F_Sneakers_Blue.mat,written
mat,,Materials\Clothing\Shoes\Sneakers\Sneakers_Fabric\M_F_Sneakers_Red.mat,written
mat,,Materials\Clothing\Shoes\Sneakers\Sneakers_Fabric\M_F_Sneakers_Fabric.mat,written
mat,,Materials\Clothing\Shoes\Sneakers\Sneakers_Leather\M_F_Sneakers_Leather_Black.mat,written
mat,,Materials\Clothing\Shoes\Sneakers\Sneakers_Leather\M_F_Sneakers_Leather_White.mat,written
mat,,Materials\Clothing\Shoes\Sneakers\Sneakers_Leather\New_Black\M_F_Sneakers.mat,written
mat,,Materials\Clothing\Shoes\Sneakers_Sport\M_Sneakers_Sport_Black.mat,written
mat,,Materials\Clothing\Shoes\Sneakers_Sport\M_Sneakers_Sport_Blue.mat,written
mat,,Materials\Clothing\Shoes\Sneakers_Sport\M_Sneakers_Sport_Green.mat,written
mat,,Materials\Clothing\Shoes\Sneakers_Sport\M_Sneakers_Sport_Violet.mat,written
mat,,Materials\Clothing\Shoes\Socks\M_Socks.mat,written
mat,,Materials\Clothing\Shoes\Socks\M_Socks_White.mat,written
mat,,Materials\Clothing\Shoes\Socks\M_Socks_White_Blue.mat,written
mat,,Materials\Clothing\Shoes\Socks\M_Socks_White_Red.mat,written
mat,,Materials\Clothing\Tops\Sweater\M_Sweater_Beige.mat,written
mat,,Materials\Clothing\Tops\Sweater\M_Sweater_Gray.mat,written
mat,,Materials\Clothing\Tops\Sweater\M_Sweater_White.mat,written
mat,,Materials\Clothing\Tops\TShirt\M_TShirt_Beige.mat,written
mat,,Materials\Clothing\Tops\TShirt\M_TShirt_Black.mat,written
mat,,Materials\Clothing\Tops\TShirt\M_TShirt_Black_Print.mat,written
mat,,Materials\Clothing\Tops\TShirt\M_TShirt_Blue.mat,written
mat,,Materials\Clothing\Tops\TShirt\M_TShirt_Burgundy.mat,written
mat,,Materials\Clothing\Tops\TShirt\M_TShirt_Burgundy_Print.mat,written
mat,,Materials\Clothing\Tops\TShirt\M_TShirt_Gray.mat,written
mat,,Materials\Clothing\Tops\TShirt\M_TShirt_Green.mat,written
mat,,Materials\Clothing\Tops\TShirt\M_TShirt_Orange.mat,written
mat,,Materials\Clothing\Tops\TShirt\M_TShirt_White.mat,written
mat,,Materials\Clothing\Tops\TShirt\M_TShirt_White_Print.mat,written
mat,,Materials\Clothing\Tops\TShirt_Tucked\M_TShirt_Tucked_Beige.mat,written
mat,,Materials\Clothing\Tops\TShirt_Tucked\M_TShirt_Tucked_Black.mat,written
mat,,Materials\Clothing\Tops\TShirt_Tucked\M_TShirt_Tucked_Black_Print.mat,written
mat,,Materials\Clothing\Tops\TShirt_Tucked\M_TShirt_Tucked_Blue.mat,written
mat,,Materials\Clothing\Tops\TShirt_Tucked\M_TShirt_Tucked_Burgundy.mat,written
mat,,Materials\Clothing\Tops\TShirt_Tucked\M_TShirt_Tucked_Gray.mat,written
mat,,Materials\Clothing\Tops\TShirt_Tucked\M_TShirt_Tucked_Green.mat,written
mat,,Materials\Clothing\Tops\TShirt_Tucked\M_TShirt_Tucked_Green_Print.mat,written
mat,,Materials\Clothing\Tops\TShirt_Tucked\M_TShirt_Tucked_Orange.mat,written
mat,,Materials\Clothing\Tops\TShirt_Tucked\M_TShirt_Tucked_White.mat,written
mat,,Materials\Clothing\Tops\TShirt_Tucked\M_TShirt_Tucked_White_Print.mat,written
mat,,Materials\Clothing\Accessories\Tie\M_Tie_Black.mat,written
mat,,Materials\Clothing\Accessories\Tie\M_Tie_Blue.mat,written
mat,,Materials\Clothing\Accessories\Tie\M_Tie_Red.mat,written
mat,,Materials\Clothing\Outerwear\Vest_Hunter\M_Vest_Hunter_Beige.mat,written
mat,,Materials\Clothing\Outerwear\Vest_Hunter\M_Vest_Hunter_Black.mat,written
mat,,Materials\Clothing\Outerwear\Vest_Hunter\M_Vest_Hunter_Camo.mat,written
mat,,Materials\Clothing\Outerwear\Vest_Hunter\M_Vest_Hunter_Green.mat,written
mat,,Materials\Clothing\Outerwear\Vest_Jeans\Jeanse_Vest\M_Jeans_Vest_Beige.mat,written
mat,,Materials\Clothing\Outerwear\Vest_Jeans\Jeanse_Vest\M_Jeans_Vest_Black.mat,written
mat,,Materials\Clothing\Outerwear\Vest_Jeans\Jeanse_Vest\M_Jeans_Vest_Blue.mat,written
mat,,Materials\Clothing\Outerwear\Vest_Jeans\Jeanse_Vest\M_Jeans_Vest_Brown.mat,written
mat,,Materials\Clothing\Outerwear\Vest_Jeans\Jeanse_Vest\M_Jeans_Vest_Gray.mat,written
mat,,Materials\Clothing\Outerwear\Vest_Jeans\Jeanse_Vest\M_Jeans_Vest_Light_Blue.mat,written
mat,,Materials\Clothing\Outerwear\Vest_Jeans\Jeans_Vest_Print\M_Jeans_Vest_Print_Blue.mat,written
mat,,Materials\Clothing\Outerwear\Vests_Puffy\M_M_Puffy_Vest_Beige.mat,written
mat,,Materials\Clothing\Outerwear\Vests_Puffy\M_M_Puffy_Vest_Black.mat,written
mat,,Materials\Clothing\Outerwear\Vests_Puffy\M_M_Puffy_Vest_Brown.mat,written
mat,,Materials\Clothing\Outerwear\Vests_Puffy\M_M_Puffy_Vest_Dark_Blue.mat,written
mat,,Materials\Clothing\Outerwear\Vests_Puffy\M_M_Puffy_Vest_Green.mat,written
mat,,Materials\Clothing\Outerwear\Vests_Puffy\M_M_Puffy_Vest_Yellow.mat,written
mat,,Materials\Clothing\Accessories\Watches_Military\M_Watches_Military_Beige.mat,written
mat,,Materials\Clothing\Accessories\Watches_Military\M_Watches_Military_Black.mat,written
