# Basketball net: diamond mesh, 12 loops x 6 rows, 0.44 m long. Origin at the rim centre.
# Generated by tools/gen_sandbox_assets.py
v 0.222190 -0.012000 -0.001767
v 0.226128 -0.014513 -0.003362
v 0.229890 -0.013553 -0.000312
v 0.228276 -0.010447 0.003170
v 0.223517 -0.009487 0.002271
v 0.197217 -0.085333 0.052099
v 0.201156 -0.087847 0.050503
v 0.204917 -0.086887 0.053554
v 0.203303 -0.083780 0.057035
v 0.198545 -0.082820 0.056136
v 0.229810 -0.012000 -0.001767
v 0.228483 -0.014513 0.002271
v 0.223724 -0.013553 0.003170
v 0.222110 -0.010447 -0.000312
v 0.225872 -0.009487 -0.003362
v 0.204838 -0.085333 -0.055632
v 0.203511 -0.087847 -0.051595
v 0.198752 -0.086887 -0.050695
v 0.197138 -0.083780 -0.054177
v 0.200899 -0.082820 -0.057228
v 0.193305 -0.012000 0.109565
v 0.197514 -0.014513 0.110152
v 0.199246 -0.013553 0.114675
v 0.196108 -0.010447 0.116883
v 0.192436 -0.009487 0.113725
v 0.144746 -0.085333 0.143727
v 0.148955 -0.087847 0.144315
v 0.150687 -0.086887 0.148838
v 0.147548 -0.083780 0.151046
v 0.143877 -0.082820 0.147887
v 0.199905 -0.012000 0.113375
v 0.196737 -0.014513 0.116208
v 0.192166 -0.013553 0.114607
v 0.192509 -0.010447 0.110785
v 0.197292 -0.009487 0.110024
v 0.205211 -0.085333 0.054241
v 0.202043 -0.087847 0.057073
v 0.197472 -0.086887 0.055473
v 0.197815 -0.083780 0.051651
v 0.202598 -0.082820 0.050889
v 0.112625 -0.012000 0.191539
v 0.115976 -0.014513 0.194152
v 0.115215 -0.013553 0.198935
v 0.111393 -0.010447 0.199277
v 0.109792 -0.009487 0.194707
v 0.053490 -0.085333 0.196845
v 0.056841 -0.087847 0.199458
v 0.056080 -0.086887 0.204241
v 0.052258 -0.083780 0.204584
v 0.050657 -0.082820 0.200013
v 0.116435 -0.012000 0.198138
v 0.112275 -0.014513 0.199008
v 0.109117 -0.013553 0.195336
v 0.111325 -0.010447 0.192197
v 0.115848 -0.009487 0.193929
v 0.150598 -0.085333 0.149579
v 0.146438 -0.087847 0.150448
v 0.143280 -0.086887 0.146777
v 0.145488 -0.083780 0.143638
v 0.150010 -0.082820 0.145370
v 0.001767 -0.012000 0.222190
v 0.003362 -0.014513 0.226128
v 0.000312 -0.013553 0.229890
v -0.003170 -0.010447 0.228276
v -0.002271 -0.009487 0.223517
v -0.052099 -0.085333 0.197217
v -0.050503 -0.087847 0.201156
v -0.053554 -0.086887 0.204917
v -0.057035 -0.083780 0.203303
v -0.056136 -0.082820 0.198545
v 0.001767 -0.012000 0.229810
v -0.002271 -0.014513 0.228483
v -0.003170 -0.013553 0.223724
v 0.000312 -0.010447 0.222110
v 0.003362 -0.009487 0.225872
v 0.055632 -0.085333 0.204838
v 0.051595 -0.087847 0.203511
v 0.050695 -0.086887 0.198752
v 0.054177 -0.083780 0.197138
v 0.057228 -0.082820 0.200899
v -0.109565 -0.012000 0.193305
v -0.110152 -0.014513 0.197514
v -0.114675 -0.013553 0.199246
v -0.116883 -0.010447 0.196108
v -0.113725 -0.009487 0.192436
v -0.143727 -0.085333 0.144746
v -0.144315 -0.087847 0.148955
v -0.148838 -0.086887 0.150687
v -0.151046 -0.083780 0.147548
v -0.147887 -0.082820 0.143877
v -0.113375 -0.012000 0.199905
v -0.116208 -0.014513 0.196737
v -0.114607 -0.013553 0.192166
v -0.110785 -0.010447 0.192509
v -0.110024 -0.009487 0.197292
v -0.054241 -0.085333 0.205211
v -0.057073 -0.087847 0.202043
v -0.055473 -0.086887 0.197472
v -0.051651 -0.083780 0.197815
v -0.050889 -0.082820 0.202598
v -0.191539 -0.012000 0.112625
v -0.194152 -0.014513 0.115976
v -0.198935 -0.013553 0.115215
v -0.199277 -0.010447 0.111393
v -0.194707 -0.009487 0.109792
v -0.196845 -0.085333 0.053490
v -0.199458 -0.087847 0.056841
v -0.204241 -0.086887 0.056080
v -0.204584 -0.083780 0.052258
v -0.200013 -0.082820 0.050657
v -0.198138 -0.012000 0.116435
v -0.199008 -0.014513 0.112275
v -0.195336 -0.013553 0.109117
v -0.192197 -0.010447 0.111325
v -0.193929 -0.009487 0.115848
v -0.149579 -0.085333 0.150598
v -0.150448 -0.087847 0.146438
v -0.146777 -0.086887 0.143280
v -0.143638 -0.083780 0.145488
v -0.145370 -0.082820 0.150010
v -0.222190 -0.012000 0.001767
v -0.226128 -0.014513 0.003362
v -0.229890 -0.013553 0.000312
v -0.228276 -0.010447 -0.003170
v -0.223517 -0.009487 -0.002271
v -0.197217 -0.085333 -0.052099
v -0.201156 -0.087847 -0.050503
v -0.204917 -0.086887 -0.053554
v -0.203303 -0.083780 -0.057035
v -0.198545 -0.082820 -0.056136
v -0.229810 -0.012000 0.001767
v -0.228483 -0.014513 -0.002271
v -0.223724 -0.013553 -0.003170
v -0.222110 -0.010447 0.000312
v -0.225872 -0.009487 0.003362
v -0.204838 -0.085333 0.055632
v -0.203511 -0.087847 0.051595
v -0.198752 -0.086887 0.050695
v -0.197138 -0.083780 0.054177
v -0.200899 -0.082820 0.057228
v -0.193305 -0.012000 -0.109565
v -0.197514 -0.014513 -0.110152
v -0.199246 -0.013553 -0.114675
v -0.196108 -0.010447 -0.116883
v -0.192436 -0.009487 -0.113725
v -0.144746 -0.085333 -0.143727
v -0.148955 -0.087847 -0.144315
v -0.150687 -0.086887 -0.148838
v -0.147548 -0.083780 -0.151046
v -0.143877 -0.082820 -0.147887
v -0.199905 -0.012000 -0.113375
v -0.196737 -0.014513 -0.116208
v -0.192166 -0.013553 -0.114607
v -0.192509 -0.010447 -0.110785
v -0.197292 -0.009487 -0.110024
v -0.205211 -0.085333 -0.054241
v -0.202043 -0.087847 -0.057073
v -0.197472 -0.086887 -0.055473
v -0.197815 -0.083780 -0.051651
v -0.202598 -0.082820 -0.050889
v -0.112625 -0.012000 -0.191539
v -0.115976 -0.014513 -0.194152
v -0.115215 -0.013553 -0.198935
v -0.111393 -0.010447 -0.199277
v -0.109792 -0.009487 -0.194707
v -0.053490 -0.085333 -0.196845
v -0.056841 -0.087847 -0.199458
v -0.056080 -0.086887 -0.204241
v -0.052258 -0.083780 -0.204584
v -0.050657 -0.082820 -0.200013
v -0.116435 -0.012000 -0.198138
v -0.112275 -0.014513 -0.199008
v -0.109117 -0.013553 -0.195336
v -0.111325 -0.010447 -0.192197
v -0.115848 -0.009487 -0.193929
v -0.150598 -0.085333 -0.149579
v -0.146438 -0.087847 -0.150448
v -0.143280 -0.086887 -0.146777
v -0.145488 -0.083780 -0.143638
v -0.150010 -0.082820 -0.145370
v -0.001767 -0.012000 -0.222190
v -0.003362 -0.014513 -0.226128
v -0.000312 -0.013553 -0.229890
v 0.003170 -0.010447 -0.228276
v 0.002271 -0.009487 -0.223517
v 0.052099 -0.085333 -0.197217
v 0.050503 -0.087847 -0.201156
v 0.053554 -0.086887 -0.204917
v 0.057035 -0.083780 -0.203303
v 0.056136 -0.082820 -0.198545
v -0.001767 -0.012000 -0.229810
v 0.002271 -0.014513 -0.228483
v 0.003170 -0.013553 -0.223724
v -0.000312 -0.010447 -0.222110
v -0.003362 -0.009487 -0.225872
v -0.055632 -0.085333 -0.204838
v -0.051595 -0.087847 -0.203511
v -0.050695 -0.086887 -0.198752
v -0.054177 -0.083780 -0.197138
v -0.057228 -0.082820 -0.200899
v 0.109565 -0.012000 -0.193305
v 0.110152 -0.014513 -0.197514
v 0.114675 -0.013553 -0.199246
v 0.116883 -0.010447 -0.196108
v 0.113725 -0.009487 -0.192436
v 0.143727 -0.085333 -0.144746
v 0.144315 -0.087847 -0.148955
v 0.148838 -0.086887 -0.150687
v 0.151046 -0.083780 -0.147548
v 0.147887 -0.082820 -0.143877
v 0.113375 -0.012000 -0.199905
v 0.116208 -0.014513 -0.196737
v 0.114607 -0.013553 -0.192166
v 0.110785 -0.010447 -0.192509
v 0.110024 -0.009487 -0.197292
v 0.054241 -0.085333 -0.205211
v 0.057073 -0.087847 -0.202043
v 0.055473 -0.086887 -0.197472
v 0.051651 -0.083780 -0.197815
v 0.050889 -0.082820 -0.202598
v 0.191539 -0.012000 -0.112625
v 0.194152 -0.014513 -0.115976
v 0.198935 -0.013553 -0.115215
v 0.199277 -0.010447 -0.111393
v 0.194707 -0.009487 -0.109792
v 0.196845 -0.085333 -0.053490
v 0.199458 -0.087847 -0.056841
v 0.204241 -0.086887 -0.056080
v 0.204584 -0.083780 -0.052258
v 0.200013 -0.082820 -0.050657
v 0.198138 -0.012000 -0.116435
v 0.199008 -0.014513 -0.112275
v 0.195336 -0.013553 -0.109117
v 0.192197 -0.010447 -0.111325
v 0.193929 -0.009487 -0.115848
v 0.149579 -0.085333 -0.150598
v 0.150448 -0.087847 -0.146438
v 0.146777 -0.086887 -0.143280
v 0.143638 -0.083780 -0.145488
v 0.145370 -0.082820 -0.150010
v 0.205190 -0.085333 0.053304
v 0.202743 -0.087712 0.056872
v 0.197925 -0.086803 0.056285
v 0.197395 -0.083863 0.052353
v 0.201886 -0.082955 0.050512
v 0.197932 -0.158667 -0.000561
v 0.195485 -0.161045 0.003007
v 0.190667 -0.160137 0.002419
v 0.190138 -0.157197 -0.001512
v 0.194628 -0.156288 -0.003354
v 0.197703 -0.085333 0.051298
v 0.201962 -0.087712 0.050532
v 0.204929 -0.086803 0.054372
v 0.202505 -0.083863 0.057512
v 0.198039 -0.082955 0.055612
v 0.164485 -0.158667 0.094318
v 0.168744 -0.161045 0.093552
v 0.171711 -0.160137 0.097392
v 0.169287 -0.157197 0.100531
v 0.164821 -0.156288 0.098632
v 0.151048 -0.085333 0.148758
v 0.147144 -0.087712 0.150624
v 0.143266 -0.086803 0.147706
v 0.144773 -0.083863 0.144037
v 0.149582 -0.082955 0.144687
v 0.171695 -0.158667 0.098480
v 0.167791 -0.161045 0.100347
v 0.163913 -0.160137 0.097429
v 0.165420 -0.157197 0.093760
v 0.170229 -0.156288 0.094409
v 0.145567 -0.085333 0.143277
v 0.149638 -0.087712 0.144743
v 0.150288 -0.086803 0.149552
v 0.146619 -0.083863 0.151059
v 0.143701 -0.082955 0.147181
v 0.095289 -0.158667 0.163925
v 0.099360 -0.161045 0.165390
v 0.100010 -0.160137 0.170199
v 0.096341 -0.157197 0.171706
v 0.093423 -0.156288 0.167828
v 0.056432 -0.085333 0.204352
v 0.052118 -0.087712 0.204016
v 0.050219 -0.086803 0.199550
v 0.053358 -0.083863 0.197126
v 0.057198 -0.082955 0.200094
v 0.099452 -0.158667 0.171134
v 0.095138 -0.161045 0.170798
v 0.093239 -0.160137 0.166332
v 0.096378 -0.157197 0.163908
v 0.100218 -0.156288 0.166876
v 0.054426 -0.085333 0.196865
v 0.057219 -0.087712 0.200170
v 0.055377 -0.086803 0.204660
v 0.051446 -0.083863 0.204130
v 0.050858 -0.082955 0.199313
v 0.000561 -0.158667 0.189608
v 0.003354 -0.161045 0.192912
v 0.001512 -0.160137 0.197402
v -0.002419 -0.157197 0.196873
v -0.003007 -0.156288 0.192055
v -0.053304 -0.085333 0.205190
v -0.056872 -0.087712 0.202743
v -0.056285 -0.086803 0.197925
v -0.052353 -0.083863 0.197395
v -0.050512 -0.082955 0.201886
v 0.000561 -0.158667 0.197932
v -0.003007 -0.161045 0.195485
v -0.002419 -0.160137 0.190667
v 0.001512 -0.157197 0.190138
v 0.003354 -0.156288 0.194628
v -0.051298 -0.085333 0.197703
v -0.050532 -0.087712 0.201962
v -0.054372 -0.086803 0.204929
v -0.057512 -0.083863 0.202505
v -0.055612 -0.082955 0.198039
v -0.094318 -0.158667 0.164485
v -0.093552 -0.161045 0.168744
v -0.097392 -0.160137 0.171711
v -0.100531 -0.157197 0.169287
v -0.098632 -0.156288 0.164821
v -0.148758 -0.085333 0.151048
v -0.150624 -0.087712 0.147144
v -0.147706 -0.086803 0.143266
v -0.144037 -0.083863 0.144773
v -0.144687 -0.082955 0.149582
v -0.098480 -0.158667 0.171695
v -0.100347 -0.161045 0.167791
v -0.097429 -0.160137 0.163913
v -0.093760 -0.157197 0.165420
v -0.094409 -0.156288 0.170229
v -0.143277 -0.085333 0.145567
v -0.144743 -0.087712 0.149638
v -0.149552 -0.086803 0.150288
v -0.151059 -0.083863 0.146619
v -0.147181 -0.082955 0.143701
v -0.163925 -0.158667 0.095289
v -0.165390 -0.161045 0.099360
v -0.170199 -0.160137 0.100010
v -0.171706 -0.157197 0.096341
v -0.167828 -0.156288 0.093423
v -0.204352 -0.085333 0.056432
v -0.204016 -0.087712 0.052118
v -0.199550 -0.086803 0.050219
v -0.197126 -0.083863 0.053358
v -0.200094 -0.082955 0.057198
v -0.171134 -0.158667 0.099452
v -0.170798 -0.161045 0.095138
v -0.166332 -0.160137 0.093239
v -0.163908 -0.157197 0.096378
v -0.166876 -0.156288 0.100218
v -0.196865 -0.085333 0.054426
v -0.200170 -0.087712 0.057219
v -0.204660 -0.086803 0.055377
v -0.204130 -0.083863 0.051446
v -0.199313 -0.082955 0.050858
v -0.189608 -0.158667 0.000561
v -0.192912 -0.161045 0.003354
v -0.197402 -0.160137 0.001512
v -0.196873 -0.157197 -0.002419
v -0.192055 -0.156288 -0.003007
v -0.205190 -0.085333 -0.053304
v -0.202743 -0.087712 -0.056872
v -0.197925 -0.086803 -0.056285
v -0.197395 -0.083863 -0.052353
v -0.201886 -0.082955 -0.050512
v -0.197932 -0.158667 0.000561
v -0.195485 -0.161045 -0.003007
v -0.190667 -0.160137 -0.002419
v -0.190138 -0.157197 0.001512
v -0.194628 -0.156288 0.003354
v -0.197703 -0.085333 -0.051298
v -0.201962 -0.087712 -0.050532
v -0.204929 -0.086803 -0.054372
v -0.202505 -0.083863 -0.057512
v -0.198039 -0.082955 -0.055612
v -0.164485 -0.158667 -0.094318
v -0.168744 -0.161045 -0.093552
v -0.171711 -0.160137 -0.097392
v -0.169287 -0.157197 -0.100531
v -0.164821 -0.156288 -0.098632
v -0.151048 -0.085333 -0.148758
v -0.147144 -0.087712 -0.150624
v -0.143266 -0.086803 -0.147706
v -0.144773 -0.083863 -0.144037
v -0.149582 -0.082955 -0.144687
v -0.171695 -0.158667 -0.098480
v -0.167791 -0.161045 -0.100347
v -0.163913 -0.160137 -0.097429
v -0.165420 -0.157197 -0.093760
v -0.170229 -0.156288 -0.094409
v -0.145567 -0.085333 -0.143277
v -0.149638 -0.087712 -0.144743
v -0.150288 -0.086803 -0.149552
v -0.146619 -0.083863 -0.151059
v -0.143701 -0.082955 -0.147181
v -0.095289 -0.158667 -0.163925
v -0.099360 -0.161045 -0.165390
v -0.100010 -0.160137 -0.170199
v -0.096341 -0.157197 -0.171706
v -0.093423 -0.156288 -0.167828
v -0.056432 -0.085333 -0.204352
v -0.052118 -0.087712 -0.204016
v -0.050219 -0.086803 -0.199550
v -0.053358 -0.083863 -0.197126
v -0.057198 -0.082955 -0.200094
v -0.099452 -0.158667 -0.171134
v -0.095138 -0.161045 -0.170798
v -0.093239 -0.160137 -0.166332
v -0.096378 -0.157197 -0.163908
v -0.100218 -0.156288 -0.166876
v -0.054426 -0.085333 -0.196865
v -0.057219 -0.087712 -0.200170
v -0.055377 -0.086803 -0.204660
v -0.051446 -0.083863 -0.204130
v -0.050858 -0.082955 -0.199313
v -0.000561 -0.158667 -0.189608
v -0.003354 -0.161045 -0.192912
v -0.001512 -0.160137 -0.197402
v 0.002419 -0.157197 -0.196873
v 0.003007 -0.156288 -0.192055
v 0.053304 -0.085333 -0.205190
v 0.056872 -0.087712 -0.202743
v 0.056285 -0.086803 -0.197925
v 0.052353 -0.083863 -0.197395
v 0.050512 -0.082955 -0.201886
v -0.000561 -0.158667 -0.197932
v 0.003007 -0.161045 -0.195485
v 0.002419 -0.160137 -0.190667
v -0.001512 -0.157197 -0.190138
v -0.003354 -0.156288 -0.194628
v 0.051298 -0.085333 -0.197703
v 0.050532 -0.087712 -0.201962
v 0.054372 -0.086803 -0.204929
v 0.057512 -0.083863 -0.202505
v 0.055612 -0.082955 -0.198039
v 0.094318 -0.158667 -0.164485
v 0.093552 -0.161045 -0.168744
v 0.097392 -0.160137 -0.171711
v 0.100531 -0.157197 -0.169287
v 0.098632 -0.156288 -0.164821
v 0.148758 -0.085333 -0.151048
v 0.150624 -0.087712 -0.147144
v 0.147706 -0.086803 -0.143266
v 0.144037 -0.083863 -0.144773
v 0.144687 -0.082955 -0.149582
v 0.098480 -0.158667 -0.171695
v 0.100347 -0.161045 -0.167791
v 0.097429 -0.160137 -0.163913
v 0.093760 -0.157197 -0.165420
v 0.094409 -0.156288 -0.170229
v 0.143277 -0.085333 -0.145567
v 0.144743 -0.087712 -0.149638
v 0.149552 -0.086803 -0.150288
v 0.151059 -0.083863 -0.146619
v 0.147181 -0.082955 -0.143701
v 0.163925 -0.158667 -0.095289
v 0.165390 -0.161045 -0.099360
v 0.170199 -0.160137 -0.100010
v 0.171706 -0.157197 -0.096341
v 0.167828 -0.156288 -0.093423
v 0.204352 -0.085333 -0.056432
v 0.204016 -0.087712 -0.052118
v 0.199550 -0.086803 -0.050219
v 0.197126 -0.083863 -0.053358
v 0.200094 -0.082955 -0.057198
v 0.171134 -0.158667 -0.099452
v 0.170798 -0.161045 -0.095138
v 0.166332 -0.160137 -0.093239
v 0.163908 -0.157197 -0.096378
v 0.166876 -0.156288 -0.100218
v 0.196865 -0.085333 -0.054426
v 0.200170 -0.087712 -0.057219
v 0.204660 -0.086803 -0.055377
v 0.204130 -0.083863 -0.051446
v 0.199313 -0.082955 -0.050858
v 0.189608 -0.158667 -0.000561
v 0.192912 -0.161045 -0.003354
v 0.197402 -0.160137 -0.001512
v 0.196873 -0.157197 0.002419
v 0.192055 -0.156288 0.003007
v 0.189891 -0.158667 -0.001612
v 0.193833 -0.160935 -0.003534
v 0.197687 -0.160069 -0.000573
v 0.196128 -0.157265 0.003180
v 0.191310 -0.156398 0.002538
v 0.170479 -0.232000 0.045107
v 0.174420 -0.234268 0.043185
v 0.178275 -0.233402 0.046146
v 0.176715 -0.230598 0.049899
v 0.171897 -0.229732 0.049257
v 0.197648 -0.158667 -0.001612
v 0.196230 -0.160935 0.002538
v 0.191412 -0.160069 0.003180
v 0.189852 -0.157265 -0.000573
v 0.193707 -0.156398 -0.003534
v 0.178235 -0.232000 -0.048330
v 0.176817 -0.234268 -0.044181
v 0.171999 -0.233402 -0.043538
v 0.170440 -0.230598 -0.047291
v 0.174294 -0.229732 -0.050253
v 0.165257 -0.158667 0.093550
v 0.169631 -0.160935 0.093856
v 0.171489 -0.160069 0.098348
v 0.168262 -0.157265 0.100818
v 0.164410 -0.156398 0.097853
v 0.125085 -0.232000 0.124303
v 0.129460 -0.234268 0.124609
v 0.131317 -0.233402 0.129101
v 0.128090 -0.230598 0.131571
v 0.124239 -0.229732 0.128606
v 0.171974 -0.158667 0.097429
v 0.168671 -0.160935 0.100313
v 0.164177 -0.160069 0.098460
v 0.164703 -0.157265 0.094430
v 0.169522 -0.156398 0.093793
v 0.178522 -0.232000 0.047262
v 0.175218 -0.234268 0.050147
v 0.170725 -0.233402 0.048294
v 0.171251 -0.230598 0.044264
v 0.176069 -0.229732 0.043627
v 0.096341 -0.158667 0.163645
v 0.099977 -0.160935 0.166097
v 0.099340 -0.160069 0.170916
v 0.095310 -0.157265 0.171442
v 0.093457 -0.156398 0.166948
v 0.046175 -0.232000 0.170192
v 0.049811 -0.234268 0.172645
v 0.049174 -0.233402 0.177463
v 0.045144 -0.230598 0.177989
v 0.043291 -0.229732 0.173496
v 0.100220 -0.158667 0.170363
v 0.095917 -0.160935 0.171209
v 0.092952 -0.160069 0.167358
v 0.095422 -0.157265 0.164131
v 0.099914 -0.156398 0.165988
v 0.130973 -0.232000 0.130191
v 0.126670 -0.234268 0.131038
v 0.123705 -0.233402 0.127186
v 0.126175 -0.230598 0.123959
v 0.130667 -0.229732 0.125816
v 0.001612 -0.158667 0.189891
v 0.003534 -0.160935 0.193833
v 0.000573 -0.160069 0.197687
v -0.003180 -0.157265 0.196128
v -0.002538 -0.156398 0.191310
v -0.045107 -0.232000 0.170479
v -0.043185 -0.234268 0.174420
v -0.046146 -0.233402 0.178275
v -0.049899 -0.230598 0.176715
v -0.049257 -0.229732 0.171897
v 0.001612 -0.158667 0.197648
v -0.002538 -0.160935 0.196230
v -0.003180 -0.160069 0.191412
v 0.000573 -0.157265 0.189852
v 0.003534 -0.156398 0.193707
v 0.048330 -0.232000 0.178235
v 0.044181 -0.234268 0.176817
v 0.043538 -0.233402 0.171999
v 0.047291 -0.230598 0.170440
v 0.050253 -0.229732 0.174294
v -0.093550 -0.158667 0.165257
v -0.093856 -0.160935 0.169631
v -0.098348 -0.160069 0.171489
v -0.100818 -0.157265 0.168262
v -0.097853 -0.156398 0.164410
v -0.124303 -0.232000 0.125085
v -0.124609 -0.234268 0.129460
v -0.129101 -0.233402 0.131317
v -0.131571 -0.230598 0.128090
v -0.128606 -0.229732 0.124239
v -0.097429 -0.158667 0.171974
v -0.100313 -0.160935 0.168671
v -0.098460 -0.160069 0.164177
v -0.094430 -0.157265 0.164703
v -0.093793 -0.156398 0.169522
v -0.047262 -0.232000 0.178522
v -0.050147 -0.234268 0.175218
v -0.048294 -0.233402 0.170725
v -0.044264 -0.230598 0.171251
v -0.043627 -0.229732 0.176069
v -0.163645 -0.158667 0.096341
v -0.166097 -0.160935 0.099977
v -0.170916 -0.160069 0.099340
v -0.171442 -0.157265 0.095310
v -0.166948 -0.156398 0.093457
v -0.170192 -0.232000 0.046175
v -0.172645 -0.234268 0.049811
v -0.177463 -0.233402 0.049174
v -0.177989 -0.230598 0.045144
v -0.173496 -0.229732 0.043291
v -0.170363 -0.158667 0.100220
v -0.171209 -0.160935 0.095917
v -0.167358 -0.160069 0.092952
v -0.164131 -0.157265 0.095422
v -0.165988 -0.156398 0.099914
v -0.130191 -0.232000 0.130973
v -0.131038 -0.234268 0.126670
v -0.127186 -0.233402 0.123705
v -0.123959 -0.230598 0.126175
v -0.125816 -0.229732 0.130667
v -0.189891 -0.158667 0.001612
v -0.193833 -0.160935 0.003534
v -0.197687 -0.160069 0.000573
v -0.196128 -0.157265 -0.003180
v -0.191310 -0.156398 -0.002538
v -0.170479 -0.232000 -0.045107
v -0.174420 -0.234268 -0.043185
v -0.178275 -0.233402 -0.046146
v -0.176715 -0.230598 -0.049899
v -0.171897 -0.229732 -0.049257
v -0.197648 -0.158667 0.001612
v -0.196230 -0.160935 -0.002538
v -0.191412 -0.160069 -0.003180
v -0.189852 -0.157265 0.000573
v -0.193707 -0.156398 0.003534
v -0.178235 -0.232000 0.048330
v -0.176817 -0.234268 0.044181
v -0.171999 -0.233402 0.043538
v -0.170440 -0.230598 0.047291
v -0.174294 -0.229732 0.050253
v -0.165257 -0.158667 -0.093550
v -0.169631 -0.160935 -0.093856
v -0.171489 -0.160069 -0.098348
v -0.168262 -0.157265 -0.100818
v -0.164410 -0.156398 -0.097853
v -0.125085 -0.232000 -0.124303
v -0.129460 -0.234268 -0.124609
v -0.131317 -0.233402 -0.129101
v -0.128090 -0.230598 -0.131571
v -0.124239 -0.229732 -0.128606
v -0.171974 -0.158667 -0.097429
v -0.168671 -0.160935 -0.100313
v -0.164177 -0.160069 -0.098460
v -0.164703 -0.157265 -0.094430
v -0.169522 -0.156398 -0.093793
v -0.178522 -0.232000 -0.047262
v -0.175218 -0.234268 -0.050147
v -0.170725 -0.233402 -0.048294
v -0.171251 -0.230598 -0.044264
v -0.176069 -0.229732 -0.043627
v -0.096341 -0.158667 -0.163645
v -0.099977 -0.160935 -0.166097
v -0.099340 -0.160069 -0.170916
v -0.095310 -0.157265 -0.171442
v -0.093457 -0.156398 -0.166948
v -0.046175 -0.232000 -0.170192
v -0.049811 -0.234268 -0.172645
v -0.049174 -0.233402 -0.177463
v -0.045144 -0.230598 -0.177989
v -0.043291 -0.229732 -0.173496
v -0.100220 -0.158667 -0.170363
v -0.095917 -0.160935 -0.171209
v -0.092952 -0.160069 -0.167358
v -0.095422 -0.157265 -0.164131
v -0.099914 -0.156398 -0.165988
v -0.130973 -0.232000 -0.130191
v -0.126670 -0.234268 -0.131038
v -0.123705 -0.233402 -0.127186
v -0.126175 -0.230598 -0.123959
v -0.130667 -0.229732 -0.125816
v -0.001612 -0.158667 -0.189891
v -0.003534 -0.160935 -0.193833
v -0.000573 -0.160069 -0.197687
v 0.003180 -0.157265 -0.196128
v 0.002538 -0.156398 -0.191310
v 0.045107 -0.232000 -0.170479
v 0.043185 -0.234268 -0.174420
v 0.046146 -0.233402 -0.178275
v 0.049899 -0.230598 -0.176715
v 0.049257 -0.229732 -0.171897
v -0.001612 -0.158667 -0.197648
v 0.002538 -0.160935 -0.196230
v 0.003180 -0.160069 -0.191412
v -0.000573 -0.157265 -0.189852
v -0.003534 -0.156398 -0.193707
v -0.048330 -0.232000 -0.178235
v -0.044181 -0.234268 -0.176817
v -0.043538 -0.233402 -0.171999
v -0.047291 -0.230598 -0.170440
v -0.050253 -0.229732 -0.174294
v 0.093550 -0.158667 -0.165257
v 0.093856 -0.160935 -0.169631
v 0.098348 -0.160069 -0.171489
v 0.100818 -0.157265 -0.168262
v 0.097853 -0.156398 -0.164410
v 0.124303 -0.232000 -0.125085
v 0.124609 -0.234268 -0.129460
v 0.129101 -0.233402 -0.131317
v 0.131571 -0.230598 -0.128090
v 0.128606 -0.229732 -0.124239
v 0.097429 -0.158667 -0.171974
v 0.100313 -0.160935 -0.168671
v 0.098460 -0.160069 -0.164177
v 0.094430 -0.157265 -0.164703
v 0.093793 -0.156398 -0.169522
v 0.047262 -0.232000 -0.178522
v 0.050147 -0.234268 -0.175218
v 0.048294 -0.233402 -0.170725
v 0.044264 -0.230598 -0.171251
v 0.043627 -0.229732 -0.176069
v 0.163645 -0.158667 -0.096341
v 0.166097 -0.160935 -0.099977
v 0.170916 -0.160069 -0.099340
v 0.171442 -0.157265 -0.095310
v 0.166948 -0.156398 -0.093457
v 0.170192 -0.232000 -0.046175
v 0.172645 -0.234268 -0.049811
v 0.177463 -0.233402 -0.049174
v 0.177989 -0.230598 -0.045144
v 0.173496 -0.229732 -0.043291
v 0.170363 -0.158667 -0.100220
v 0.171209 -0.160935 -0.095917
v 0.167358 -0.160069 -0.092952
v 0.164131 -0.157265 -0.095422
v 0.165988 -0.156398 -0.099914
v 0.130191 -0.232000 -0.130973
v 0.131038 -0.234268 -0.126670
v 0.127186 -0.233402 -0.123705
v 0.123959 -0.230598 -0.126175
v 0.125816 -0.229732 -0.130667
v 0.178518 -0.232000 0.046144
v 0.176102 -0.234161 0.049869
v 0.171275 -0.233335 0.049240
v 0.170707 -0.230665 0.045127
v 0.175183 -0.229839 0.043213
v 0.172066 -0.305333 -0.000575
v 0.169651 -0.307494 0.003151
v 0.164823 -0.306669 0.002522
v 0.164255 -0.303998 -0.001592
v 0.168731 -0.303173 -0.003506
v 0.171041 -0.232000 0.044141
v 0.175394 -0.234161 0.043270
v 0.178314 -0.233335 0.047165
v 0.175765 -0.230665 0.050444
v 0.171270 -0.229839 0.048575
v 0.142094 -0.305333 0.081375
v 0.146448 -0.307494 0.080504
v 0.149367 -0.306669 0.084399
v 0.146818 -0.303998 0.087677
v 0.142324 -0.303173 0.085808
v 0.131529 -0.232000 0.129221
v 0.127574 -0.234161 0.131239
v 0.123708 -0.233335 0.128281
v 0.125273 -0.230665 0.124434
v 0.130106 -0.229839 0.125015
v 0.149301 -0.305333 0.085535
v 0.145346 -0.307494 0.087554
v 0.141480 -0.306669 0.084596
v 0.143045 -0.303998 0.080749
v 0.147878 -0.303173 0.081330
v 0.126056 -0.232000 0.123748
v 0.130261 -0.234161 0.125170
v 0.130842 -0.233335 0.130003
v 0.126995 -0.230665 0.131568
v 0.124037 -0.229839 0.127702
v 0.082370 -0.305333 0.141520
v 0.086576 -0.307494 0.142942
v 0.087156 -0.306669 0.147775
v 0.083310 -0.303998 0.149340
v 0.080352 -0.303173 0.145474
v 0.049297 -0.232000 0.177673
v 0.044863 -0.234161 0.177444
v 0.042994 -0.233335 0.172949
v 0.046273 -0.230665 0.170400
v 0.050168 -0.229839 0.173320
v 0.086530 -0.305333 0.148726
v 0.082097 -0.307494 0.148497
v 0.080228 -0.306669 0.144002
v 0.083506 -0.303998 0.141453
v 0.087402 -0.303173 0.144373
v 0.047293 -0.232000 0.170196
v 0.050224 -0.234161 0.173531
v 0.048311 -0.233335 0.178007
v 0.044197 -0.230665 0.177439
v 0.043568 -0.229839 0.172612
v 0.000575 -0.305333 0.163745
v 0.003506 -0.307494 0.167079
v 0.001592 -0.306669 0.171555
v -0.002522 -0.303998 0.170987
v -0.003151 -0.303173 0.166160
v -0.046144 -0.232000 0.178518
v -0.049869 -0.234161 0.176102
v -0.049240 -0.233335 0.171275
v -0.045127 -0.230665 0.170707
v -0.043213 -0.229839 0.175183
v 0.000575 -0.305333 0.172066
v -0.003151 -0.307494 0.169651
v -0.002522 -0.306669 0.164823
v 0.001592 -0.303998 0.164255
v 0.003506 -0.303173 0.168731
v -0.044141 -0.232000 0.171041
v -0.043270 -0.234161 0.175394
v -0.047165 -0.233335 0.178314
v -0.050444 -0.230665 0.175765
v -0.048575 -0.229839 0.171270
v -0.081375 -0.305333 0.142094
v -0.080504 -0.307494 0.146448
v -0.084399 -0.306669 0.149367
v -0.087677 -0.303998 0.146818
v -0.085808 -0.303173 0.142324
v -0.129221 -0.232000 0.131529
v -0.131239 -0.234161 0.127574
v -0.128281 -0.233335 0.123708
v -0.124434 -0.230665 0.125273
v -0.125015 -0.229839 0.130106
v -0.085535 -0.305333 0.149301
v -0.087554 -0.307494 0.145346
v -0.084596 -0.306669 0.141480
v -0.080749 -0.303998 0.143045
v -0.081330 -0.303173 0.147878
v -0.123748 -0.232000 0.126056
v -0.125170 -0.234161 0.130261
v -0.130003 -0.233335 0.130842
v -0.131568 -0.230665 0.126995
v -0.127702 -0.229839 0.124037
v -0.141520 -0.305333 0.082370
v -0.142942 -0.307494 0.086576
v -0.147775 -0.306669 0.087156
v -0.149340 -0.303998 0.083310
v -0.145474 -0.303173 0.080352
v -0.177673 -0.232000 0.049297
v -0.177444 -0.234161 0.044863
v -0.172949 -0.233335 0.042994
v -0.170400 -0.230665 0.046273
v -0.173320 -0.229839 0.050168
v -0.148726 -0.305333 0.086530
v -0.148497 -0.307494 0.082097
v -0.144002 -0.306669 0.080228
v -0.141453 -0.303998 0.083506
v -0.144373 -0.303173 0.087402
v -0.170196 -0.232000 0.047293
v -0.173531 -0.234161 0.050224
v -0.178007 -0.233335 0.048311
v -0.177439 -0.230665 0.044197
v -0.172612 -0.229839 0.043568
v -0.163745 -0.305333 0.000575
v -0.167079 -0.307494 0.003506
v -0.171555 -0.306669 0.001592
v -0.170987 -0.303998 -0.002522
v -0.166160 -0.303173 -0.003151
v -0.178518 -0.232000 -0.046144
v -0.176102 -0.234161 -0.049869
v -0.171275 -0.233335 -0.049240
v -0.170707 -0.230665 -0.045127
v -0.175183 -0.229839 -0.043213
v -0.172066 -0.305333 0.000575
v -0.169651 -0.307494 -0.003151
v -0.164823 -0.306669 -0.002522
v -0.164255 -0.303998 0.001592
v -0.168731 -0.303173 0.003506
v -0.171041 -0.232000 -0.044141
v -0.175394 -0.234161 -0.043270
v -0.178314 -0.233335 -0.047165
v -0.175765 -0.230665 -0.050444
v -0.171270 -0.229839 -0.048575
v -0.142094 -0.305333 -0.081375
v -0.146448 -0.307494 -0.080504
v -0.149367 -0.306669 -0.084399
v -0.146818 -0.303998 -0.087677
v -0.142324 -0.303173 -0.085808
v -0.131529 -0.232000 -0.129221
v -0.127574 -0.234161 -0.131239
v -0.123708 -0.233335 -0.128281
v -0.125273 -0.230665 -0.124434
v -0.130106 -0.229839 -0.125015
v -0.149301 -0.305333 -0.085535
v -0.145346 -0.307494 -0.087554
v -0.141480 -0.306669 -0.084596
v -0.143045 -0.303998 -0.080749
v -0.147878 -0.303173 -0.081330
v -0.126056 -0.232000 -0.123748
v -0.130261 -0.234161 -0.125170
v -0.130842 -0.233335 -0.130003
v -0.126995 -0.230665 -0.131568
v -0.124037 -0.229839 -0.127702
v -0.082370 -0.305333 -0.141520
v -0.086576 -0.307494 -0.142942
v -0.087156 -0.306669 -0.147775
v -0.083310 -0.303998 -0.149340
v -0.080352 -0.303173 -0.145474
v -0.049297 -0.232000 -0.177673
v -0.044863 -0.234161 -0.177444
v -0.042994 -0.233335 -0.172949
v -0.046273 -0.230665 -0.170400
v -0.050168 -0.229839 -0.173320
v -0.086530 -0.305333 -0.148726
v -0.082097 -0.307494 -0.148497
v -0.080228 -0.306669 -0.144002
v -0.083506 -0.303998 -0.141453
v -0.087402 -0.303173 -0.144373
v -0.047293 -0.232000 -0.170196
v -0.050224 -0.234161 -0.173531
v -0.048311 -0.233335 -0.178007
v -0.044197 -0.230665 -0.177439
v -0.043568 -0.229839 -0.172612
v -0.000575 -0.305333 -0.163745
v -0.003506 -0.307494 -0.167079
v -0.001592 -0.306669 -0.171555
v 0.002522 -0.303998 -0.170987
v 0.003151 -0.303173 -0.166160
v 0.046144 -0.232000 -0.178518
v 0.049869 -0.234161 -0.176102
v 0.049240 -0.233335 -0.171275
v 0.045127 -0.230665 -0.170707
v 0.043213 -0.229839 -0.175183
v -0.000575 -0.305333 -0.172066
v 0.003151 -0.307494 -0.169651
v 0.002522 -0.306669 -0.164823
v -0.001592 -0.303998 -0.164255
v -0.003506 -0.303173 -0.168731
v 0.044141 -0.232000 -0.171041
v 0.043270 -0.234161 -0.175394
v 0.047165 -0.233335 -0.178314
v 0.050444 -0.230665 -0.175765
v 0.048575 -0.229839 -0.171270
v 0.081375 -0.305333 -0.142094
v 0.080504 -0.307494 -0.146448
v 0.084399 -0.306669 -0.149367
v 0.087677 -0.303998 -0.146818
v 0.085808 -0.303173 -0.142324
v 0.129221 -0.232000 -0.131529
v 0.131239 -0.234161 -0.127574
v 0.128281 -0.233335 -0.123708
v 0.124434 -0.230665 -0.125273
v 0.125015 -0.229839 -0.130106
v 0.085535 -0.305333 -0.149301
v 0.087554 -0.307494 -0.145346
v 0.084596 -0.306669 -0.141480
v 0.080749 -0.303998 -0.143045
v 0.081330 -0.303173 -0.147878
v 0.123748 -0.232000 -0.126056
v 0.125170 -0.234161 -0.130261
v 0.130003 -0.233335 -0.130842
v 0.131568 -0.230665 -0.126995
v 0.127702 -0.229839 -0.124037
v 0.141520 -0.305333 -0.082370
v 0.142942 -0.307494 -0.086576
v 0.147775 -0.306669 -0.087156
v 0.149340 -0.303998 -0.083310
v 0.145474 -0.303173 -0.080352
v 0.177673 -0.232000 -0.049297
v 0.177444 -0.234161 -0.044863
v 0.172949 -0.233335 -0.042994
v 0.170400 -0.230665 -0.046273
v 0.173320 -0.229839 -0.050168
v 0.148726 -0.305333 -0.086530
v 0.148497 -0.307494 -0.082097
v 0.144002 -0.306669 -0.080228
v 0.141453 -0.303998 -0.083506
v 0.144373 -0.303173 -0.087402
v 0.170196 -0.232000 -0.047293
v 0.173531 -0.234161 -0.050224
v 0.178007 -0.233335 -0.048311
v 0.177439 -0.230665 -0.044197
v 0.172612 -0.229839 -0.043568
v 0.163745 -0.305333 -0.000575
v 0.167079 -0.307494 -0.003506
v 0.171555 -0.306669 -0.001592
v 0.170987 -0.303998 0.002522
v 0.166160 -0.303173 0.003151
v 0.164051 -0.305333 -0.001668
v 0.168075 -0.307386 -0.003660
v 0.171865 -0.306602 -0.000595
v 0.170183 -0.304065 0.003293
v 0.165354 -0.303281 0.002630
v 0.146610 -0.378667 0.038649
v 0.150634 -0.380719 0.036656
v 0.154424 -0.379935 0.039722
v 0.152742 -0.377398 0.043610
v 0.147913 -0.376614 0.042946
v 0.171760 -0.305333 -0.001668
v 0.170457 -0.307386 0.002630
v 0.165628 -0.306602 0.003293
v 0.163946 -0.304065 -0.000595
v 0.167736 -0.303281 -0.003660
v 0.154319 -0.378667 -0.041984
v 0.153016 -0.380719 -0.037687
v 0.148187 -0.379935 -0.037024
v 0.146505 -0.377398 -0.040911
v 0.150295 -0.376614 -0.043977
v 0.142906 -0.305333 0.080581
v 0.147387 -0.307386 0.080867
v 0.149137 -0.306602 0.085417
v 0.145736 -0.304065 0.087943
v 0.141886 -0.303281 0.084954
v 0.107643 -0.378667 0.106776
v 0.112124 -0.380719 0.107062
v 0.113874 -0.379935 0.111612
v 0.110474 -0.377398 0.114138
v 0.106623 -0.376614 0.111149
v 0.149582 -0.305333 0.084436
v 0.146305 -0.307386 0.087506
v 0.141791 -0.306602 0.085665
v 0.142279 -0.304065 0.081458
v 0.147094 -0.303281 0.080698
v 0.154636 -0.378667 0.040800
v 0.151359 -0.380719 0.043870
v 0.146845 -0.379935 0.042030
v 0.147333 -0.377398 0.037822
v 0.152148 -0.376614 0.037062
v 0.083469 -0.305333 0.141238
v 0.087207 -0.307386 0.143727
v 0.086447 -0.306602 0.148542
v 0.082240 -0.304065 0.149029
v 0.080399 -0.303281 0.144515
v 0.039834 -0.378667 0.146292
v 0.043571 -0.380719 0.148781
v 0.042811 -0.379935 0.153596
v 0.038604 -0.377398 0.154083
v 0.036764 -0.376614 0.149569
v 0.087324 -0.305333 0.147915
v 0.082951 -0.307386 0.148935
v 0.079962 -0.306602 0.145084
v 0.082488 -0.304065 0.141684
v 0.087038 -0.303281 0.143433
v 0.113519 -0.378667 0.112652
v 0.109146 -0.380719 0.113672
v 0.106157 -0.379935 0.109821
v 0.108683 -0.377398 0.106421
v 0.113233 -0.376614 0.108171
v 0.001668 -0.305333 0.164051
v 0.003660 -0.307386 0.168075
v 0.000595 -0.306602 0.171865
v -0.003293 -0.304065 0.170183
v -0.002630 -0.303281 0.165354
v -0.038649 -0.378667 0.146610
v -0.036656 -0.380719 0.150634
v -0.039722 -0.379935 0.154424
v -0.043610 -0.377398 0.152742
v -0.042946 -0.376614 0.147913
v 0.001668 -0.305333 0.171760
v -0.002630 -0.307386 0.170457
v -0.003293 -0.306602 0.165628
v 0.000595 -0.304065 0.163946
v 0.003660 -0.303281 0.167736
v 0.041984 -0.378667 0.154319
v 0.037687 -0.380719 0.153016
v 0.037024 -0.379935 0.148187
v 0.040911 -0.377398 0.146505
v 0.043977 -0.376614 0.150295
v -0.080581 -0.305333 0.142906
v -0.080867 -0.307386 0.147387
v -0.085417 -0.306602 0.149137
v -0.087943 -0.304065 0.145736
v -0.084954 -0.303281 0.141886
v -0.106776 -0.378667 0.107643
v -0.107062 -0.380719 0.112124
v -0.111612 -0.379935 0.113874
v -0.114138 -0.377398 0.110474
v -0.111149 -0.376614 0.106623
v -0.084436 -0.305333 0.149582
v -0.087506 -0.307386 0.146305
v -0.085665 -0.306602 0.141791
v -0.081458 -0.304065 0.142279
v -0.080698 -0.303281 0.147094
v -0.040800 -0.378667 0.154636
v -0.043870 -0.380719 0.151359
v -0.042030 -0.379935 0.146845
v -0.037822 -0.377398 0.147333
v -0.037062 -0.376614 0.152148
v -0.141238 -0.305333 0.083469
v -0.143727 -0.307386 0.087207
v -0.148542 -0.306602 0.086447
v -0.149029 -0.304065 0.082240
v -0.144515 -0.303281 0.080399
v -0.146292 -0.378667 0.039834
v -0.148781 -0.380719 0.043571
v -0.153596 -0.379935 0.042811
v -0.154083 -0.377398 0.038604
v -0.149569 -0.376614 0.036764
v -0.147915 -0.305333 0.087324
v -0.148935 -0.307386 0.082951
v -0.145084 -0.306602 0.079962
v -0.141684 -0.304065 0.082488
v -0.143433 -0.303281 0.087038
v -0.112652 -0.378667 0.113519
v -0.113672 -0.380719 0.109146
v -0.109821 -0.379935 0.106157
v -0.106421 -0.377398 0.108683
v -0.108171 -0.376614 0.113233
v -0.164051 -0.305333 0.001668
v -0.168075 -0.307386 0.003660
v -0.171865 -0.306602 0.000595
v -0.170183 -0.304065 -0.003293
v -0.165354 -0.303281 -0.002630
v -0.146610 -0.378667 -0.038649
v -0.150634 -0.380719 -0.036656
v -0.154424 -0.379935 -0.039722
v -0.152742 -0.377398 -0.043610
v -0.147913 -0.376614 -0.042946
v -0.171760 -0.305333 0.001668
v -0.170457 -0.307386 -0.002630
v -0.165628 -0.306602 -0.003293
v -0.163946 -0.304065 0.000595
v -0.167736 -0.303281 0.003660
v -0.154319 -0.378667 0.041984
v -0.153016 -0.380719 0.037687
v -0.148187 -0.379935 0.037024
v -0.146505 -0.377398 0.040911
v -0.150295 -0.376614 0.043977
v -0.142906 -0.305333 -0.080581
v -0.147387 -0.307386 -0.080867
v -0.149137 -0.306602 -0.085417
v -0.145736 -0.304065 -0.087943
v -0.141886 -0.303281 -0.084954
v -0.107643 -0.378667 -0.106776
v -0.112124 -0.380719 -0.107062
v -0.113874 -0.379935 -0.111612
v -0.110474 -0.377398 -0.114138
v -0.106623 -0.376614 -0.111149
v -0.149582 -0.305333 -0.084436
v -0.146305 -0.307386 -0.087506
v -0.141791 -0.306602 -0.085665
v -0.142279 -0.304065 -0.081458
v -0.147094 -0.303281 -0.080698
v -0.154636 -0.378667 -0.040800
v -0.151359 -0.380719 -0.043870
v -0.146845 -0.379935 -0.042030
v -0.147333 -0.377398 -0.037822
v -0.152148 -0.376614 -0.037062
v -0.083469 -0.305333 -0.141238
v -0.087207 -0.307386 -0.143727
v -0.086447 -0.306602 -0.148542
v -0.082240 -0.304065 -0.149029
v -0.080399 -0.303281 -0.144515
v -0.039834 -0.378667 -0.146292
v -0.043571 -0.380719 -0.148781
v -0.042811 -0.379935 -0.153596
v -0.038604 -0.377398 -0.154083
v -0.036764 -0.376614 -0.149569
v -0.087324 -0.305333 -0.147915
v -0.082951 -0.307386 -0.148935
v -0.079962 -0.306602 -0.145084
v -0.082488 -0.304065 -0.141684
v -0.087038 -0.303281 -0.143433
v -0.113519 -0.378667 -0.112652
v -0.109146 -0.380719 -0.113672
v -0.106157 -0.379935 -0.109821
v -0.108683 -0.377398 -0.106421
v -0.113233 -0.376614 -0.108171
v -0.001668 -0.305333 -0.164051
v -0.003660 -0.307386 -0.168075
v -0.000595 -0.306602 -0.171865
v 0.003293 -0.304065 -0.170183
v 0.002630 -0.303281 -0.165354
v 0.038649 -0.378667 -0.146610
v 0.036656 -0.380719 -0.150634
v 0.039722 -0.379935 -0.154424
v 0.043610 -0.377398 -0.152742
v 0.042946 -0.376614 -0.147913
v -0.001668 -0.305333 -0.171760
v 0.002630 -0.307386 -0.170457
v 0.003293 -0.306602 -0.165628
v -0.000595 -0.304065 -0.163946
v -0.003660 -0.303281 -0.167736
v -0.041984 -0.378667 -0.154319
v -0.037687 -0.380719 -0.153016
v -0.037024 -0.379935 -0.148187
v -0.040911 -0.377398 -0.146505
v -0.043977 -0.376614 -0.150295
v 0.080581 -0.305333 -0.142906
v 0.080867 -0.307386 -0.147387
v 0.085417 -0.306602 -0.149137
v 0.087943 -0.304065 -0.145736
v 0.084954 -0.303281 -0.141886
v 0.106776 -0.378667 -0.107643
v 0.107062 -0.380719 -0.112124
v 0.111612 -0.379935 -0.113874
v 0.114138 -0.377398 -0.110474
v 0.111149 -0.376614 -0.106623
v 0.084436 -0.305333 -0.149582
v 0.087506 -0.307386 -0.146305
v 0.085665 -0.306602 -0.141791
v 0.081458 -0.304065 -0.142279
v 0.080698 -0.303281 -0.147094
v 0.040800 -0.378667 -0.154636
v 0.043870 -0.380719 -0.151359
v 0.042030 -0.379935 -0.146845
v 0.037822 -0.377398 -0.147333
v 0.037062 -0.376614 -0.152148
v 0.141238 -0.305333 -0.083469
v 0.143727 -0.307386 -0.087207
v 0.148542 -0.306602 -0.086447
v 0.149029 -0.304065 -0.082240
v 0.144515 -0.303281 -0.080399
v 0.146292 -0.378667 -0.039834
v 0.148781 -0.380719 -0.043571
v 0.153596 -0.379935 -0.042811
v 0.154083 -0.377398 -0.038604
v 0.149569 -0.376614 -0.036764
v 0.147915 -0.305333 -0.087324
v 0.148935 -0.307386 -0.082951
v 0.145084 -0.306602 -0.079962
v 0.141684 -0.304065 -0.082488
v 0.143433 -0.303281 -0.087038
v 0.112652 -0.378667 -0.113519
v 0.113672 -0.380719 -0.109146
v 0.109821 -0.379935 -0.106157
v 0.106421 -0.377398 -0.108683
v 0.108171 -0.376614 -0.113233
v 0.154611 -0.378667 0.039652
v 0.152298 -0.380610 0.043557
v 0.147451 -0.379868 0.042984
v 0.146768 -0.377466 0.038725
v 0.151193 -0.376723 0.036665
v 0.148147 -0.452000 -0.000665
v 0.145834 -0.453943 0.003240
v 0.140986 -0.453201 0.002668
v 0.140304 -0.450799 -0.001592
v 0.144729 -0.450057 -0.003651
v 0.147205 -0.378667 0.037667
v 0.151659 -0.380610 0.036790
v 0.154461 -0.379868 0.040787
v 0.151740 -0.377466 0.044134
v 0.147256 -0.376723 0.042206
v 0.121449 -0.452000 0.069351
v 0.125902 -0.453943 0.068473
v 0.128705 -0.453201 0.072470
v 0.125984 -0.450799 0.075817
v 0.121499 -0.450057 0.073889
v 0.114071 -0.378667 0.111645
v 0.110116 -0.380610 0.113871
v 0.106204 -0.379868 0.110951
v 0.107742 -0.377466 0.106921
v 0.112605 -0.376723 0.107350
v 0.128632 -0.452000 0.073498
v 0.124676 -0.453943 0.075723
v 0.120764 -0.453201 0.072803
v 0.122302 -0.450799 0.068773
v 0.127165 -0.450057 0.069202
v 0.108650 -0.378667 0.106224
v 0.112945 -0.380610 0.107690
v 0.113374 -0.379868 0.112553
v 0.109344 -0.377466 0.114091
v 0.106424 -0.376723 0.110179
v 0.070502 -0.452000 0.120784
v 0.074798 -0.453943 0.122251
v 0.075227 -0.453201 0.127113
v 0.071197 -0.450799 0.128651
v 0.068277 -0.450057 0.124740
v 0.042966 -0.378667 0.153723
v 0.038427 -0.380610 0.153673
v 0.036500 -0.379868 0.149188
v 0.039847 -0.377466 0.146467
v 0.043843 -0.376723 0.149270
v 0.074649 -0.452000 0.127967
v 0.070111 -0.453943 0.127916
v 0.068183 -0.453201 0.123432
v 0.071530 -0.450799 0.120711
v 0.075527 -0.450057 0.123513
v 0.040982 -0.378667 0.146317
v 0.043968 -0.380610 0.149735
v 0.041909 -0.379868 0.154161
v 0.037649 -0.377466 0.153478
v 0.037076 -0.376723 0.148630
v 0.000665 -0.452000 0.139853
v 0.003651 -0.453943 0.143271
v 0.001592 -0.453201 0.147696
v -0.002668 -0.450799 0.147014
v -0.003240 -0.450057 0.142166
v -0.039652 -0.378667 0.154611
v -0.043557 -0.380610 0.152298
v -0.042984 -0.379868 0.147451
v -0.038725 -0.377466 0.146768
v -0.036665 -0.376723 0.151193
v 0.000665 -0.452000 0.148147
v -0.003240 -0.453943 0.145834
v -0.002668 -0.453201 0.140986
v 0.001592 -0.450799 0.140304
v 0.003651 -0.450057 0.144729
v -0.037667 -0.378667 0.147205
v -0.036790 -0.380610 0.151659
v -0.040787 -0.379868 0.154461
v -0.044134 -0.377466 0.151740
v -0.042206 -0.376723 0.147256
v -0.069351 -0.452000 0.121449
v -0.068473 -0.453943 0.125902
v -0.072470 -0.453201 0.128705
v -0.075817 -0.450799 0.125984
v -0.073889 -0.450057 0.121499
v -0.111645 -0.378667 0.114071
v -0.113871 -0.380610 0.110116
v -0.110951 -0.379868 0.106204
v -0.106921 -0.377466 0.107742
v -0.107350 -0.376723 0.112605
v -0.073498 -0.452000 0.128632
v -0.075723 -0.453943 0.124676
v -0.072803 -0.453201 0.120764
v -0.068773 -0.450799 0.122302
v -0.069202 -0.450057 0.127165
v -0.106224 -0.378667 0.108650
v -0.107690 -0.380610 0.112945
v -0.112553 -0.379868 0.113374
v -0.114091 -0.377466 0.109344
v -0.110179 -0.376723 0.106424
v -0.120784 -0.452000 0.070502
v -0.122251 -0.453943 0.074798
v -0.127113 -0.453201 0.075227
v -0.128651 -0.450799 0.071197
v -0.124740 -0.450057 0.068277
v -0.153723 -0.378667 0.042966
v -0.153673 -0.380610 0.038427
v -0.149188 -0.379868 0.036500
v -0.146467 -0.377466 0.039847
v -0.149270 -0.376723 0.043843
v -0.127967 -0.452000 0.074649
v -0.127916 -0.453943 0.070111
v -0.123432 -0.453201 0.068183
v -0.120711 -0.450799 0.071530
v -0.123513 -0.450057 0.075527
v -0.146317 -0.378667 0.040982
v -0.149735 -0.380610 0.043968
v -0.154161 -0.379868 0.041909
v -0.153478 -0.377466 0.037649
v -0.148630 -0.376723 0.037076
v -0.139853 -0.452000 0.000665
v -0.143271 -0.453943 0.003651
v -0.147696 -0.453201 0.001592
v -0.147014 -0.450799 -0.002668
v -0.142166 -0.450057 -0.003240
v -0.154611 -0.378667 -0.039652
v -0.152298 -0.380610 -0.043557
v -0.147451 -0.379868 -0.042984
v -0.146768 -0.377466 -0.038725
v -0.151193 -0.376723 -0.036665
v -0.148147 -0.452000 0.000665
v -0.145834 -0.453943 -0.003240
v -0.140986 -0.453201 -0.002668
v -0.140304 -0.450799 0.001592
v -0.144729 -0.450057 0.003651
v -0.147205 -0.378667 -0.037667
v -0.151659 -0.380610 -0.036790
v -0.154461 -0.379868 -0.040787
v -0.151740 -0.377466 -0.044134
v -0.147256 -0.376723 -0.042206
v -0.121449 -0.452000 -0.069351
v -0.125902 -0.453943 -0.068473
v -0.128705 -0.453201 -0.072470
v -0.125984 -0.450799 -0.075817
v -0.121499 -0.450057 -0.073889
v -0.114071 -0.378667 -0.111645
v -0.110116 -0.380610 -0.113871
v -0.106204 -0.379868 -0.110951
v -0.107742 -0.377466 -0.106921
v -0.112605 -0.376723 -0.107350
v -0.128632 -0.452000 -0.073498
v -0.124676 -0.453943 -0.075723
v -0.120764 -0.453201 -0.072803
v -0.122302 -0.450799 -0.068773
v -0.127165 -0.450057 -0.069202
v -0.108650 -0.378667 -0.106224
v -0.112945 -0.380610 -0.107690
v -0.113374 -0.379868 -0.112553
v -0.109344 -0.377466 -0.114091
v -0.106424 -0.376723 -0.110179
v -0.070502 -0.452000 -0.120784
v -0.074798 -0.453943 -0.122251
v -0.075227 -0.453201 -0.127113
v -0.071197 -0.450799 -0.128651
v -0.068277 -0.450057 -0.124740
v -0.042966 -0.378667 -0.153723
v -0.038427 -0.380610 -0.153673
v -0.036500 -0.379868 -0.149188
v -0.039847 -0.377466 -0.146467
v -0.043843 -0.376723 -0.149270
v -0.074649 -0.452000 -0.127967
v -0.070111 -0.453943 -0.127916
v -0.068183 -0.453201 -0.123432
v -0.071530 -0.450799 -0.120711
v -0.075527 -0.450057 -0.123513
v -0.040982 -0.378667 -0.146317
v -0.043968 -0.380610 -0.149735
v -0.041909 -0.379868 -0.154161
v -0.037649 -0.377466 -0.153478
v -0.037076 -0.376723 -0.148630
v -0.000665 -0.452000 -0.139853
v -0.003651 -0.453943 -0.143271
v -0.001592 -0.453201 -0.147696
v 0.002668 -0.450799 -0.147014
v 0.003240 -0.450057 -0.142166
v 0.039652 -0.378667 -0.154611
v 0.043557 -0.380610 -0.152298
v 0.042984 -0.379868 -0.147451
v 0.038725 -0.377466 -0.146768
v 0.036665 -0.376723 -0.151193
v -0.000665 -0.452000 -0.148147
v 0.003240 -0.453943 -0.145834
v 0.002668 -0.453201 -0.140986
v -0.001592 -0.450799 -0.140304
v -0.003651 -0.450057 -0.144729
v 0.037667 -0.378667 -0.147205
v 0.036790 -0.380610 -0.151659
v 0.040787 -0.379868 -0.154461
v 0.044134 -0.377466 -0.151740
v 0.042206 -0.376723 -0.147256
v 0.069351 -0.452000 -0.121449
v 0.068473 -0.453943 -0.125902
v 0.072470 -0.453201 -0.128705
v 0.075817 -0.450799 -0.125984
v 0.073889 -0.450057 -0.121499
v 0.111645 -0.378667 -0.114071
v 0.113871 -0.380610 -0.110116
v 0.110951 -0.379868 -0.106204
v 0.106921 -0.377466 -0.107742
v 0.107350 -0.376723 -0.112605
v 0.073498 -0.452000 -0.128632
v 0.075723 -0.453943 -0.124676
v 0.072803 -0.453201 -0.120764
v 0.068773 -0.450799 -0.122302
v 0.069202 -0.450057 -0.127165
v 0.106224 -0.378667 -0.108650
v 0.107690 -0.380610 -0.112945
v 0.112553 -0.379868 -0.113374
v 0.114091 -0.377466 -0.109344
v 0.110179 -0.376723 -0.106424
v 0.120784 -0.452000 -0.070502
v 0.122251 -0.453943 -0.074798
v 0.127113 -0.453201 -0.075227
v 0.128651 -0.450799 -0.071197
v 0.124740 -0.450057 -0.068277
v 0.153723 -0.378667 -0.042966
v 0.153673 -0.380610 -0.038427
v 0.149188 -0.379868 -0.036500
v 0.146467 -0.377466 -0.039847
v 0.149270 -0.376723 -0.043843
v 0.127967 -0.452000 -0.074649
v 0.127916 -0.453943 -0.070111
v 0.123432 -0.453201 -0.068183
v 0.120711 -0.450799 -0.071530
v 0.123513 -0.450057 -0.075527
v 0.146317 -0.378667 -0.040982
v 0.149735 -0.380610 -0.043968
v 0.154161 -0.379868 -0.041909
v 0.153478 -0.377466 -0.037649
v 0.148630 -0.376723 -0.037076
v 0.139853 -0.452000 -0.000665
v 0.143271 -0.453943 -0.003651
v 0.147696 -0.453201 -0.001592
v 0.147014 -0.450799 0.002668
v 0.142166 -0.450057 0.003240
v 0.221943 -0.012000 -0.001087
v 0.224746 -0.015994 -0.000336
v 0.229282 -0.014469 0.000879
v 0.229282 -0.009531 0.000879
v 0.224746 -0.008006 -0.000336
v 0.191665 -0.012000 0.111913
v 0.194468 -0.015994 0.112664
v 0.199004 -0.014469 0.113879
v 0.199004 -0.009531 0.113879
v 0.194468 -0.008006 0.112664
v 0.192752 -0.012000 0.110030
v 0.194804 -0.015994 0.112082
v 0.198124 -0.014469 0.115403
v 0.198124 -0.009531 0.115403
v 0.194804 -0.008006 0.112082
v 0.110030 -0.012000 0.192752
v 0.112082 -0.015994 0.194804
v 0.115403 -0.014469 0.198124
v 0.115403 -0.009531 0.198124
v 0.112082 -0.008006 0.194804
v 0.111913 -0.012000 0.191665
v 0.112664 -0.015994 0.194468
v 0.113879 -0.014469 0.199004
v 0.113879 -0.009531 0.199004
v 0.112664 -0.008006 0.194468
v -0.001087 -0.012000 0.221943
v -0.000336 -0.015994 0.224746
v 0.000879 -0.014469 0.229282
v 0.000879 -0.009531 0.229282
v -0.000336 -0.008006 0.224746
v 0.001087 -0.012000 0.221943
v 0.000336 -0.015994 0.224746
v -0.000879 -0.014469 0.229282
v -0.000879 -0.009531 0.229282
v 0.000336 -0.008006 0.224746
v -0.111913 -0.012000 0.191665
v -0.112664 -0.015994 0.194468
v -0.113879 -0.014469 0.199004
v -0.113879 -0.009531 0.199004
v -0.112664 -0.008006 0.194468
v -0.110030 -0.012000 0.192752
v -0.112082 -0.015994 0.194804
v -0.115403 -0.014469 0.198124
v -0.115403 -0.009531 0.198124
v -0.112082 -0.008006 0.194804
v -0.192752 -0.012000 0.110030
v -0.194804 -0.015994 0.112082
v -0.198124 -0.014469 0.115403
v -0.198124 -0.009531 0.115403
v -0.194804 -0.008006 0.112082
v -0.191665 -0.012000 0.111913
v -0.194468 -0.015994 0.112664
v -0.199004 -0.014469 0.113879
v -0.199004 -0.009531 0.113879
v -0.194468 -0.008006 0.112664
v -0.221943 -0.012000 -0.001087
v -0.224746 -0.015994 -0.000336
v -0.229282 -0.014469 0.000879
v -0.229282 -0.009531 0.000879
v -0.224746 -0.008006 -0.000336
v -0.221943 -0.012000 0.001087
v -0.224746 -0.015994 0.000336
v -0.229282 -0.014469 -0.000879
v -0.229282 -0.009531 -0.000879
v -0.224746 -0.008006 0.000336
v -0.191665 -0.012000 -0.111913
v -0.194468 -0.015994 -0.112664
v -0.199004 -0.014469 -0.113879
v -0.199004 -0.009531 -0.113879
v -0.194468 -0.008006 -0.112664
v -0.192752 -0.012000 -0.110030
v -0.194804 -0.015994 -0.112082
v -0.198124 -0.014469 -0.115403
v -0.198124 -0.009531 -0.115403
v -0.194804 -0.008006 -0.112082
v -0.110030 -0.012000 -0.192752
v -0.112082 -0.015994 -0.194804
v -0.115403 -0.014469 -0.198124
v -0.115403 -0.009531 -0.198124
v -0.112082 -0.008006 -0.194804
v -0.111913 -0.012000 -0.191665
v -0.112664 -0.015994 -0.194468
v -0.113879 -0.014469 -0.199004
v -0.113879 -0.009531 -0.199004
v -0.112664 -0.008006 -0.194468
v 0.001087 -0.012000 -0.221943
v 0.000336 -0.015994 -0.224746
v -0.000879 -0.014469 -0.229282
v -0.000879 -0.009531 -0.229282
v 0.000336 -0.008006 -0.224746
v -0.001087 -0.012000 -0.221943
v -0.000336 -0.015994 -0.224746
v 0.000879 -0.014469 -0.229282
v 0.000879 -0.009531 -0.229282
v -0.000336 -0.008006 -0.224746
v 0.111913 -0.012000 -0.191665
v 0.112664 -0.015994 -0.194468
v 0.113879 -0.014469 -0.199004
v 0.113879 -0.009531 -0.199004
v 0.112664 -0.008006 -0.194468
v 0.110030 -0.012000 -0.192752
v 0.112082 -0.015994 -0.194804
v 0.115403 -0.014469 -0.198124
v 0.115403 -0.009531 -0.198124
v 0.112082 -0.008006 -0.194804
v 0.192752 -0.012000 -0.110030
v 0.194804 -0.015994 -0.112082
v 0.198124 -0.014469 -0.115403
v 0.198124 -0.009531 -0.115403
v 0.194804 -0.008006 -0.112082
v 0.191665 -0.012000 -0.111913
v 0.194468 -0.015994 -0.112664
v 0.199004 -0.014469 -0.113879
v 0.199004 -0.009531 -0.113879
v 0.194468 -0.008006 -0.112664
v 0.221943 -0.012000 0.001087
v 0.224746 -0.015994 0.000336
v 0.229282 -0.014469 -0.000879
v 0.229282 -0.009531 -0.000879
v 0.224746 -0.008006 0.000336
vt 0.000000 0.000000
vt 0.200000 0.000000
vt 0.400000 0.000000
vt 0.600000 0.000000
vt 0.800000 0.000000
vt 0.000000 0.000000
vt 0.200000 0.000000
vt 0.400000 0.000000
vt 0.600000 0.000000
vt 0.800000 0.000000
vt 0.000000 0.000000
vt 0.200000 0.000000
vt 0.400000 0.000000
vt 0.600000 0.000000
vt 0.800000 0.000000
vt 0.000000 0.000000
vt 0.200000 0.000000
vt 0.400000 0.000000
vt 0.600000 0.000000
vt 0.800000 0.000000
vt 0.000000 0.000000
vt 0.200000 0.000000
vt 0.400000 0.000000
vt 0.600000 0.000000
vt 0.800000 0.000000
vt 0.000000 0.000000
vt 0.200000 0.000000
vt 0.400000 0.000000
vt 0.600000 0.000000
vt 0.800000 0.000000
vt 0.000000 0.000000
vt 0.200000 0.000000
vt 0.400000 0.000000
vt 0.600000 0.000000
vt 0.800000 0.000000
vt 0.000000 0.000000
vt 0.200000 0.000000
vt 0.400000 0.000000
vt 0.600000 0.000000
vt 0.800000 0.000000
vt 0.000000 0.000000
vt 0.200000 0.000000
vt 0.400000 0.000000
vt 0.600000 0.000000
vt 0.800000 0.000000
vt 0.000000 0.000000
vt 0.200000 0.000000
vt 0.400000 0.000000
vt 0.600000 0.000000
vt 0.800000 0.000000
vt 0.000000 0.000000
vt 0.200000 0.000000
vt 0.400000 0.000000
vt 0.600000 0.000000
vt 0.800000 0.000000
vt 0.000000 0.000000
vt 0.200000 0.000000
vt 0.400000 0.000000
vt 0.600000 0.000000
vt 0.800000 0.000000
vt 0.000000 0.000000
vt 0.200000 0.000000
vt 0.400000 0.000000
vt 0.600000 0.000000
vt 0.800000 0.000000
vt 0.000000 0.000000
vt 0.200000 0.000000
vt 0.400000 0.000000
vt 0.600000 0.000000
vt 0.800000 0.000000
vt 0.000000 0.000000
vt 0.200000 0.000000
vt 0.400000 0.000000
vt 0.600000 0.000000
vt 0.800000 0.000000
vt 0.000000 0.000000
vt 0.200000 0.000000
vt 0.400000 0.000000
vt 0.600000 0.000000
vt 0.800000 0.000000
vt 0.000000 0.000000
vt 0.200000 0.000000
vt 0.400000 0.000000
vt 0.600000 0.000000
vt 0.800000 0.000000
vt 0.000000 0.000000
vt 0.200000 0.000000
vt 0.400000 0.000000
vt 0.600000 0.000000
vt 0.800000 0.000000
vt 0.000000 0.000000
vt 0.200000 0.000000
vt 0.400000 0.000000
vt 0.600000 0.000000
vt 0.800000 0.000000
vt 0.000000 0.000000
vt 0.200000 0.000000
vt 0.400000 0.000000
vt 0.600000 0.000000
vt 0.800000 0.000000
vt 0.000000 0.000000
vt 0.200000 0.000000
vt 0.400000 0.000000
vt 0.600000 0.000000
vt 0.800000 0.000000
vt 0.000000 0.000000
vt 0.200000 0.000000
vt 0.400000 0.000000
vt 0.600000 0.000000
vt 0.800000 0.000000
vt 0.000000 0.000000
vt 0.200000 0.000000
vt 0.400000 0.000000
vt 0.600000 0.000000
vt 0.800000 0.000000
vt 0.000000 0.000000
vt 0.200000 0.000000
vt 0.400000 0.000000
vt 0.600000 0.000000
vt 0.800000 0.000000
vt 0.000000 0.000000
vt 0.200000 0.000000
vt 0.400000 0.000000
vt 0.600000 0.000000
vt 0.800000 0.000000
vt 0.000000 0.000000
vt 0.200000 0.000000
vt 0.400000 0.000000
vt 0.600000 0.000000
vt 0.800000 0.000000
vt 0.000000 0.000000
vt 0.200000 0.000000
vt 0.400000 0.000000
vt 0.600000 0.000000
vt 0.800000 0.000000
vt 0.000000 0.000000
vt 0.200000 0.000000
vt 0.400000 0.000000
vt 0.600000 0.000000
vt 0.800000 0.000000
vt 0.000000 0.000000
vt 0.200000 0.000000
vt 0.400000 0.000000
vt 0.600000 0.000000
vt 0.800000 0.000000
vt 0.000000 0.000000
vt 0.200000 0.000000
vt 0.400000 0.000000
vt 0.600000 0.000000
vt 0.800000 0.000000
vt 0.000000 0.000000
vt 0.200000 0.000000
vt 0.400000 0.000000
vt 0.600000 0.000000
vt 0.800000 0.000000
vt 0.000000 0.000000
vt 0.200000 0.000000
vt 0.400000 0.000000
vt 0.600000 0.000000
vt 0.800000 0.000000
vt 0.000000 0.000000
vt 0.200000 0.000000
vt 0.400000 0.000000
vt 0.600000 0.000000
vt 0.800000 0.000000
vt 0.000000 0.000000
vt 0.200000 0.000000
vt 0.400000 0.000000
vt 0.600000 0.000000
vt 0.800000 0.000000
vt 0.000000 0.000000
vt 0.200000 0.000000
vt 0.400000 0.000000
vt 0.600000 0.000000
vt 0.800000 0.000000
vt 0.000000 0.000000
vt 0.200000 0.000000
vt 0.400000 0.000000
vt 0.600000 0.000000
vt 0.800000 0.000000
vt 0.000000 0.000000
vt 0.200000 0.000000
vt 0.400000 0.000000
vt 0.600000 0.000000
vt 0.800000 0.000000
vt 0.000000 0.000000
vt 0.200000 0.000000
vt 0.400000 0.000000
vt 0.600000 0.000000
vt 0.800000 0.000000
vt 0.000000 0.000000
vt 0.200000 0.000000
vt 0.400000 0.000000
vt 0.600000 0.000000
vt 0.800000 0.000000
vt 0.000000 0.000000
vt 0.200000 0.000000
vt 0.400000 0.000000
vt 0.600000 0.000000
vt 0.800000 0.000000
vt 0.000000 0.000000
vt 0.200000 0.000000
vt 0.400000 0.000000
vt 0.600000 0.000000
vt 0.800000 0.000000
vt 0.000000 0.000000
vt 0.200000 0.000000
vt 0.400000 0.000000
vt 0.600000 0.000000
vt 0.800000 0.000000
vt 0.000000 0.000000
vt 0.200000 0.000000
vt 0.400000 0.000000
vt 0.600000 0.000000
vt 0.800000 0.000000
vt 0.000000 0.000000
vt 0.200000 0.000000
vt 0.400000 0.000000
vt 0.600000 0.000000
vt 0.800000 0.000000
vt 0.000000 0.000000
vt 0.200000 0.000000
vt 0.400000 0.000000
vt 0.600000 0.000000
vt 0.800000 0.000000
vt 0.000000 0.000000
vt 0.200000 0.000000
vt 0.400000 0.000000
vt 0.600000 0.000000
vt 0.800000 0.000000
vt 0.000000 0.000000
vt 0.200000 0.000000
vt 0.400000 0.000000
vt 0.600000 0.000000
vt 0.800000 0.000000
vt 0.000000 0.000000
vt 0.200000 0.000000
vt 0.400000 0.000000
vt 0.600000 0.000000
vt 0.800000 0.000000
vt 0.000000 0.000000
vt 0.200000 0.000000
vt 0.400000 0.000000
vt 0.600000 0.000000
vt 0.800000 0.000000
vt 0.000000 0.000000
vt 0.200000 0.000000
vt 0.400000 0.000000
vt 0.600000 0.000000
vt 0.800000 0.000000
vt 0.000000 0.000000
vt 0.200000 0.000000
vt 0.400000 0.000000
vt 0.600000 0.000000
vt 0.800000 0.000000
vt 0.000000 0.000000
vt 0.200000 0.000000
vt 0.400000 0.000000
vt 0.600000 0.000000
vt 0.800000 0.000000
vt 0.000000 0.000000
vt 0.200000 0.000000
vt 0.400000 0.000000
vt 0.600000 0.000000
vt 0.800000 0.000000
vt 0.000000 0.000000
vt 0.200000 0.000000
vt 0.400000 0.000000
vt 0.600000 0.000000
vt 0.800000 0.000000
vt 0.000000 0.000000
vt 0.200000 0.000000
vt 0.400000 0.000000
vt 0.600000 0.000000
vt 0.800000 0.000000
vt 0.000000 0.000000
vt 0.200000 0.000000
vt 0.400000 0.000000
vt 0.600000 0.000000
vt 0.800000 0.000000
vt 0.000000 0.000000
vt 0.200000 0.000000
vt 0.400000 0.000000
vt 0.600000 0.000000
vt 0.800000 0.000000
vt 0.000000 0.000000
vt 0.200000 0.000000
vt 0.400000 0.000000
vt 0.600000 0.000000
vt 0.800000 0.000000
vt 0.000000 0.000000
vt 0.200000 0.000000
vt 0.400000 0.000000
vt 0.600000 0.000000
vt 0.800000 0.000000
vt 0.000000 0.000000
vt 0.200000 0.000000
vt 0.400000 0.000000
vt 0.600000 0.000000
vt 0.800000 0.000000
vt 0.000000 0.000000
vt 0.200000 0.000000
vt 0.400000 0.000000
vt 0.600000 0.000000
vt 0.800000 0.000000
vt 0.000000 0.000000
vt 0.200000 0.000000
vt 0.400000 0.000000
vt 0.600000 0.000000
vt 0.800000 0.000000
vt 0.000000 0.000000
vt 0.200000 0.000000
vt 0.400000 0.000000
vt 0.600000 0.000000
vt 0.800000 0.000000
vt 0.000000 0.000000
vt 0.200000 0.000000
vt 0.400000 0.000000
vt 0.600000 0.000000
vt 0.800000 0.000000
vt 0.000000 0.000000
vt 0.200000 0.000000
vt 0.400000 0.000000
vt 0.600000 0.000000
vt 0.800000 0.000000
vt 0.000000 0.000000
vt 0.200000 0.000000
vt 0.400000 0.000000
vt 0.600000 0.000000
vt 0.800000 0.000000
vt 0.000000 0.000000
vt 0.200000 0.000000
vt 0.400000 0.000000
vt 0.600000 0.000000
vt 0.800000 0.000000
vt 0.000000 0.000000
vt 0.200000 0.000000
vt 0.400000 0.000000
vt 0.600000 0.000000
vt 0.800000 0.000000
vt 0.000000 0.000000
vt 0.200000 0.000000
vt 0.400000 0.000000
vt 0.600000 0.000000
vt 0.800000 0.000000
vt 0.000000 0.000000
vt 0.200000 0.000000
vt 0.400000 0.000000
vt 0.600000 0.000000
vt 0.800000 0.000000
vt 0.000000 0.000000
vt 0.200000 0.000000
vt 0.400000 0.000000
vt 0.600000 0.000000
vt 0.800000 0.000000
vt 0.000000 0.000000
vt 0.200000 0.000000
vt 0.400000 0.000000
vt 0.600000 0.000000
vt 0.800000 0.000000
vt 0.000000 0.000000
vt 0.200000 0.000000
vt 0.400000 0.000000
vt 0.600000 0.000000
vt 0.800000 0.000000
vt 0.000000 0.000000
vt 0.200000 0.000000
vt 0.400000 0.000000
vt 0.600000 0.000000
vt 0.800000 0.000000
vt 0.000000 0.000000
vt 0.200000 0.000000
vt 0.400000 0.000000
vt 0.600000 0.000000
vt 0.800000 0.000000
vt 0.000000 0.000000
vt 0.200000 0.000000
vt 0.400000 0.000000
vt 0.600000 0.000000
vt 0.800000 0.000000
vt 0.000000 0.000000
vt 0.200000 0.000000
vt 0.400000 0.000000
vt 0.600000 0.000000
vt 0.800000 0.000000
vt 0.000000 0.000000
vt 0.200000 0.000000
vt 0.400000 0.000000
vt 0.600000 0.000000
vt 0.800000 0.000000
vt 0.000000 0.000000
vt 0.200000 0.000000
vt 0.400000 0.000000
vt 0.600000 0.000000
vt 0.800000 0.000000
vt 0.000000 0.000000
vt 0.200000 0.000000
vt 0.400000 0.000000
vt 0.600000 0.000000
vt 0.800000 0.000000
vt 0.000000 0.000000
vt 0.200000 0.000000
vt 0.400000 0.000000
vt 0.600000 0.000000
vt 0.800000 0.000000
vt 0.000000 0.000000
vt 0.200000 0.000000
vt 0.400000 0.000000
vt 0.600000 0.000000
vt 0.800000 0.000000
vt 0.000000 0.000000
vt 0.200000 0.000000
vt 0.400000 0.000000
vt 0.600000 0.000000
vt 0.800000 0.000000
vt 0.000000 0.000000
vt 0.200000 0.000000
vt 0.400000 0.000000
vt 0.600000 0.000000
vt 0.800000 0.000000
vt 0.000000 0.000000
vt 0.200000 0.000000
vt 0.400000 0.000000
vt 0.600000 0.000000
vt 0.800000 0.000000
vt 0.000000 0.000000
vt 0.200000 0.000000
vt 0.400000 0.000000
vt 0.600000 0.000000
vt 0.800000 0.000000
vt 0.000000 0.000000
vt 0.200000 0.000000
vt 0.400000 0.000000
vt 0.600000 0.000000
vt 0.800000 0.000000
vt 0.000000 0.000000
vt 0.200000 0.000000
vt 0.400000 0.000000
vt 0.600000 0.000000
vt 0.800000 0.000000
vt 0.000000 0.000000
vt 0.200000 0.000000
vt 0.400000 0.000000
vt 0.600000 0.000000
vt 0.800000 0.000000
vt 0.000000 0.000000
vt 0.200000 0.000000
vt 0.400000 0.000000
vt 0.600000 0.000000
vt 0.800000 0.000000
vt 0.000000 0.000000
vt 0.200000 0.000000
vt 0.400000 0.000000
vt 0.600000 0.000000
vt 0.800000 0.000000
vt 0.000000 0.000000
vt 0.200000 0.000000
vt 0.400000 0.000000
vt 0.600000 0.000000
vt 0.800000 0.000000
vt 0.000000 0.000000
vt 0.200000 0.000000
vt 0.400000 0.000000
vt 0.600000 0.000000
vt 0.800000 0.000000
vt 0.000000 0.000000
vt 0.200000 0.000000
vt 0.400000 0.000000
vt 0.600000 0.000000
vt 0.800000 0.000000
vt 0.000000 0.000000
vt 0.200000 0.000000
vt 0.400000 0.000000
vt 0.600000 0.000000
vt 0.800000 0.000000
vt 0.000000 0.000000
vt 0.200000 0.000000
vt 0.400000 0.000000
vt 0.600000 0.000000
vt 0.800000 0.000000
vt 0.000000 0.000000
vt 0.200000 0.000000
vt 0.400000 0.000000
vt 0.600000 0.000000
vt 0.800000 0.000000
vt 0.000000 0.000000
vt 0.200000 0.000000
vt 0.400000 0.000000
vt 0.600000 0.000000
vt 0.800000 0.000000
vt 0.000000 0.000000
vt 0.200000 0.000000
vt 0.400000 0.000000
vt 0.600000 0.000000
vt 0.800000 0.000000
vt 0.000000 0.000000
vt 0.200000 0.000000
vt 0.400000 0.000000
vt 0.600000 0.000000
vt 0.800000 0.000000
vt 0.000000 0.000000
vt 0.200000 0.000000
vt 0.400000 0.000000
vt 0.600000 0.000000
vt 0.800000 0.000000
vt 0.000000 0.000000
vt 0.200000 0.000000
vt 0.400000 0.000000
vt 0.600000 0.000000
vt 0.800000 0.000000
vt 0.000000 0.000000
vt 0.200000 0.000000
vt 0.400000 0.000000
vt 0.600000 0.000000
vt 0.800000 0.000000
vt 0.000000 0.000000
vt 0.200000 0.000000
vt 0.400000 0.000000
vt 0.600000 0.000000
vt 0.800000 0.000000
vt 0.000000 0.000000
vt 0.200000 0.000000
vt 0.400000 0.000000
vt 0.600000 0.000000
vt 0.800000 0.000000
vt 0.000000 0.000000
vt 0.200000 0.000000
vt 0.400000 0.000000
vt 0.600000 0.000000
vt 0.800000 0.000000
vt 0.000000 0.000000
vt 0.200000 0.000000
vt 0.400000 0.000000
vt 0.600000 0.000000
vt 0.800000 0.000000
vt 0.000000 0.000000
vt 0.200000 0.000000
vt 0.400000 0.000000
vt 0.600000 0.000000
vt 0.800000 0.000000
vt 0.000000 0.000000
vt 0.200000 0.000000
vt 0.400000 0.000000
vt 0.600000 0.000000
vt 0.800000 0.000000
vt 0.000000 0.000000
vt 0.200000 0.000000
vt 0.400000 0.000000
vt 0.600000 0.000000
vt 0.800000 0.000000
vt 0.000000 0.000000
vt 0.200000 0.000000
vt 0.400000 0.000000
vt 0.600000 0.000000
vt 0.800000 0.000000
vt 0.000000 0.000000
vt 0.200000 0.000000
vt 0.400000 0.000000
vt 0.600000 0.000000
vt 0.800000 0.000000
vt 0.000000 0.000000
vt 0.200000 0.000000
vt 0.400000 0.000000
vt 0.600000 0.000000
vt 0.800000 0.000000
vt 0.000000 0.000000
vt 0.200000 0.000000
vt 0.400000 0.000000
vt 0.600000 0.000000
vt 0.800000 0.000000
vt 0.000000 0.000000
vt 0.200000 0.000000
vt 0.400000 0.000000
vt 0.600000 0.000000
vt 0.800000 0.000000
vt 0.000000 0.000000
vt 0.200000 0.000000
vt 0.400000 0.000000
vt 0.600000 0.000000
vt 0.800000 0.000000
vt 0.000000 0.000000
vt 0.200000 0.000000
vt 0.400000 0.000000
vt 0.600000 0.000000
vt 0.800000 0.000000
vt 0.000000 0.000000
vt 0.200000 0.000000
vt 0.400000 0.000000
vt 0.600000 0.000000
vt 0.800000 0.000000
vt 0.000000 0.000000
vt 0.200000 0.000000
vt 0.400000 0.000000
vt 0.600000 0.000000
vt 0.800000 0.000000
vt 0.000000 0.000000
vt 0.200000 0.000000
vt 0.400000 0.000000
vt 0.600000 0.000000
vt 0.800000 0.000000
vt 0.000000 0.000000
vt 0.200000 0.000000
vt 0.400000 0.000000
vt 0.600000 0.000000
vt 0.800000 0.000000
vt 0.000000 0.000000
vt 0.200000 0.000000
vt 0.400000 0.000000
vt 0.600000 0.000000
vt 0.800000 0.000000
vt 0.000000 0.000000
vt 0.200000 0.000000
vt 0.400000 0.000000
vt 0.600000 0.000000
vt 0.800000 0.000000
vt 0.000000 0.000000
vt 0.200000 0.000000
vt 0.400000 0.000000
vt 0.600000 0.000000
vt 0.800000 0.000000
vt 0.000000 0.000000
vt 0.200000 0.000000
vt 0.400000 0.000000
vt 0.600000 0.000000
vt 0.800000 0.000000
vt 0.000000 0.000000
vt 0.200000 0.000000
vt 0.400000 0.000000
vt 0.600000 0.000000
vt 0.800000 0.000000
vt 0.000000 0.000000
vt 0.200000 0.000000
vt 0.400000 0.000000
vt 0.600000 0.000000
vt 0.800000 0.000000
vt 0.000000 0.000000
vt 0.200000 0.000000
vt 0.400000 0.000000
vt 0.600000 0.000000
vt 0.800000 0.000000
vt 0.000000 0.000000
vt 0.200000 0.000000
vt 0.400000 0.000000
vt 0.600000 0.000000
vt 0.800000 0.000000
vt 0.000000 0.000000
vt 0.200000 0.000000
vt 0.400000 0.000000
vt 0.600000 0.000000
vt 0.800000 0.000000
vt 0.000000 0.000000
vt 0.200000 0.000000
vt 0.400000 0.000000
vt 0.600000 0.000000
vt 0.800000 0.000000
vt 0.000000 0.000000
vt 0.200000 0.000000
vt 0.400000 0.000000
vt 0.600000 0.000000
vt 0.800000 0.000000
vt 0.000000 0.000000
vt 0.200000 0.000000
vt 0.400000 0.000000
vt 0.600000 0.000000
vt 0.800000 0.000000
vt 0.000000 0.000000
vt 0.200000 0.000000
vt 0.400000 0.000000
vt 0.600000 0.000000
vt 0.800000 0.000000
vt 0.000000 0.000000
vt 0.200000 0.000000
vt 0.400000 0.000000
vt 0.600000 0.000000
vt 0.800000 0.000000
vt 0.000000 0.000000
vt 0.200000 0.000000
vt 0.400000 0.000000
vt 0.600000 0.000000
vt 0.800000 0.000000
vt 0.000000 0.000000
vt 0.200000 0.000000
vt 0.400000 0.000000
vt 0.600000 0.000000
vt 0.800000 0.000000
vt 0.000000 0.000000
vt 0.200000 0.000000
vt 0.400000 0.000000
vt 0.600000 0.000000
vt 0.800000 0.000000
vt 0.000000 0.000000
vt 0.200000 0.000000
vt 0.400000 0.000000
vt 0.600000 0.000000
vt 0.800000 0.000000
vt 0.000000 0.000000
vt 0.200000 0.000000
vt 0.400000 0.000000
vt 0.600000 0.000000
vt 0.800000 0.000000
vt 0.000000 0.000000
vt 0.200000 0.000000
vt 0.400000 0.000000
vt 0.600000 0.000000
vt 0.800000 0.000000
vt 0.000000 0.000000
vt 0.200000 0.000000
vt 0.400000 0.000000
vt 0.600000 0.000000
vt 0.800000 0.000000
vt 0.000000 0.000000
vt 0.200000 0.000000
vt 0.400000 0.000000
vt 0.600000 0.000000
vt 0.800000 0.000000
vt 0.000000 0.000000
vt 0.200000 0.000000
vt 0.400000 0.000000
vt 0.600000 0.000000
vt 0.800000 0.000000
vt 0.000000 0.000000
vt 0.200000 0.000000
vt 0.400000 0.000000
vt 0.600000 0.000000
vt 0.800000 0.000000
vt 0.000000 0.000000
vt 0.200000 0.000000
vt 0.400000 0.000000
vt 0.600000 0.000000
vt 0.800000 0.000000
vt 0.000000 0.000000
vt 0.200000 0.000000
vt 0.400000 0.000000
vt 0.600000 0.000000
vt 0.800000 0.000000
vt 0.000000 0.000000
vt 0.200000 0.000000
vt 0.400000 0.000000
vt 0.600000 0.000000
vt 0.800000 0.000000
vt 0.000000 0.000000
vt 0.200000 0.000000
vt 0.400000 0.000000
vt 0.600000 0.000000
vt 0.800000 0.000000
vt 0.000000 0.000000
vt 0.200000 0.000000
vt 0.400000 0.000000
vt 0.600000 0.000000
vt 0.800000 0.000000
vt 0.000000 0.000000
vt 0.200000 0.000000
vt 0.400000 0.000000
vt 0.600000 0.000000
vt 0.800000 0.000000
vt 0.000000 0.000000
vt 0.200000 0.000000
vt 0.400000 0.000000
vt 0.600000 0.000000
vt 0.800000 0.000000
vt 0.000000 0.000000
vt 0.200000 0.000000
vt 0.400000 0.000000
vt 0.600000 0.000000
vt 0.800000 0.000000
vt 0.000000 0.000000
vt 0.200000 0.000000
vt 0.400000 0.000000
vt 0.600000 0.000000
vt 0.800000 0.000000
vt 0.000000 0.000000
vt 0.200000 0.000000
vt 0.400000 0.000000
vt 0.600000 0.000000
vt 0.800000 0.000000
vt 0.000000 0.000000
vt 0.200000 0.000000
vt 0.400000 0.000000
vt 0.600000 0.000000
vt 0.800000 0.000000
vt 0.000000 0.000000
vt 0.200000 0.000000
vt 0.400000 0.000000
vt 0.600000 0.000000
vt 0.800000 0.000000
vt 0.000000 0.000000
vt 0.200000 0.000000
vt 0.400000 0.000000
vt 0.600000 0.000000
vt 0.800000 0.000000
vt 0.000000 0.000000
vt 0.200000 0.000000
vt 0.400000 0.000000
vt 0.600000 0.000000
vt 0.800000 0.000000
vt 0.000000 0.000000
vt 0.200000 0.000000
vt 0.400000 0.000000
vt 0.600000 0.000000
vt 0.800000 0.000000
vt 0.000000 0.000000
vt 0.200000 0.000000
vt 0.400000 0.000000
vt 0.600000 0.000000
vt 0.800000 0.000000
vt 0.000000 0.000000
vt 0.200000 0.000000
vt 0.400000 0.000000
vt 0.600000 0.000000
vt 0.800000 0.000000
vt 0.000000 0.000000
vt 0.200000 0.000000
vt 0.400000 0.000000
vt 0.600000 0.000000
vt 0.800000 0.000000
vt 0.000000 0.000000
vt 0.200000 0.000000
vt 0.400000 0.000000
vt 0.600000 0.000000
vt 0.800000 0.000000
vt 0.000000 0.000000
vt 0.200000 0.000000
vt 0.400000 0.000000
vt 0.600000 0.000000
vt 0.800000 0.000000
vt 0.000000 0.000000
vt 0.200000 0.000000
vt 0.400000 0.000000
vt 0.600000 0.000000
vt 0.800000 0.000000
vt 0.000000 0.000000
vt 0.200000 0.000000
vt 0.400000 0.000000
vt 0.600000 0.000000
vt 0.800000 0.000000
vt 0.000000 0.000000
vt 0.200000 0.000000
vt 0.400000 0.000000
vt 0.600000 0.000000
vt 0.800000 0.000000
vt 0.000000 0.000000
vt 0.200000 0.000000
vt 0.400000 0.000000
vt 0.600000 0.000000
vt 0.800000 0.000000
vt 0.000000 0.000000
vt 0.200000 0.000000
vt 0.400000 0.000000
vt 0.600000 0.000000
vt 0.800000 0.000000
vt 0.000000 0.000000
vt 0.200000 0.000000
vt 0.400000 0.000000
vt 0.600000 0.000000
vt 0.800000 0.000000
vt 0.000000 0.000000
vt 0.200000 0.000000
vt 0.400000 0.000000
vt 0.600000 0.000000
vt 0.800000 0.000000
vt 0.000000 0.000000
vt 0.200000 0.000000
vt 0.400000 0.000000
vt 0.600000 0.000000
vt 0.800000 0.000000
vt 0.000000 0.000000
vt 0.200000 0.000000
vt 0.400000 0.000000
vt 0.600000 0.000000
vt 0.800000 0.000000
vt 0.000000 0.000000
vt 0.200000 0.000000
vt 0.400000 0.000000
vt 0.600000 0.000000
vt 0.800000 0.000000
vt 0.000000 0.000000
vt 0.200000 0.000000
vt 0.400000 0.000000
vt 0.600000 0.000000
vt 0.800000 0.000000
vt 0.000000 0.000000
vt 0.200000 0.000000
vt 0.400000 0.000000
vt 0.600000 0.000000
vt 0.800000 0.000000
vt 0.000000 0.000000
vt 0.200000 0.000000
vt 0.400000 0.000000
vt 0.600000 0.000000
vt 0.800000 0.000000
vt 0.000000 0.000000
vt 0.200000 0.000000
vt 0.400000 0.000000
vt 0.600000 0.000000
vt 0.800000 0.000000
vt 0.000000 0.000000
vt 0.200000 0.000000
vt 0.400000 0.000000
vt 0.600000 0.000000
vt 0.800000 0.000000
vt 0.000000 0.000000
vt 0.200000 0.000000
vt 0.400000 0.000000
vt 0.600000 0.000000
vt 0.800000 0.000000
vt 0.000000 0.000000
vt 0.200000 0.000000
vt 0.400000 0.000000
vt 0.600000 0.000000
vt 0.800000 0.000000
vt 0.000000 0.000000
vt 0.200000 0.000000
vt 0.400000 0.000000
vt 0.600000 0.000000
vt 0.800000 0.000000
vt 0.000000 0.000000
vt 0.200000 0.000000
vt 0.400000 0.000000
vt 0.600000 0.000000
vt 0.800000 0.000000
vt 0.000000 0.000000
vt 0.200000 0.000000
vt 0.400000 0.000000
vt 0.600000 0.000000
vt 0.800000 0.000000
vt 0.000000 0.000000
vt 0.200000 0.000000
vt 0.400000 0.000000
vt 0.600000 0.000000
vt 0.800000 0.000000
vt 0.000000 0.000000
vt 0.200000 0.000000
vt 0.400000 0.000000
vt 0.600000 0.000000
vt 0.800000 0.000000
vt 0.000000 0.000000
vt 0.200000 0.000000
vt 0.400000 0.000000
vt 0.600000 0.000000
vt 0.800000 0.000000
vt 0.000000 0.000000
vt 0.200000 0.000000
vt 0.400000 0.000000
vt 0.600000 0.000000
vt 0.800000 0.000000
vt 0.000000 0.000000
vt 0.200000 0.000000
vt 0.400000 0.000000
vt 0.600000 0.000000
vt 0.800000 0.000000
vt 0.000000 0.000000
vt 0.200000 0.000000
vt 0.400000 0.000000
vt 0.600000 0.000000
vt 0.800000 0.000000
vt 0.000000 0.000000
vt 0.200000 0.000000
vt 0.400000 0.000000
vt 0.600000 0.000000
vt 0.800000 0.000000
vt 0.000000 0.000000
vt 0.200000 0.000000
vt 0.400000 0.000000
vt 0.600000 0.000000
vt 0.800000 0.000000
vt 0.000000 0.000000
vt 0.200000 0.000000
vt 0.400000 0.000000
vt 0.600000 0.000000
vt 0.800000 0.000000
vt 0.000000 0.000000
vt 0.200000 0.000000
vt 0.400000 0.000000
vt 0.600000 0.000000
vt 0.800000 0.000000
vt 0.000000 0.000000
vt 0.200000 0.000000
vt 0.400000 0.000000
vt 0.600000 0.000000
vt 0.800000 0.000000
vt 0.000000 0.000000
vt 0.200000 0.000000
vt 0.400000 0.000000
vt 0.600000 0.000000
vt 0.800000 0.000000
vt 0.000000 0.000000
vt 0.200000 0.000000
vt 0.400000 0.000000
vt 0.600000 0.000000
vt 0.800000 0.000000
vt 0.000000 0.000000
vt 0.200000 0.000000
vt 0.400000 0.000000
vt 0.600000 0.000000
vt 0.800000 0.000000
vt 0.000000 0.000000
vt 0.200000 0.000000
vt 0.400000 0.000000
vt 0.600000 0.000000
vt 0.800000 0.000000
vt 0.000000 0.000000
vt 0.200000 0.000000
vt 0.400000 0.000000
vt 0.600000 0.000000
vt 0.800000 0.000000
vt 0.000000 0.000000
vt 0.200000 0.000000
vt 0.400000 0.000000
vt 0.600000 0.000000
vt 0.800000 0.000000
vt 0.000000 0.000000
vt 0.200000 0.000000
vt 0.400000 0.000000
vt 0.600000 0.000000
vt 0.800000 0.000000
vt 0.000000 0.000000
vt 0.200000 0.000000
vt 0.400000 0.000000
vt 0.600000 0.000000
vt 0.800000 0.000000
vt 0.000000 0.000000
vt 0.200000 0.000000
vt 0.400000 0.000000
vt 0.600000 0.000000
vt 0.800000 0.000000
vt 0.000000 0.000000
vt 0.200000 0.000000
vt 0.400000 0.000000
vt 0.600000 0.000000
vt 0.800000 0.000000
vt 0.000000 0.000000
vt 0.200000 0.000000
vt 0.400000 0.000000
vt 0.600000 0.000000
vt 0.800000 0.000000
vt 0.000000 0.000000
vt 0.200000 0.000000
vt 0.400000 0.000000
vt 0.600000 0.000000
vt 0.800000 0.000000
vt 0.000000 0.000000
vt 0.200000 0.000000
vt 0.400000 0.000000
vt 0.600000 0.000000
vt 0.800000 0.000000
vt 0.000000 0.000000
vt 0.200000 0.000000
vt 0.400000 0.000000
vt 0.600000 0.000000
vt 0.800000 0.000000
vt 0.000000 0.000000
vt 0.200000 0.000000
vt 0.400000 0.000000
vt 0.600000 0.000000
vt 0.800000 0.000000
vt 0.000000 0.000000
vt 0.200000 0.000000
vt 0.400000 0.000000
vt 0.600000 0.000000
vt 0.800000 0.000000
vt 0.000000 0.000000
vt 0.200000 0.000000
vt 0.400000 0.000000
vt 0.600000 0.000000
vt 0.800000 0.000000
vt 0.000000 0.000000
vt 0.200000 0.000000
vt 0.400000 0.000000
vt 0.600000 0.000000
vt 0.800000 0.000000
vt 0.000000 0.000000
vt 0.200000 0.000000
vt 0.400000 0.000000
vt 0.600000 0.000000
vt 0.800000 0.000000
vt 0.000000 0.000000
vt 0.200000 0.000000
vt 0.400000 0.000000
vt 0.600000 0.000000
vt 0.800000 0.000000
vt 0.000000 0.000000
vt 0.200000 0.000000
vt 0.400000 0.000000
vt 0.600000 0.000000
vt 0.800000 0.000000
vt 0.000000 0.000000
vt 0.200000 0.000000
vt 0.400000 0.000000
vt 0.600000 0.000000
vt 0.800000 0.000000
vt 0.000000 0.000000
vt 0.200000 0.000000
vt 0.400000 0.000000
vt 0.600000 0.000000
vt 0.800000 0.000000
vt 0.000000 0.000000
vt 0.200000 0.000000
vt 0.400000 0.000000
vt 0.600000 0.000000
vt 0.800000 0.000000
vt 0.000000 0.000000
vt 0.200000 0.000000
vt 0.400000 0.000000
vt 0.600000 0.000000
vt 0.800000 0.000000
vt 0.000000 0.000000
vt 0.200000 0.000000
vt 0.400000 0.000000
vt 0.600000 0.000000
vt 0.800000 0.000000
vt 0.000000 0.000000
vt 0.200000 0.000000
vt 0.400000 0.000000
vt 0.600000 0.000000
vt 0.800000 0.000000
vt 0.000000 0.000000
vt 0.200000 0.000000
vt 0.400000 0.000000
vt 0.600000 0.000000
vt 0.800000 0.000000
vt 0.000000 0.000000
vt 0.200000 0.000000
vt 0.400000 0.000000
vt 0.600000 0.000000
vt 0.800000 0.000000
vt 0.000000 0.000000
vt 0.200000 0.000000
vt 0.400000 0.000000
vt 0.600000 0.000000
vt 0.800000 0.000000
vt 0.000000 0.000000
vt 0.200000 0.000000
vt 0.400000 0.000000
vt 0.600000 0.000000
vt 0.800000 0.000000
vt 0.000000 0.000000
vt 0.200000 0.000000
vt 0.400000 0.000000
vt 0.600000 0.000000
vt 0.800000 0.000000
vt 0.000000 0.000000
vt 0.200000 0.000000
vt 0.400000 0.000000
vt 0.600000 0.000000
vt 0.800000 0.000000
vt 0.000000 0.000000
vt 0.200000 0.000000
vt 0.400000 0.000000
vt 0.600000 0.000000
vt 0.800000 0.000000
vt 0.000000 0.000000
vt 0.200000 0.000000
vt 0.400000 0.000000
vt 0.600000 0.000000
vt 0.800000 0.000000
vt 0.000000 0.000000
vt 0.200000 0.000000
vt 0.400000 0.000000
vt 0.600000 0.000000
vt 0.800000 0.000000
vt 0.000000 0.000000
vt 0.200000 0.000000
vt 0.400000 0.000000
vt 0.600000 0.000000
vt 0.800000 0.000000
vt 0.000000 0.000000
vt 0.200000 0.000000
vt 0.400000 0.000000
vt 0.600000 0.000000
vt 0.800000 0.000000
vt 0.000000 0.000000
vt 0.200000 0.000000
vt 0.400000 0.000000
vt 0.600000 0.000000
vt 0.800000 0.000000
vt 0.000000 0.000000
vt 0.200000 0.000000
vt 0.400000 0.000000
vt 0.600000 0.000000
vt 0.800000 0.000000
vt 0.000000 0.000000
vt 0.200000 0.000000
vt 0.400000 0.000000
vt 0.600000 0.000000
vt 0.800000 0.000000
vt 0.000000 0.000000
vt 0.200000 0.000000
vt 0.400000 0.000000
vt 0.600000 0.000000
vt 0.800000 0.000000
vt 0.000000 0.000000
vt 0.200000 0.000000
vt 0.400000 0.000000
vt 0.600000 0.000000
vt 0.800000 0.000000
vt 0.000000 0.000000
vt 0.200000 0.000000
vt 0.400000 0.000000
vt 0.600000 0.000000
vt 0.800000 0.000000
vt 0.000000 0.000000
vt 0.200000 0.000000
vt 0.400000 0.000000
vt 0.600000 0.000000
vt 0.800000 0.000000
vt 0.000000 0.000000
vt 0.200000 0.000000
vt 0.400000 0.000000
vt 0.600000 0.000000
vt 0.800000 0.000000
vt 0.000000 0.000000
vt 0.200000 0.000000
vt 0.400000 0.000000
vt 0.600000 0.000000
vt 0.800000 0.000000
vt 0.000000 0.000000
vt 0.200000 0.000000
vt 0.400000 0.000000
vt 0.600000 0.000000
vt 0.800000 0.000000
vt 0.000000 0.000000
vt 0.200000 0.000000
vt 0.400000 0.000000
vt 0.600000 0.000000
vt 0.800000 0.000000
vt 0.000000 0.000000
vt 0.200000 0.000000
vt 0.400000 0.000000
vt 0.600000 0.000000
vt 0.800000 0.000000
vt 0.000000 0.000000
vt 0.200000 0.000000
vt 0.400000 0.000000
vt 0.600000 0.000000
vt 0.800000 0.000000
vt 0.000000 0.000000
vt 0.200000 0.000000
vt 0.400000 0.000000
vt 0.600000 0.000000
vt 0.800000 0.000000
vt 0.000000 0.000000
vt 0.200000 0.000000
vt 0.400000 0.000000
vt 0.600000 0.000000
vt 0.800000 0.000000
vt 0.000000 0.000000
vt 0.200000 0.000000
vt 0.400000 0.000000
vt 0.600000 0.000000
vt 0.800000 0.000000
vt 0.000000 0.000000
vt 0.200000 0.000000
vt 0.400000 0.000000
vt 0.600000 0.000000
vt 0.800000 0.000000
vt 0.000000 0.000000
vt 0.200000 0.000000
vt 0.400000 0.000000
vt 0.600000 0.000000
vt 0.800000 0.000000
vt 0.000000 0.000000
vt 0.200000 0.000000
vt 0.400000 0.000000
vt 0.600000 0.000000
vt 0.800000 0.000000
vt 0.000000 0.000000
vt 0.200000 0.000000
vt 0.400000 0.000000
vt 0.600000 0.000000
vt 0.800000 0.000000
vt 0.000000 0.000000
vt 0.200000 0.000000
vt 0.400000 0.000000
vt 0.600000 0.000000
vt 0.800000 0.000000
vt 0.000000 0.000000
vt 0.200000 0.000000
vt 0.400000 0.000000
vt 0.600000 0.000000
vt 0.800000 0.000000
vt 0.000000 0.000000
vt 0.200000 0.000000
vt 0.400000 0.000000
vt 0.600000 0.000000
vt 0.800000 0.000000
vt 0.000000 0.000000
vt 0.200000 0.000000
vt 0.400000 0.000000
vt 0.600000 0.000000
vt 0.800000 0.000000
vt 0.000000 0.000000
vt 0.200000 0.000000
vt 0.400000 0.000000
vt 0.600000 0.000000
vt 0.800000 0.000000
vt 0.000000 0.000000
vt 0.200000 0.000000
vt 0.400000 0.000000
vt 0.600000 0.000000
vt 0.800000 0.000000
vt 0.000000 0.000000
vt 0.200000 0.000000
vt 0.400000 0.000000
vt 0.600000 0.000000
vt 0.800000 0.000000
vt 0.000000 0.000000
vt 0.200000 0.000000
vt 0.400000 0.000000
vt 0.600000 0.000000
vt 0.800000 0.000000
vt 0.000000 0.000000
vt 0.200000 0.000000
vt 0.400000 0.000000
vt 0.600000 0.000000
vt 0.800000 0.000000
vt 0.000000 0.000000
vt 0.200000 0.000000
vt 0.400000 0.000000
vt 0.600000 0.000000
vt 0.800000 0.000000
vt 0.000000 0.000000
vt 0.200000 0.000000
vt 0.400000 0.000000
vt 0.600000 0.000000
vt 0.800000 0.000000
vt 0.000000 0.000000
vt 0.200000 0.000000
vt 0.400000 0.000000
vt 0.600000 0.000000
vt 0.800000 0.000000
vt 0.000000 0.000000
vt 0.200000 0.000000
vt 0.400000 0.000000
vt 0.600000 0.000000
vt 0.800000 0.000000
vt 0.000000 0.000000
vt 0.200000 0.000000
vt 0.400000 0.000000
vt 0.600000 0.000000
vt 0.800000 0.000000
vt 0.000000 0.000000
vt 0.200000 0.000000
vt 0.400000 0.000000
vt 0.600000 0.000000
vt 0.800000 0.000000
vt 0.000000 0.000000
vt 0.200000 0.000000
vt 0.400000 0.000000
vt 0.600000 0.000000
vt 0.800000 0.000000
vt 0.000000 0.000000
vt 0.200000 0.000000
vt 0.400000 0.000000
vt 0.600000 0.000000
vt 0.800000 0.000000
vt 0.000000 0.000000
vt 0.200000 0.000000
vt 0.400000 0.000000
vt 0.600000 0.000000
vt 0.800000 0.000000
vt 0.000000 0.000000
vt 0.200000 0.000000
vt 0.400000 0.000000
vt 0.600000 0.000000
vt 0.800000 0.000000
vt 0.000000 0.000000
vt 0.200000 0.000000
vt 0.400000 0.000000
vt 0.600000 0.000000
vt 0.800000 0.000000
vt 0.000000 0.000000
vt 0.200000 0.000000
vt 0.400000 0.000000
vt 0.600000 0.000000
vt 0.800000 0.000000
vt 0.000000 0.000000
vt 0.200000 0.000000
vt 0.400000 0.000000
vt 0.600000 0.000000
vt 0.800000 0.000000
vt 0.000000 0.000000
vt 0.200000 0.000000
vt 0.400000 0.000000
vt 0.600000 0.000000
vt 0.800000 0.000000
vt 0.000000 0.000000
vt 0.200000 0.000000
vt 0.400000 0.000000
vt 0.600000 0.000000
vt 0.800000 0.000000
vt 0.000000 0.000000
vt 0.200000 0.000000
vt 0.400000 0.000000
vt 0.600000 0.000000
vt 0.800000 0.000000
vt 0.000000 0.000000
vt 0.200000 0.000000
vt 0.400000 0.000000
vt 0.600000 0.000000
vt 0.800000 0.000000
vt 0.000000 0.000000
vt 0.200000 0.000000
vt 0.400000 0.000000
vt 0.600000 0.000000
vt 0.800000 0.000000
vt 0.000000 0.000000
vt 0.200000 0.000000
vt 0.400000 0.000000
vt 0.600000 0.000000
vt 0.800000 0.000000
vt 0.000000 0.000000
vt 0.200000 0.000000
vt 0.400000 0.000000
vt 0.600000 0.000000
vt 0.800000 0.000000
vt 0.000000 0.000000
vt 0.200000 0.000000
vt 0.400000 0.000000
vt 0.600000 0.000000
vt 0.800000 0.000000
vt 0.000000 0.000000
vt 0.200000 0.000000
vt 0.400000 0.000000
vt 0.600000 0.000000
vt 0.800000 0.000000
vt 0.000000 0.000000
vt 0.200000 0.000000
vt 0.400000 0.000000
vt 0.600000 0.000000
vt 0.800000 0.000000
vt 0.000000 0.000000
vt 0.200000 0.000000
vt 0.400000 0.000000
vt 0.600000 0.000000
vt 0.800000 0.000000
vt 0.000000 0.000000
vt 0.200000 0.000000
vt 0.400000 0.000000
vt 0.600000 0.000000
vt 0.800000 0.000000
vt 0.000000 0.000000
vt 0.200000 0.000000
vt 0.400000 0.000000
vt 0.600000 0.000000
vt 0.800000 0.000000
vt 0.000000 0.000000
vt 0.200000 0.000000
vt 0.400000 0.000000
vt 0.600000 0.000000
vt 0.800000 0.000000
vt 0.000000 0.000000
vt 0.200000 0.000000
vt 0.400000 0.000000
vt 0.600000 0.000000
vt 0.800000 0.000000
vt 0.000000 0.000000
vt 0.200000 0.000000
vt 0.400000 0.000000
vt 0.600000 0.000000
vt 0.800000 0.000000
vt 0.000000 0.000000
vt 0.200000 0.000000
vt 0.400000 0.000000
vt 0.600000 0.000000
vt 0.800000 0.000000
vt 0.000000 0.000000
vt 0.200000 0.000000
vt 0.400000 0.000000
vt 0.600000 0.000000
vt 0.800000 0.000000
vt 0.000000 0.000000
vt 0.200000 0.000000
vt 0.400000 0.000000
vt 0.600000 0.000000
vt 0.800000 0.000000
vt 0.000000 0.000000
vt 0.200000 0.000000
vt 0.400000 0.000000
vt 0.600000 0.000000
vt 0.800000 0.000000
vt 0.000000 0.000000
vt 0.200000 0.000000
vt 0.400000 0.000000
vt 0.600000 0.000000
vt 0.800000 0.000000
vt 0.000000 0.000000
vt 0.200000 0.000000
vt 0.400000 0.000000
vt 0.600000 0.000000
vt 0.800000 0.000000
vt 0.000000 0.000000
vt 0.200000 0.000000
vt 0.400000 0.000000
vt 0.600000 0.000000
vt 0.800000 0.000000
vt 0.000000 0.000000
vt 0.200000 0.000000
vt 0.400000 0.000000
vt 0.600000 0.000000
vt 0.800000 0.000000
vt 0.000000 0.000000
vt 0.200000 0.000000
vt 0.400000 0.000000
vt 0.600000 0.000000
vt 0.800000 0.000000
vt 0.000000 0.000000
vt 0.200000 0.000000
vt 0.400000 0.000000
vt 0.600000 0.000000
vt 0.800000 0.000000
vt 0.000000 0.000000
vt 0.200000 0.000000
vt 0.400000 0.000000
vt 0.600000 0.000000
vt 0.800000 0.000000
vt 0.000000 0.000000
vt 0.200000 0.000000
vt 0.400000 0.000000
vt 0.600000 0.000000
vt 0.800000 0.000000
vt 0.000000 0.000000
vt 0.200000 0.000000
vt 0.400000 0.000000
vt 0.600000 0.000000
vt 0.800000 0.000000
vt 0.000000 0.000000
vt 0.200000 0.000000
vt 0.400000 0.000000
vt 0.600000 0.000000
vt 0.800000 0.000000
vt 0.000000 0.000000
vt 0.200000 0.000000
vt 0.400000 0.000000
vt 0.600000 0.000000
vt 0.800000 0.000000
vt 0.000000 0.000000
vt 0.200000 0.000000
vt 0.400000 0.000000
vt 0.600000 0.000000
vt 0.800000 0.000000
vt 0.000000 0.000000
vt 0.200000 0.000000
vt 0.400000 0.000000
vt 0.600000 0.000000
vt 0.800000 0.000000
vt 0.000000 0.000000
vt 0.200000 0.000000
vt 0.400000 0.000000
vt 0.600000 0.000000
vt 0.800000 0.000000
vt 0.000000 0.000000
vt 0.200000 0.000000
vt 0.400000 0.000000
vt 0.600000 0.000000
vt 0.800000 0.000000
vt 0.000000 0.000000
vt 0.200000 0.000000
vt 0.400000 0.000000
vt 0.600000 0.000000
vt 0.800000 0.000000
vn -0.907244 0.000000 -0.420604
vn 0.030543 -0.598447 -0.800580
vn 0.926121 -0.369861 -0.074182
vn 0.541831 0.369861 0.754733
vn -0.591251 0.598447 0.540632
vn -0.907244 0.000000 -0.420604
vn 0.030543 -0.598447 -0.800580
vn 0.926121 -0.369861 -0.074182
vn 0.541831 0.369861 0.754733
vn -0.591251 0.598447 0.540632
vn 0.907244 0.000000 -0.420604
vn 0.591251 -0.598447 0.540632
vn -0.541831 -0.369861 0.754733
vn -0.926121 0.369861 -0.074182
vn -0.030543 0.598447 -0.800580
vn 0.907244 0.000000 -0.420604
vn 0.591251 -0.598447 0.540632
vn -0.541831 -0.369861 0.754733
vn -0.926121 0.369861 -0.074182
vn -0.030543 0.598447 -0.800580
vn -0.575395 0.000000 -0.817876
vn 0.426741 -0.598447 -0.678051
vn 0.839135 -0.369861 0.398817
vn 0.091873 0.369861 0.924534
vn -0.782354 0.598447 0.172576
vn -0.575395 0.000000 -0.817876
vn 0.426741 -0.598447 -0.678051
vn 0.839135 -0.369861 0.398817
vn 0.091873 0.369861 0.924534
vn -0.782354 0.598447 0.172576
vn 0.995999 -0.000000 0.089369
vn 0.241722 -0.598447 0.763827
vn -0.846606 -0.369861 0.382702
vn -0.764953 0.369861 -0.527304
vn 0.373839 0.598447 -0.708594
vn 0.995999 -0.000000 0.089369
vn 0.241722 -0.598447 0.763827
vn -0.846606 -0.369861 0.382702
vn -0.764953 0.369861 -0.527304
vn 0.373839 0.598447 -0.708594
vn -0.089369 0.000000 -0.995999
vn 0.708594 -0.598447 -0.373839
vn 0.527304 -0.369861 0.764953
vn -0.382702 0.369861 0.846606
vn -0.763827 0.598447 -0.241722
vn -0.089369 0.000000 -0.995999
vn 0.708594 -0.598447 -0.373839
vn 0.527304 -0.369861 0.764953
vn -0.382702 0.369861 0.846606
vn -0.763827 0.598447 -0.241722
vn 0.817876 -0.000000 0.575395
vn -0.172576 -0.598447 0.782354
vn -0.924534 -0.369861 -0.091873
vn -0.398817 0.369861 -0.839135
vn 0.678051 0.598447 -0.426741
vn 0.817876 -0.000000 0.575395
vn -0.172576 -0.598447 0.782354
vn -0.924534 -0.369861 -0.091873
vn -0.398817 0.369861 -0.839135
vn 0.678051 0.598447 -0.426741
vn 0.420604 0.000000 -0.907244
vn 0.800580 -0.598447 0.030543
vn 0.074182 -0.369861 0.926121
vn -0.754733 0.369861 0.541831
vn -0.540632 0.598447 -0.591251
vn 0.420604 0.000000 -0.907244
vn 0.800580 -0.598447 0.030543
vn 0.074182 -0.369861 0.926121
vn -0.754733 0.369861 0.541831
vn -0.540632 0.598447 -0.591251
vn 0.420604 -0.000000 0.907244
vn -0.540632 -0.598447 0.591251
vn -0.754733 -0.369861 -0.541831
vn 0.074182 0.369861 -0.926121
vn 0.800580 0.598447 -0.030543
vn 0.420604 -0.000000 0.907244
vn -0.540632 -0.598447 0.591251
vn -0.754733 -0.369861 -0.541831
vn 0.074182 0.369861 -0.926121
vn 0.800580 0.598447 -0.030543
vn 0.817876 0.000000 -0.575395
vn 0.678051 -0.598447 0.426741
vn -0.398817 -0.369861 0.839135
vn -0.924534 0.369861 0.091873
vn -0.172576 0.598447 -0.782354
vn 0.817876 0.000000 -0.575395
vn 0.678051 -0.598447 0.426741
vn -0.398817 -0.369861 0.839135
vn -0.924534 0.369861 0.091873
vn -0.172576 0.598447 -0.782354
vn -0.089369 0.000000 0.995999
vn -0.763827 -0.598447 0.241722
vn -0.382702 -0.369861 -0.846606
vn 0.527304 0.369861 -0.764953
vn 0.708594 0.598447 0.373839
vn -0.089369 0.000000 0.995999
vn -0.763827 -0.598447 0.241722
vn -0.382702 -0.369861 -0.846606
vn 0.527304 0.369861 -0.764953
vn 0.708594 0.598447 0.373839
vn 0.995999 0.000000 -0.089369
vn 0.373839 -0.598447 0.708594
vn -0.764953 -0.369861 0.527304
vn -0.846606 0.369861 -0.382702
vn 0.241722 0.598447 -0.763827
vn 0.995999 0.000000 -0.089369
vn 0.373839 -0.598447 0.708594
vn -0.764953 -0.369861 0.527304
vn -0.846606 0.369861 -0.382702
vn 0.241722 0.598447 -0.763827
vn -0.575395 0.000000 0.817876
vn -0.782354 -0.598447 -0.172576
vn 0.091873 -0.369861 -0.924534
vn 0.839135 0.369861 -0.398817
vn 0.426741 0.598447 0.678051
vn -0.575395 0.000000 0.817876
vn -0.782354 -0.598447 -0.172576
vn 0.091873 -0.369861 -0.924534
vn 0.839135 0.369861 -0.398817
vn 0.426741 0.598447 0.678051
vn 0.907244 -0.000000 0.420604
vn -0.030543 -0.598447 0.800580
vn -0.926121 -0.369861 0.074182
vn -0.541831 0.369861 -0.754733
vn 0.591251 0.598447 -0.540632
vn 0.907244 -0.000000 0.420604
vn -0.030543 -0.598447 0.800580
vn -0.926121 -0.369861 0.074182
vn -0.541831 0.369861 -0.754733
vn 0.591251 0.598447 -0.540632
vn -0.907244 0.000000 0.420604
vn -0.591251 -0.598447 -0.540632
vn 0.541831 -0.369861 -0.754733
vn 0.926121 0.369861 0.074182
vn 0.030543 0.598447 0.800580
vn -0.907244 0.000000 0.420604
vn -0.591251 -0.598447 -0.540632
vn 0.541831 -0.369861 -0.754733
vn 0.926121 0.369861 0.074182
vn 0.030543 0.598447 0.800580
vn 0.575395 -0.000000 0.817876
vn -0.426741 -0.598447 0.678051
vn -0.839135 -0.369861 -0.398817
vn -0.091873 0.369861 -0.924534
vn 0.782354 0.598447 -0.172576
vn 0.575395 -0.000000 0.817876
vn -0.426741 -0.598447 0.678051
vn -0.839135 -0.369861 -0.398817
vn -0.091873 0.369861 -0.924534
vn 0.782354 0.598447 -0.172576
vn -0.995999 0.000000 -0.089369
vn -0.241722 -0.598447 -0.763827
vn 0.846606 -0.369861 -0.382702
vn 0.764953 0.369861 0.527304
vn -0.373839 0.598447 0.708594
vn -0.995999 0.000000 -0.089369
vn -0.241722 -0.598447 -0.763827
vn 0.846606 -0.369861 -0.382702
vn 0.764953 0.369861 0.527304
vn -0.373839 0.598447 0.708594
vn 0.089369 -0.000000 0.995999
vn -0.708594 -0.598447 0.373839
vn -0.527304 -0.369861 -0.764953
vn 0.382702 0.369861 -0.846606
vn 0.763827 0.598447 0.241722
vn 0.089369 -0.000000 0.995999
vn -0.708594 -0.598447 0.373839
vn -0.527304 -0.369861 -0.764953
vn 0.382702 0.369861 -0.846606
vn 0.763827 0.598447 0.241722
vn -0.817876 0.000000 -0.575395
vn 0.172576 -0.598447 -0.782354
vn 0.924534 -0.369861 0.091873
vn 0.398817 0.369861 0.839135
vn -0.678051 0.598447 0.426741
vn -0.817876 0.000000 -0.575395
vn 0.172576 -0.598447 -0.782354
vn 0.924534 -0.369861 0.091873
vn 0.398817 0.369861 0.839135
vn -0.678051 0.598447 0.426741
vn -0.420604 0.000000 0.907244
vn -0.800580 -0.598447 -0.030543
vn -0.074182 -0.369861 -0.926121
vn 0.754733 0.369861 -0.541831
vn 0.540632 0.598447 0.591251
vn -0.420604 0.000000 0.907244
vn -0.800580 -0.598447 -0.030543
vn -0.074182 -0.369861 -0.926121
vn 0.754733 0.369861 -0.541831
vn 0.540632 0.598447 0.591251
vn -0.420604 0.000000 -0.907244
vn 0.540632 -0.598447 -0.591251
vn 0.754733 -0.369861 0.541831
vn -0.074182 0.369861 0.926121
vn -0.800580 0.598447 0.030543
vn -0.420604 0.000000 -0.907244
vn 0.540632 -0.598447 -0.591251
vn 0.754733 -0.369861 0.541831
vn -0.074182 0.369861 0.926121
vn -0.800580 0.598447 0.030543
vn -0.817876 0.000000 0.575395
vn -0.678051 -0.598447 -0.426741
vn 0.398817 -0.369861 -0.839135
vn 0.924534 0.369861 -0.091873
vn 0.172576 0.598447 0.782354
vn -0.817876 0.000000 0.575395
vn -0.678051 -0.598447 -0.426741
vn 0.398817 -0.369861 -0.839135
vn 0.924534 0.369861 -0.091873
vn 0.172576 0.598447 0.782354
vn 0.089369 0.000000 -0.995999
vn 0.763827 -0.598447 -0.241722
vn 0.382702 -0.369861 0.846606
vn -0.527304 0.369861 0.764953
vn -0.708594 0.598447 -0.373839
vn 0.089369 0.000000 -0.995999
vn 0.763827 -0.598447 -0.241722
vn 0.382702 -0.369861 0.846606
vn -0.527304 0.369861 0.764953
vn -0.708594 0.598447 -0.373839
vn -0.995999 0.000000 0.089369
vn -0.373839 -0.598447 -0.708594
vn 0.764953 -0.369861 -0.527304
vn 0.846606 0.369861 0.382702
vn -0.241722 0.598447 0.763827
vn -0.995999 0.000000 0.089369
vn -0.373839 -0.598447 -0.708594
vn 0.764953 -0.369861 -0.527304
vn 0.846606 0.369861 0.382702
vn -0.241722 0.598447 0.763827
vn 0.575395 0.000000 -0.817876
vn 0.782354 -0.598447 0.172576
vn -0.091873 -0.369861 0.924534
vn -0.839135 0.369861 0.398817
vn -0.426741 0.598447 -0.678051
vn 0.575395 0.000000 -0.817876
vn 0.782354 -0.598447 0.172576
vn -0.091873 -0.369861 0.924534
vn -0.839135 0.369861 0.398817
vn -0.426741 0.598447 -0.678051
vn 0.991044 0.000000 -0.133534
vn 0.408279 -0.566304 0.715967
vn -0.738714 -0.349995 0.576025
vn -0.864829 0.349995 -0.359964
vn 0.204220 0.566304 -0.798495
vn 0.991044 0.000000 -0.133534
vn 0.408279 -0.566304 0.715967
vn -0.738714 -0.349995 0.576025
vn -0.864829 0.349995 -0.359964
vn 0.204220 0.566304 -0.798495
vn -0.791503 0.000000 -0.611166
vn 0.222388 -0.566304 -0.793627
vn 0.928946 -0.349995 0.120677
vn 0.351732 0.349995 0.868210
vn -0.711563 0.566304 0.415906
vn -0.791503 0.000000 -0.611166
vn 0.222388 -0.566304 -0.793627
vn 0.928946 -0.349995 0.120677
vn 0.351732 0.349995 0.868210
vn -0.711563 0.566304 0.415906
vn 0.925036 -0.000000 0.379879
vn -0.004403 -0.566304 0.824185
vn -0.927758 -0.349995 0.129496
vn -0.568982 0.349995 -0.744152
vn 0.576107 0.566304 -0.589407
vn 0.925036 -0.000000 0.379879
vn -0.004403 -0.566304 0.824185
vn -0.927758 -0.349995 0.129496
vn -0.568982 0.349995 -0.744152
vn 0.576107 0.566304 -0.589407
vn -0.379879 0.000000 -0.925036
vn 0.589407 -0.566304 -0.576107
vn 0.744152 -0.349995 0.568982
vn -0.129496 0.349995 0.927758
vn -0.824185 0.566304 0.004403
vn -0.379879 0.000000 -0.925036
vn 0.589407 -0.566304 -0.576107
vn 0.744152 -0.349995 0.568982
vn -0.129496 0.349995 0.927758
vn -0.824185 0.566304 0.004403
vn 0.611166 -0.000000 0.791503
vn -0.415906 -0.566304 0.711563
vn -0.868210 -0.349995 -0.351732
vn -0.120677 0.349995 -0.928946
vn 0.793627 0.566304 -0.222388
vn 0.611166 -0.000000 0.791503
vn -0.415906 -0.566304 0.711563
vn -0.868210 -0.349995 -0.351732
vn -0.120677 0.349995 -0.928946
vn 0.793627 0.566304 -0.222388
vn 0.133534 0.000000 -0.991044
vn 0.798495 -0.566304 -0.204220
vn 0.359964 -0.349995 0.864829
vn -0.576025 0.349995 0.738714
vn -0.715967 0.566304 -0.408279
vn 0.133534 0.000000 -0.991044
vn 0.798495 -0.566304 -0.204220
vn 0.359964 -0.349995 0.864829
vn -0.576025 0.349995 0.738714
vn -0.715967 0.566304 -0.408279
vn 0.133534 -0.000000 0.991044
vn -0.715967 -0.566304 0.408279
vn -0.576025 -0.349995 -0.738714
vn 0.359964 0.349995 -0.864829
vn 0.798495 0.566304 0.204220
vn 0.133534 -0.000000 0.991044
vn -0.715967 -0.566304 0.408279
vn -0.576025 -0.349995 -0.738714
vn 0.359964 0.349995 -0.864829
vn 0.798495 0.566304 0.204220
vn 0.611166 0.000000 -0.791503
vn 0.793627 -0.566304 0.222388
vn -0.120677 -0.349995 0.928946
vn -0.868210 0.349995 0.351732
vn -0.415906 0.566304 -0.711563
vn 0.611166 0.000000 -0.791503
vn 0.793627 -0.566304 0.222388
vn -0.120677 -0.349995 0.928946
vn -0.868210 0.349995 0.351732
vn -0.415906 0.566304 -0.711563
vn -0.379879 0.000000 0.925036
vn -0.824185 -0.566304 -0.004403
vn -0.129496 -0.349995 -0.927758
vn 0.744152 0.349995 -0.568982
vn 0.589407 0.566304 0.576107
vn -0.379879 0.000000 0.925036
vn -0.824185 -0.566304 -0.004403
vn -0.129496 -0.349995 -0.927758
vn 0.744152 0.349995 -0.568982
vn 0.589407 0.566304 0.576107
vn 0.925036 0.000000 -0.379879
vn 0.576107 -0.566304 0.589407
vn -0.568982 -0.349995 0.744152
vn -0.927758 0.349995 -0.129496
vn -0.004403 0.566304 -0.824185
vn 0.925036 0.000000 -0.379879
vn 0.576107 -0.566304 0.589407
vn -0.568982 -0.349995 0.744152
vn -0.927758 0.349995 -0.129496
vn -0.004403 0.566304 -0.824185
vn -0.791503 0.000000 0.611166
vn -0.711563 -0.566304 -0.415906
vn 0.351732 -0.349995 -0.868210
vn 0.928946 0.349995 -0.120677
vn 0.222388 0.566304 0.793627
vn -0.791503 0.000000 0.611166
vn -0.711563 -0.566304 -0.415906
vn 0.351732 -0.349995 -0.868210
vn 0.928946 0.349995 -0.120677
vn 0.222388 0.566304 0.793627
vn 0.991044 -0.000000 0.133534
vn 0.204220 -0.566304 0.798495
vn -0.864829 -0.349995 0.359964
vn -0.738714 0.349995 -0.576025
vn 0.408279 0.566304 -0.715967
vn 0.991044 -0.000000 0.133534
vn 0.204220 -0.566304 0.798495
vn -0.864829 -0.349995 0.359964
vn -0.738714 0.349995 -0.576025
vn 0.408279 0.566304 -0.715967
vn -0.991044 0.000000 0.133534
vn -0.408279 -0.566304 -0.715967
vn 0.738714 -0.349995 -0.576025
vn 0.864829 0.349995 0.359964
vn -0.204220 0.566304 0.798495
vn -0.991044 0.000000 0.133534
vn -0.408279 -0.566304 -0.715967
vn 0.738714 -0.349995 -0.576025
vn 0.864829 0.349995 0.359964
vn -0.204220 0.566304 0.798495
vn 0.791503 -0.000000 0.611166
vn -0.222388 -0.566304 0.793627
vn -0.928946 -0.349995 -0.120677
vn -0.351732 0.349995 -0.868210
vn 0.711563 0.566304 -0.415906
vn 0.791503 -0.000000 0.611166
vn -0.222388 -0.566304 0.793627
vn -0.928946 -0.349995 -0.120677
vn -0.351732 0.349995 -0.868210
vn 0.711563 0.566304 -0.415906
vn -0.925036 0.000000 -0.379879
vn 0.004403 -0.566304 -0.824185
vn 0.927758 -0.349995 -0.129496
vn 0.568982 0.349995 0.744152
vn -0.576107 0.566304 0.589407
vn -0.925036 0.000000 -0.379879
vn 0.004403 -0.566304 -0.824185
vn 0.927758 -0.349995 -0.129496
vn 0.568982 0.349995 0.744152
vn -0.576107 0.566304 0.589407
vn 0.379879 -0.000000 0.925036
vn -0.589407 -0.566304 0.576107
vn -0.744152 -0.349995 -0.568982
vn 0.129496 0.349995 -0.927758
vn 0.824185 0.566304 -0.004403
vn 0.379879 -0.000000 0.925036
vn -0.589407 -0.566304 0.576107
vn -0.744152 -0.349995 -0.568982
vn 0.129496 0.349995 -0.927758
vn 0.824185 0.566304 -0.004403
vn -0.611166 0.000000 -0.791503
vn 0.415906 -0.566304 -0.711563
vn 0.868210 -0.349995 0.351732
vn 0.120677 0.349995 0.928946
vn -0.793627 0.566304 0.222388
vn -0.611166 0.000000 -0.791503
vn 0.415906 -0.566304 -0.711563
vn 0.868210 -0.349995 0.351732
vn 0.120677 0.349995 0.928946
vn -0.793627 0.566304 0.222388
vn -0.133534 0.000000 0.991044
vn -0.798495 -0.566304 0.204220
vn -0.359964 -0.349995 -0.864829
vn 0.576025 0.349995 -0.738714
vn 0.715967 0.566304 0.408279
vn -0.133534 0.000000 0.991044
vn -0.798495 -0.566304 0.204220
vn -0.359964 -0.349995 -0.864829
vn 0.576025 0.349995 -0.738714
vn 0.715967 0.566304 0.408279
vn -0.133534 0.000000 -0.991044
vn 0.715967 -0.566304 -0.408279
vn 0.576025 -0.349995 0.738714
vn -0.359964 0.349995 0.864829
vn -0.798495 0.566304 -0.204220
vn -0.133534 0.000000 -0.991044
vn 0.715967 -0.566304 -0.408279
vn 0.576025 -0.349995 0.738714
vn -0.359964 0.349995 0.864829
vn -0.798495 0.566304 -0.204220
vn -0.611166 0.000000 0.791503
vn -0.793627 -0.566304 -0.222388
vn 0.120677 -0.349995 -0.928946
vn 0.868210 0.349995 -0.351732
vn 0.415906 0.566304 0.711563
vn -0.611166 0.000000 0.791503
vn -0.793627 -0.566304 -0.222388
vn 0.120677 -0.349995 -0.928946
vn 0.868210 0.349995 -0.351732
vn 0.415906 0.566304 0.711563
vn 0.379879 0.000000 -0.925036
vn 0.824185 -0.566304 0.004403
vn 0.129496 -0.349995 0.927758
vn -0.744152 0.349995 0.568982
vn -0.589407 0.566304 -0.576107
vn 0.379879 0.000000 -0.925036
vn 0.824185 -0.566304 0.004403
vn 0.129496 -0.349995 0.927758
vn -0.744152 0.349995 0.568982
vn -0.589407 0.566304 -0.576107
vn -0.925036 0.000000 0.379879
vn -0.576107 -0.566304 -0.589407
vn 0.568982 -0.349995 -0.744152
vn 0.927758 0.349995 0.129496
vn 0.004403 0.566304 0.824185
vn -0.925036 0.000000 0.379879
vn -0.576107 -0.566304 -0.589407
vn 0.568982 -0.349995 -0.744152
vn 0.927758 0.349995 0.129496
vn 0.004403 0.566304 0.824185
vn 0.791503 0.000000 -0.611166
vn 0.711563 -0.566304 0.415906
vn -0.351732 -0.349995 0.868210
vn -0.928946 0.349995 0.120677
vn -0.222388 0.566304 -0.793627
vn 0.791503 0.000000 -0.611166
vn 0.711563 -0.566304 0.415906
vn -0.351732 -0.349995 0.868210
vn -0.928946 0.349995 0.120677
vn -0.222388 0.566304 -0.793627
vn -0.991044 0.000000 -0.133534
vn -0.204220 -0.566304 -0.798495
vn 0.864829 -0.349995 -0.359964
vn 0.738714 0.349995 0.576025
vn -0.408279 0.566304 0.715967
vn -0.991044 0.000000 -0.133534
vn -0.204220 -0.566304 -0.798495
vn 0.864829 -0.349995 -0.359964
vn 0.738714 0.349995 0.576025
vn -0.408279 0.566304 0.715967
vn -0.923450 0.000000 -0.383719
vn 0.015028 -0.540068 -0.841487
vn 0.932738 -0.333781 -0.136349
vn 0.561436 0.333781 0.757219
vn -0.585751 0.540068 0.604336
vn -0.923450 0.000000 -0.383719
vn 0.015028 -0.540068 -0.841487
vn 0.932738 -0.333781 -0.136349
vn 0.561436 0.333781 0.757219
vn -0.585751 0.540068 0.604336
vn 0.923450 0.000000 -0.383719
vn 0.585751 -0.540068 0.604336
vn -0.561436 -0.333781 0.757219
vn -0.932738 0.333781 -0.136349
vn -0.015028 0.540068 -0.841487
vn 0.923450 0.000000 -0.383719
vn 0.585751 -0.540068 0.604336
vn -0.561436 -0.333781 0.757219
vn -0.932738 0.333781 -0.136349
vn -0.015028 0.540068 -0.841487
vn -0.607872 0.000000 -0.794035
vn 0.433758 -0.540068 -0.721235
vn 0.875949 -0.333781 0.348288
vn 0.107608 0.333781 0.936489
vn -0.809443 0.540068 0.230494
vn -0.607872 0.000000 -0.794035
vn 0.433758 -0.540068 -0.721235
vn 0.875949 -0.333781 0.348288
vn 0.107608 0.333781 0.936489
vn -0.809443 0.540068 0.230494
vn 0.991591 -0.000000 0.129415
vn 0.205108 -0.540068 0.816246
vn -0.864827 -0.333781 0.375053
vn -0.739600 0.333781 -0.584450
vn 0.407729 0.540068 -0.736263
vn 0.991591 -0.000000 0.129415
vn 0.205108 -0.540068 0.816246
vn -0.864827 -0.333781 0.375053
vn -0.739600 0.333781 -0.584450
vn 0.407729 0.540068 -0.736263
vn -0.129415 0.000000 -0.991591
vn 0.736263 -0.540068 -0.407729
vn 0.584450 -0.333781 0.739600
vn -0.375053 0.333781 0.864827
vn -0.816246 0.540068 -0.205108
vn -0.129415 0.000000 -0.991591
vn 0.736263 -0.540068 -0.407729
vn 0.584450 -0.333781 0.739600
vn -0.375053 0.333781 0.864827
vn -0.816246 0.540068 -0.205108
vn 0.794035 -0.000000 0.607872
vn -0.230494 -0.540068 0.809443
vn -0.936489 -0.333781 -0.107608
vn -0.348288 0.333781 -0.875949
vn 0.721235 0.540068 -0.433758
vn 0.794035 -0.000000 0.607872
vn -0.230494 -0.540068 0.809443
vn -0.936489 -0.333781 -0.107608
vn -0.348288 0.333781 -0.875949
vn 0.721235 0.540068 -0.433758
vn 0.383719 0.000000 -0.923450
vn 0.841487 -0.540068 0.015028
vn 0.136349 -0.333781 0.932738
vn -0.757219 0.333781 0.561436
vn -0.604336 0.540068 -0.585751
vn 0.383719 0.000000 -0.923450
vn 0.841487 -0.540068 0.015028
vn 0.136349 -0.333781 0.932738
vn -0.757219 0.333781 0.561436
vn -0.604336 0.540068 -0.585751
vn 0.383719 -0.000000 0.923450
vn -0.604336 -0.540068 0.585751
vn -0.757219 -0.333781 -0.561436
vn 0.136349 0.333781 -0.932738
vn 0.841487 0.540068 -0.015028
vn 0.383719 -0.000000 0.923450
vn -0.604336 -0.540068 0.585751
vn -0.757219 -0.333781 -0.561436
vn 0.136349 0.333781 -0.932738
vn 0.841487 0.540068 -0.015028
vn 0.794035 0.000000 -0.607872
vn 0.721235 -0.540068 0.433758
vn -0.348288 -0.333781 0.875949
vn -0.936489 0.333781 0.107608
vn -0.230494 0.540068 -0.809443
vn 0.794035 0.000000 -0.607872
vn 0.721235 -0.540068 0.433758
vn -0.348288 -0.333781 0.875949
vn -0.936489 0.333781 0.107608
vn -0.230494 0.540068 -0.809443
vn -0.129415 0.000000 0.991591
vn -0.816246 -0.540068 0.205108
vn -0.375053 -0.333781 -0.864827
vn 0.584450 0.333781 -0.739600
vn 0.736263 0.540068 0.407729
vn -0.129415 0.000000 0.991591
vn -0.816246 -0.540068 0.205108
vn -0.375053 -0.333781 -0.864827
vn 0.584450 0.333781 -0.739600
vn 0.736263 0.540068 0.407729
vn 0.991591 0.000000 -0.129415
vn 0.407729 -0.540068 0.736263
vn -0.739600 -0.333781 0.584450
vn -0.864827 0.333781 -0.375053
vn 0.205108 0.540068 -0.816246
vn 0.991591 0.000000 -0.129415
vn 0.407729 -0.540068 0.736263
vn -0.739600 -0.333781 0.584450
vn -0.864827 0.333781 -0.375053
vn 0.205108 0.540068 -0.816246
vn -0.607872 0.000000 0.794035
vn -0.809443 -0.540068 -0.230494
vn 0.107608 -0.333781 -0.936489
vn 0.875949 0.333781 -0.348288
vn 0.433758 0.540068 0.721235
vn -0.607872 0.000000 0.794035
vn -0.809443 -0.540068 -0.230494
vn 0.107608 -0.333781 -0.936489
vn 0.875949 0.333781 -0.348288
vn 0.433758 0.540068 0.721235
vn 0.923450 -0.000000 0.383719
vn -0.015028 -0.540068 0.841487
vn -0.932738 -0.333781 0.136349
vn -0.561436 0.333781 -0.757219
vn 0.585751 0.540068 -0.604336
vn 0.923450 -0.000000 0.383719
vn -0.015028 -0.540068 0.841487
vn -0.932738 -0.333781 0.136349
vn -0.561436 0.333781 -0.757219
vn 0.585751 0.540068 -0.604336
vn -0.923450 0.000000 0.383719
vn -0.585751 -0.540068 -0.604336
vn 0.561436 -0.333781 -0.757219
vn 0.932738 0.333781 0.136349
vn 0.015028 0.540068 0.841487
vn -0.923450 0.000000 0.383719
vn -0.585751 -0.540068 -0.604336
vn 0.561436 -0.333781 -0.757219
vn 0.932738 0.333781 0.136349
vn 0.015028 0.540068 0.841487
vn 0.607872 -0.000000 0.794035
vn -0.433758 -0.540068 0.721235
vn -0.875949 -0.333781 -0.348288
vn -0.107608 0.333781 -0.936489
vn 0.809443 0.540068 -0.230494
vn 0.607872 -0.000000 0.794035
vn -0.433758 -0.540068 0.721235
vn -0.875949 -0.333781 -0.348288
vn -0.107608 0.333781 -0.936489
vn 0.809443 0.540068 -0.230494
vn -0.991591 0.000000 -0.129415
vn -0.205108 -0.540068 -0.816246
vn 0.864827 -0.333781 -0.375053
vn 0.739600 0.333781 0.584450
vn -0.407729 0.540068 0.736263
vn -0.991591 0.000000 -0.129415
vn -0.205108 -0.540068 -0.816246
vn 0.864827 -0.333781 -0.375053
vn 0.739600 0.333781 0.584450
vn -0.407729 0.540068 0.736263
vn 0.129415 -0.000000 0.991591
vn -0.736263 -0.540068 0.407729
vn -0.584450 -0.333781 -0.739600
vn 0.375053 0.333781 -0.864827
vn 0.816246 0.540068 0.205108
vn 0.129415 -0.000000 0.991591
vn -0.736263 -0.540068 0.407729
vn -0.584450 -0.333781 -0.739600
vn 0.375053 0.333781 -0.864827
vn 0.816246 0.540068 0.205108
vn -0.794035 0.000000 -0.607872
vn 0.230494 -0.540068 -0.809443
vn 0.936489 -0.333781 0.107608
vn 0.348288 0.333781 0.875949
vn -0.721235 0.540068 0.433758
vn -0.794035 0.000000 -0.607872
vn 0.230494 -0.540068 -0.809443
vn 0.936489 -0.333781 0.107608
vn 0.348288 0.333781 0.875949
vn -0.721235 0.540068 0.433758
vn -0.383719 0.000000 0.923450
vn -0.841487 -0.540068 -0.015028
vn -0.136349 -0.333781 -0.932738
vn 0.757219 0.333781 -0.561436
vn 0.604336 0.540068 0.585751
vn -0.383719 0.000000 0.923450
vn -0.841487 -0.540068 -0.015028
vn -0.136349 -0.333781 -0.932738
vn 0.757219 0.333781 -0.561436
vn 0.604336 0.540068 0.585751
vn -0.383719 0.000000 -0.923450
vn 0.604336 -0.540068 -0.585751
vn 0.757219 -0.333781 0.561436
vn -0.136349 0.333781 0.932738
vn -0.841487 0.540068 0.015028
vn -0.383719 0.000000 -0.923450
vn 0.604336 -0.540068 -0.585751
vn 0.757219 -0.333781 0.561436
vn -0.136349 0.333781 0.932738
vn -0.841487 0.540068 0.015028
vn -0.794035 0.000000 0.607872
vn -0.721235 -0.540068 -0.433758
vn 0.348288 -0.333781 -0.875949
vn 0.936489 0.333781 -0.107608
vn 0.230494 0.540068 0.809443
vn -0.794035 0.000000 0.607872
vn -0.721235 -0.540068 -0.433758
vn 0.348288 -0.333781 -0.875949
vn 0.936489 0.333781 -0.107608
vn 0.230494 0.540068 0.809443
vn 0.129415 0.000000 -0.991591
vn 0.816246 -0.540068 -0.205108
vn 0.375053 -0.333781 0.864827
vn -0.584450 0.333781 0.739600
vn -0.736263 0.540068 -0.407729
vn 0.129415 0.000000 -0.991591
vn 0.816246 -0.540068 -0.205108
vn 0.375053 -0.333781 0.864827
vn -0.584450 0.333781 0.739600
vn -0.736263 0.540068 -0.407729
vn -0.991591 0.000000 0.129415
vn -0.407729 -0.540068 -0.736263
vn 0.739600 -0.333781 -0.584450
vn 0.864827 0.333781 0.375053
vn -0.205108 0.540068 0.816246
vn -0.991591 0.000000 0.129415
vn -0.407729 -0.540068 -0.736263
vn 0.739600 -0.333781 -0.584450
vn 0.864827 0.333781 0.375053
vn -0.205108 0.540068 0.816246
vn 0.607872 0.000000 -0.794035
vn 0.809443 -0.540068 0.230494
vn -0.107608 -0.333781 0.936489
vn -0.875949 0.333781 0.348288
vn -0.433758 0.540068 -0.721235
vn 0.607872 0.000000 -0.794035
vn 0.809443 -0.540068 0.230494
vn -0.107608 -0.333781 0.936489
vn -0.875949 0.333781 0.348288
vn -0.433758 0.540068 -0.721235
vn 0.990599 0.000000 -0.136798
vn 0.415538 -0.514440 0.750120
vn -0.733782 -0.317942 0.600397
vn -0.869040 0.317942 -0.379054
vn 0.196686 0.514440 -0.834665
vn 0.990599 0.000000 -0.136798
vn 0.415538 -0.514440 0.750120
vn -0.733782 -0.317942 0.600397
vn -0.869040 0.317942 -0.379054
vn 0.196686 0.514440 -0.834665
vn -0.789485 0.000000 -0.613770
vn 0.246998 -0.514440 -0.821184
vn 0.942138 -0.317942 0.106250
vn 0.335276 0.317942 0.886850
vn -0.734926 0.514440 0.441854
vn -0.789485 0.000000 -0.613770
vn 0.246998 -0.514440 -0.821184
vn 0.942138 -0.317942 0.106250
vn 0.335276 0.317942 0.886850
vn -0.734926 0.514440 0.441854
vn 0.926283 -0.000000 0.376829
vn -0.015193 -0.514440 0.857392
vn -0.935673 -0.317942 0.153068
vn -0.563084 0.317942 -0.762791
vn 0.587668 0.514440 -0.624498
vn 0.926283 -0.000000 0.376829
vn -0.015193 -0.514440 0.857392
vn -0.935673 -0.317942 0.153068
vn -0.563084 0.317942 -0.762791
vn 0.587668 0.514440 -0.624498
vn -0.376829 0.000000 -0.926283
vn 0.624498 -0.514440 -0.587668
vn 0.762791 -0.317942 0.563084
vn -0.153068 0.317942 0.935673
vn -0.857392 0.514440 0.015193
vn -0.376829 0.000000 -0.926283
vn 0.624498 -0.514440 -0.587668
vn 0.762791 -0.317942 0.563084
vn -0.153068 0.317942 0.935673
vn -0.857392 0.514440 0.015193
vn 0.613770 -0.000000 0.789485
vn -0.441854 -0.514440 0.734926
vn -0.886850 -0.317942 -0.335276
vn -0.106250 0.317942 -0.942138
vn 0.821184 0.514440 -0.246998
vn 0.613770 -0.000000 0.789485
vn -0.441854 -0.514440 0.734926
vn -0.886850 -0.317942 -0.335276
vn -0.106250 0.317942 -0.942138
vn 0.821184 0.514440 -0.246998
vn 0.136798 0.000000 -0.990599
vn 0.834665 -0.514440 -0.196686
vn 0.379054 -0.317942 0.869040
vn -0.600397 0.317942 0.733782
vn -0.750120 0.514440 -0.415538
vn 0.136798 0.000000 -0.990599
vn 0.834665 -0.514440 -0.196686
vn 0.379054 -0.317942 0.869040
vn -0.600397 0.317942 0.733782
vn -0.750120 0.514440 -0.415538
vn 0.136798 -0.000000 0.990599
vn -0.750120 -0.514440 0.415538
vn -0.600397 -0.317942 -0.733782
vn 0.379054 0.317942 -0.869040
vn 0.834665 0.514440 0.196686
vn 0.136798 -0.000000 0.990599
vn -0.750120 -0.514440 0.415538
vn -0.600397 -0.317942 -0.733782
vn 0.379054 0.317942 -0.869040
vn 0.834665 0.514440 0.196686
vn 0.613770 0.000000 -0.789485
vn 0.821184 -0.514440 0.246998
vn -0.106250 -0.317942 0.942138
vn -0.886850 0.317942 0.335276
vn -0.441854 0.514440 -0.734926
vn 0.613770 0.000000 -0.789485
vn 0.821184 -0.514440 0.246998
vn -0.106250 -0.317942 0.942138
vn -0.886850 0.317942 0.335276
vn -0.441854 0.514440 -0.734926
vn -0.376829 0.000000 0.926283
vn -0.857392 -0.514440 -0.015193
vn -0.153068 -0.317942 -0.935673
vn 0.762791 0.317942 -0.563084
vn 0.624498 0.514440 0.587668
vn -0.376829 0.000000 0.926283
vn -0.857392 -0.514440 -0.015193
vn -0.153068 -0.317942 -0.935673
vn 0.762791 0.317942 -0.563084
vn 0.624498 0.514440 0.587668
vn 0.926283 0.000000 -0.376829
vn 0.587668 -0.514440 0.624498
vn -0.563084 -0.317942 0.762791
vn -0.935673 0.317942 -0.153068
vn -0.015193 0.514440 -0.857392
vn 0.926283 0.000000 -0.376829
vn 0.587668 -0.514440 0.624498
vn -0.563084 -0.317942 0.762791
vn -0.935673 0.317942 -0.153068
vn -0.015193 0.514440 -0.857392
vn -0.789485 0.000000 0.613770
vn -0.734926 -0.514440 -0.441854
vn 0.335276 -0.317942 -0.886850
vn 0.942138 0.317942 -0.106250
vn 0.246998 0.514440 0.821184
vn -0.789485 0.000000 0.613770
vn -0.734926 -0.514440 -0.441854
vn 0.335276 -0.317942 -0.886850
vn 0.942138 0.317942 -0.106250
vn 0.246998 0.514440 0.821184
vn 0.990599 -0.000000 0.136798
vn 0.196686 -0.514440 0.834665
vn -0.869040 -0.317942 0.379054
vn -0.733782 0.317942 -0.600397
vn 0.415538 0.514440 -0.750120
vn 0.990599 -0.000000 0.136798
vn 0.196686 -0.514440 0.834665
vn -0.869040 -0.317942 0.379054
vn -0.733782 0.317942 -0.600397
vn 0.415538 0.514440 -0.750120
vn -0.990599 0.000000 0.136798
vn -0.415538 -0.514440 -0.750120
vn 0.733782 -0.317942 -0.600397
vn 0.869040 0.317942 0.379054
vn -0.196686 0.514440 0.834665
vn -0.990599 0.000000 0.136798
vn -0.415538 -0.514440 -0.750120
vn 0.733782 -0.317942 -0.600397
vn 0.869040 0.317942 0.379054
vn -0.196686 0.514440 0.834665
vn 0.789485 -0.000000 0.613770
vn -0.246998 -0.514440 0.821184
vn -0.942138 -0.317942 -0.106250
vn -0.335276 0.317942 -0.886850
vn 0.734926 0.514440 -0.441854
vn 0.789485 -0.000000 0.613770
vn -0.246998 -0.514440 0.821184
vn -0.942138 -0.317942 -0.106250
vn -0.335276 0.317942 -0.886850
vn 0.734926 0.514440 -0.441854
vn -0.926283 0.000000 -0.376829
vn 0.015193 -0.514440 -0.857392
vn 0.935673 -0.317942 -0.153068
vn 0.563084 0.317942 0.762791
vn -0.587668 0.514440 0.624498
vn -0.926283 0.000000 -0.376829
vn 0.015193 -0.514440 -0.857392
vn 0.935673 -0.317942 -0.153068
vn 0.563084 0.317942 0.762791
vn -0.587668 0.514440 0.624498
vn 0.376829 -0.000000 0.926283
vn -0.624498 -0.514440 0.587668
vn -0.762791 -0.317942 -0.563084
vn 0.153068 0.317942 -0.935673
vn 0.857392 0.514440 -0.015193
vn 0.376829 -0.000000 0.926283
vn -0.624498 -0.514440 0.587668
vn -0.762791 -0.317942 -0.563084
vn 0.153068 0.317942 -0.935673
vn 0.857392 0.514440 -0.015193
vn -0.613770 0.000000 -0.789485
vn 0.441854 -0.514440 -0.734926
vn 0.886850 -0.317942 0.335276
vn 0.106250 0.317942 0.942138
vn -0.821184 0.514440 0.246998
vn -0.613770 0.000000 -0.789485
vn 0.441854 -0.514440 -0.734926
vn 0.886850 -0.317942 0.335276
vn 0.106250 0.317942 0.942138
vn -0.821184 0.514440 0.246998
vn -0.136798 0.000000 0.990599
vn -0.834665 -0.514440 0.196686
vn -0.379054 -0.317942 -0.869040
vn 0.600397 0.317942 -0.733782
vn 0.750120 0.514440 0.415538
vn -0.136798 0.000000 0.990599
vn -0.834665 -0.514440 0.196686
vn -0.379054 -0.317942 -0.869040
vn 0.600397 0.317942 -0.733782
vn 0.750120 0.514440 0.415538
vn -0.136798 0.000000 -0.990599
vn 0.750120 -0.514440 -0.415538
vn 0.600397 -0.317942 0.733782
vn -0.379054 0.317942 0.869040
vn -0.834665 0.514440 -0.196686
vn -0.136798 0.000000 -0.990599
vn 0.750120 -0.514440 -0.415538
vn 0.600397 -0.317942 0.733782
vn -0.379054 0.317942 0.869040
vn -0.834665 0.514440 -0.196686
vn -0.613770 0.000000 0.789485
vn -0.821184 -0.514440 -0.246998
vn 0.106250 -0.317942 -0.942138
vn 0.886850 0.317942 -0.335276
vn 0.441854 0.514440 0.734926
vn -0.613770 0.000000 0.789485
vn -0.821184 -0.514440 -0.246998
vn 0.106250 -0.317942 -0.942138
vn 0.886850 0.317942 -0.335276
vn 0.441854 0.514440 0.734926
vn 0.376829 0.000000 -0.926283
vn 0.857392 -0.514440 0.015193
vn 0.153068 -0.317942 0.935673
vn -0.762791 0.317942 0.563084
vn -0.624498 0.514440 -0.587668
vn 0.376829 0.000000 -0.926283
vn 0.857392 -0.514440 0.015193
vn 0.153068 -0.317942 0.935673
vn -0.762791 0.317942 0.563084
vn -0.624498 0.514440 -0.587668
vn -0.926283 0.000000 0.376829
vn -0.587668 -0.514440 -0.624498
vn 0.563084 -0.317942 -0.762791
vn 0.935673 0.317942 0.153068
vn 0.015193 0.514440 0.857392
vn -0.926283 0.000000 0.376829
vn -0.587668 -0.514440 -0.624498
vn 0.563084 -0.317942 -0.762791
vn 0.935673 0.317942 0.153068
vn 0.015193 0.514440 0.857392
vn 0.789485 0.000000 -0.613770
vn 0.734926 -0.514440 0.441854
vn -0.335276 -0.317942 0.886850
vn -0.942138 0.317942 0.106250
vn -0.246998 0.514440 -0.821184
vn 0.789485 0.000000 -0.613770
vn 0.734926 -0.514440 0.441854
vn -0.335276 -0.317942 0.886850
vn -0.942138 0.317942 0.106250
vn -0.246998 0.514440 -0.821184
vn -0.990599 0.000000 -0.136798
vn -0.196686 -0.514440 -0.834665
vn 0.869040 -0.317942 -0.379054
vn 0.733782 0.317942 0.600397
vn -0.415538 0.514440 0.750120
vn -0.990599 0.000000 -0.136798
vn -0.196686 -0.514440 -0.834665
vn 0.869040 -0.317942 -0.379054
vn 0.733782 0.317942 0.600397
vn -0.415538 0.514440 0.750120
vn -0.917801 0.000000 -0.397041
vn 0.040322 -0.488722 -0.871507
vn 0.942721 -0.302047 -0.141580
vn 0.542312 0.302047 0.784006
vn -0.607554 0.488722 0.626122
vn -0.917801 0.000000 -0.397041
vn 0.040322 -0.488722 -0.871507
vn 0.942721 -0.302047 -0.141580
vn 0.542312 0.302047 0.784006
vn -0.607554 0.488722 0.626122
vn 0.917801 0.000000 -0.397041
vn 0.607554 -0.488722 0.626122
vn -0.542312 -0.302047 0.784006
vn -0.942721 0.302047 -0.141580
vn -0.040322 0.488722 -0.871507
vn 0.917801 0.000000 -0.397041
vn 0.607554 -0.488722 0.626122
vn -0.542312 -0.302047 0.784006
vn -0.942721 0.302047 -0.141580
vn -0.040322 0.488722 -0.871507
vn -0.596318 0.000000 -0.802748
vn 0.470673 -0.488722 -0.734587
vn 0.887210 -0.302047 0.348748
vn 0.077653 0.302047 0.950125
vn -0.839218 0.488722 0.238461
vn -0.596318 0.000000 -0.802748
vn 0.470673 -0.488722 -0.734587
vn 0.887210 -0.302047 0.348748
vn 0.077653 0.302047 0.950125
vn -0.839218 0.488722 0.238461
vn 0.993359 -0.000000 0.115053
vn 0.213096 -0.488722 0.846015
vn -0.861659 -0.302047 0.407813
vn -0.745630 0.302047 -0.593972
vn 0.400834 0.488722 -0.774908
vn 0.993359 -0.000000 0.115053
vn 0.213096 -0.488722 0.846015
vn -0.861659 -0.302047 0.407813
vn -0.745630 0.302047 -0.593972
vn 0.400834 0.488722 -0.774908
vn -0.115053 0.000000 -0.993359
vn 0.774908 -0.488722 -0.400834
vn 0.593972 -0.302047 0.745630
vn -0.407813 0.302047 0.861659
vn -0.846015 0.488722 -0.213096
vn -0.115053 0.000000 -0.993359
vn 0.774908 -0.488722 -0.400834
vn 0.593972 -0.302047 0.745630
vn -0.407813 0.302047 0.861659
vn -0.846015 0.488722 -0.213096
vn 0.802748 -0.000000 0.596318
vn -0.238461 -0.488722 0.839218
vn -0.950125 -0.302047 -0.077653
vn -0.348748 0.302047 -0.887210
vn 0.734587 0.488722 -0.470673
vn 0.802748 -0.000000 0.596318
vn -0.238461 -0.488722 0.839218
vn -0.950125 -0.302047 -0.077653
vn -0.348748 0.302047 -0.887210
vn 0.734587 0.488722 -0.470673
vn 0.397041 0.000000 -0.917801
vn 0.871507 -0.488722 0.040322
vn 0.141580 -0.302047 0.942721
vn -0.784006 0.302047 0.542312
vn -0.626122 0.488722 -0.607554
vn 0.397041 0.000000 -0.917801
vn 0.871507 -0.488722 0.040322
vn 0.141580 -0.302047 0.942721
vn -0.784006 0.302047 0.542312
vn -0.626122 0.488722 -0.607554
vn 0.397041 -0.000000 0.917801
vn -0.626122 -0.488722 0.607554
vn -0.784006 -0.302047 -0.542312
vn 0.141580 0.302047 -0.942721
vn 0.871507 0.488722 -0.040322
vn 0.397041 -0.000000 0.917801
vn -0.626122 -0.488722 0.607554
vn -0.784006 -0.302047 -0.542312
vn 0.141580 0.302047 -0.942721
vn 0.871507 0.488722 -0.040322
vn 0.802748 0.000000 -0.596318
vn 0.734587 -0.488722 0.470673
vn -0.348748 -0.302047 0.887210
vn -0.950125 0.302047 0.077653
vn -0.238461 0.488722 -0.839218
vn 0.802748 0.000000 -0.596318
vn 0.734587 -0.488722 0.470673
vn -0.348748 -0.302047 0.887210
vn -0.950125 0.302047 0.077653
vn -0.238461 0.488722 -0.839218
vn -0.115053 0.000000 0.993359
vn -0.846015 -0.488722 0.213096
vn -0.407813 -0.302047 -0.861659
vn 0.593972 0.302047 -0.745630
vn 0.774908 0.488722 0.400834
vn -0.115053 0.000000 0.993359
vn -0.846015 -0.488722 0.213096
vn -0.407813 -0.302047 -0.861659
vn 0.593972 0.302047 -0.745630
vn 0.774908 0.488722 0.400834
vn 0.993359 0.000000 -0.115053
vn 0.400834 -0.488722 0.774908
vn -0.745630 -0.302047 0.593972
vn -0.861659 0.302047 -0.407813
vn 0.213096 0.488722 -0.846015
vn 0.993359 0.000000 -0.115053
vn 0.400834 -0.488722 0.774908
vn -0.745630 -0.302047 0.593972
vn -0.861659 0.302047 -0.407813
vn 0.213096 0.488722 -0.846015
vn -0.596318 0.000000 0.802748
vn -0.839218 -0.488722 -0.238461
vn 0.077653 -0.302047 -0.950125
vn 0.887210 0.302047 -0.348748
vn 0.470673 0.488722 0.734587
vn -0.596318 0.000000 0.802748
vn -0.839218 -0.488722 -0.238461
vn 0.077653 -0.302047 -0.950125
vn 0.887210 0.302047 -0.348748
vn 0.470673 0.488722 0.734587
vn 0.917801 -0.000000 0.397041
vn -0.040322 -0.488722 0.871507
vn -0.942721 -0.302047 0.141580
vn -0.542312 0.302047 -0.784006
vn 0.607554 0.488722 -0.626122
vn 0.917801 -0.000000 0.397041
vn -0.040322 -0.488722 0.871507
vn -0.942721 -0.302047 0.141580
vn -0.542312 0.302047 -0.784006
vn 0.607554 0.488722 -0.626122
vn -0.917801 0.000000 0.397041
vn -0.607554 -0.488722 -0.626122
vn 0.542312 -0.302047 -0.784006
vn 0.942721 0.302047 0.141580
vn 0.040322 0.488722 0.871507
vn -0.917801 0.000000 0.397041
vn -0.607554 -0.488722 -0.626122
vn 0.542312 -0.302047 -0.784006
vn 0.942721 0.302047 0.141580
vn 0.040322 0.488722 0.871507
vn 0.596318 -0.000000 0.802748
vn -0.470673 -0.488722 0.734587
vn -0.887210 -0.302047 -0.348748
vn -0.077653 0.302047 -0.950125
vn 0.839218 0.488722 -0.238461
vn 0.596318 -0.000000 0.802748
vn -0.470673 -0.488722 0.734587
vn -0.887210 -0.302047 -0.348748
vn -0.077653 0.302047 -0.950125
vn 0.839218 0.488722 -0.238461
vn -0.993359 0.000000 -0.115053
vn -0.213096 -0.488722 -0.846015
vn 0.861659 -0.302047 -0.407813
vn 0.745630 0.302047 0.593972
vn -0.400834 0.488722 0.774908
vn -0.993359 0.000000 -0.115053
vn -0.213096 -0.488722 -0.846015
vn 0.861659 -0.302047 -0.407813
vn 0.745630 0.302047 0.593972
vn -0.400834 0.488722 0.774908
vn 0.115053 -0.000000 0.993359
vn -0.774908 -0.488722 0.400834
vn -0.593972 -0.302047 -0.745630
vn 0.407813 0.302047 -0.861659
vn 0.846015 0.488722 0.213096
vn 0.115053 -0.000000 0.993359
vn -0.774908 -0.488722 0.400834
vn -0.593972 -0.302047 -0.745630
vn 0.407813 0.302047 -0.861659
vn 0.846015 0.488722 0.213096
vn -0.802748 0.000000 -0.596318
vn 0.238461 -0.488722 -0.839218
vn 0.950125 -0.302047 0.077653
vn 0.348748 0.302047 0.887210
vn -0.734587 0.488722 0.470673
vn -0.802748 0.000000 -0.596318
vn 0.238461 -0.488722 -0.839218
vn 0.950125 -0.302047 0.077653
vn 0.348748 0.302047 0.887210
vn -0.734587 0.488722 0.470673
vn -0.397041 0.000000 0.917801
vn -0.871507 -0.488722 -0.040322
vn -0.141580 -0.302047 -0.942721
vn 0.784006 0.302047 -0.542312
vn 0.626122 0.488722 0.607554
vn -0.397041 0.000000 0.917801
vn -0.871507 -0.488722 -0.040322
vn -0.141580 -0.302047 -0.942721
vn 0.784006 0.302047 -0.542312
vn 0.626122 0.488722 0.607554
vn -0.397041 0.000000 -0.917801
vn 0.626122 -0.488722 -0.607554
vn 0.784006 -0.302047 0.542312
vn -0.141580 0.302047 0.942721
vn -0.871507 0.488722 0.040322
vn -0.397041 0.000000 -0.917801
vn 0.626122 -0.488722 -0.607554
vn 0.784006 -0.302047 0.542312
vn -0.141580 0.302047 0.942721
vn -0.871507 0.488722 0.040322
vn -0.802748 0.000000 0.596318
vn -0.734587 -0.488722 -0.470673
vn 0.348748 -0.302047 -0.887210
vn 0.950125 0.302047 -0.077653
vn 0.238461 0.488722 0.839218
vn -0.802748 0.000000 0.596318
vn -0.734587 -0.488722 -0.470673
vn 0.348748 -0.302047 -0.887210
vn 0.950125 0.302047 -0.077653
vn 0.238461 0.488722 0.839218
vn 0.115053 0.000000 -0.993359
vn 0.846015 -0.488722 -0.213096
vn 0.407813 -0.302047 0.861659
vn -0.593972 0.302047 0.745630
vn -0.774908 0.488722 -0.400834
vn 0.115053 0.000000 -0.993359
vn 0.846015 -0.488722 -0.213096
vn 0.407813 -0.302047 0.861659
vn -0.593972 0.302047 0.745630
vn -0.774908 0.488722 -0.400834
vn -0.993359 0.000000 0.115053
vn -0.400834 -0.488722 -0.774908
vn 0.745630 -0.302047 -0.593972
vn 0.861659 0.302047 0.407813
vn -0.213096 0.488722 0.846015
vn -0.993359 0.000000 0.115053
vn -0.400834 -0.488722 -0.774908
vn 0.745630 -0.302047 -0.593972
vn 0.861659 0.302047 0.407813
vn -0.213096 0.488722 0.846015
vn 0.596318 0.000000 -0.802748
vn 0.839218 -0.488722 0.238461
vn -0.077653 -0.302047 0.950125
vn -0.887210 0.302047 0.348748
vn -0.470673 0.488722 -0.734587
vn 0.596318 0.000000 -0.802748
vn 0.839218 -0.488722 0.238461
vn -0.077653 -0.302047 0.950125
vn -0.887210 0.302047 0.348748
vn -0.470673 0.488722 -0.734587
vn 0.987389 0.000000 -0.158315
vn 0.436669 -0.462661 0.771534
vn -0.717512 -0.285941 0.635149
vn -0.880116 0.285941 -0.378990
vn 0.173570 0.462661 -0.869378
vn 0.987389 0.000000 -0.158315
vn 0.436669 -0.462661 0.771534
vn -0.717512 -0.285941 0.635149
vn -0.880116 0.285941 -0.378990
vn 0.173570 0.462661 -0.869378
vn -0.775946 0.000000 -0.630799
vn 0.284373 -0.462661 -0.839688
vn 0.951698 -0.285941 0.111843
vn 0.303809 0.285941 0.908811
vn -0.763934 0.462661 0.449833
vn -0.775946 0.000000 -0.630799
vn 0.284373 -0.462661 -0.839688
vn 0.951698 -0.285941 0.111843
vn 0.303809 0.285941 0.908811
vn -0.763934 0.462661 0.449833
vn 0.934261 -0.000000 0.356589
vn -0.007600 -0.462661 0.886502
vn -0.938958 -0.285941 0.191299
vn -0.572708 0.285941 -0.768273
vn 0.585005 0.462661 -0.666118
vn 0.934261 -0.000000 0.356589
vn -0.007600 -0.462661 0.886502
vn -0.938958 -0.285941 0.191299
vn -0.572708 0.285941 -0.768273
vn 0.585005 0.462661 -0.666118
vn -0.356589 0.000000 -0.934261
vn 0.666118 -0.462661 -0.585005
vn 0.768273 -0.285941 0.572708
vn -0.191299 0.285941 0.938958
vn -0.886502 0.462661 0.007600
vn -0.356589 0.000000 -0.934261
vn 0.666118 -0.462661 -0.585005
vn 0.768273 -0.285941 0.572708
vn -0.191299 0.285941 0.938958
vn -0.886502 0.462661 0.007600
vn 0.630799 -0.000000 0.775946
vn -0.449833 -0.462661 0.763934
vn -0.908811 -0.285941 -0.303809
vn -0.111843 0.285941 -0.951698
vn 0.839688 0.462661 -0.284373
vn 0.630799 -0.000000 0.775946
vn -0.449833 -0.462661 0.763934
vn -0.908811 -0.285941 -0.303809
vn -0.111843 0.285941 -0.951698
vn 0.839688 0.462661 -0.284373
vn 0.158315 0.000000 -0.987389
vn 0.869378 -0.462661 -0.173570
vn 0.378990 -0.285941 0.880116
vn -0.635149 0.285941 0.717512
vn -0.771534 0.462661 -0.436669
vn 0.158315 0.000000 -0.987389
vn 0.869378 -0.462661 -0.173570
vn 0.378990 -0.285941 0.880116
vn -0.635149 0.285941 0.717512
vn -0.771534 0.462661 -0.436669
vn 0.158315 -0.000000 0.987389
vn -0.771534 -0.462661 0.436669
vn -0.635149 -0.285941 -0.717512
vn 0.378990 0.285941 -0.880116
vn 0.869378 0.462661 0.173570
vn 0.158315 -0.000000 0.987389
vn -0.771534 -0.462661 0.436669
vn -0.635149 -0.285941 -0.717512
vn 0.378990 0.285941 -0.880116
vn 0.869378 0.462661 0.173570
vn 0.630799 0.000000 -0.775946
vn 0.839688 -0.462661 0.284373
vn -0.111843 -0.285941 0.951698
vn -0.908811 0.285941 0.303809
vn -0.449833 0.462661 -0.763934
vn 0.630799 0.000000 -0.775946
vn 0.839688 -0.462661 0.284373
vn -0.111843 -0.285941 0.951698
vn -0.908811 0.285941 0.303809
vn -0.449833 0.462661 -0.763934
vn -0.356589 0.000000 0.934261
vn -0.886502 -0.462661 -0.007600
vn -0.191299 -0.285941 -0.938958
vn 0.768273 0.285941 -0.572708
vn 0.666118 0.462661 0.585005
vn -0.356589 0.000000 0.934261
vn -0.886502 -0.462661 -0.007600
vn -0.191299 -0.285941 -0.938958
vn 0.768273 0.285941 -0.572708
vn 0.666118 0.462661 0.585005
vn 0.934261 0.000000 -0.356589
vn 0.585005 -0.462661 0.666118
vn -0.572708 -0.285941 0.768273
vn -0.938958 0.285941 -0.191299
vn -0.007600 0.462661 -0.886502
vn 0.934261 0.000000 -0.356589
vn 0.585005 -0.462661 0.666118
vn -0.572708 -0.285941 0.768273
vn -0.938958 0.285941 -0.191299
vn -0.007600 0.462661 -0.886502
vn -0.775946 0.000000 0.630799
vn -0.763934 -0.462661 -0.449833
vn 0.303809 -0.285941 -0.908811
vn 0.951698 0.285941 -0.111843
vn 0.284373 0.462661 0.839688
vn -0.775946 0.000000 0.630799
vn -0.763934 -0.462661 -0.449833
vn 0.303809 -0.285941 -0.908811
vn 0.951698 0.285941 -0.111843
vn 0.284373 0.462661 0.839688
vn 0.987389 -0.000000 0.158315
vn 0.173570 -0.462661 0.869378
vn -0.880116 -0.285941 0.378990
vn -0.717512 0.285941 -0.635149
vn 0.436669 0.462661 -0.771534
vn 0.987389 -0.000000 0.158315
vn 0.173570 -0.462661 0.869378
vn -0.880116 -0.285941 0.378990
vn -0.717512 0.285941 -0.635149
vn 0.436669 0.462661 -0.771534
vn -0.987389 0.000000 0.158315
vn -0.436669 -0.462661 -0.771534
vn 0.717512 -0.285941 -0.635149
vn 0.880116 0.285941 0.378990
vn -0.173570 0.462661 0.869378
vn -0.987389 0.000000 0.158315
vn -0.436669 -0.462661 -0.771534
vn 0.717512 -0.285941 -0.635149
vn 0.880116 0.285941 0.378990
vn -0.173570 0.462661 0.869378
vn 0.775946 -0.000000 0.630799
vn -0.284373 -0.462661 0.839688
vn -0.951698 -0.285941 -0.111843
vn -0.303809 0.285941 -0.908811
vn 0.763934 0.462661 -0.449833
vn 0.775946 -0.000000 0.630799
vn -0.284373 -0.462661 0.839688
vn -0.951698 -0.285941 -0.111843
vn -0.303809 0.285941 -0.908811
vn 0.763934 0.462661 -0.449833
vn -0.934261 0.000000 -0.356589
vn 0.007600 -0.462661 -0.886502
vn 0.938958 -0.285941 -0.191299
vn 0.572708 0.285941 0.768273
vn -0.585005 0.462661 0.666118
vn -0.934261 0.000000 -0.356589
vn 0.007600 -0.462661 -0.886502
vn 0.938958 -0.285941 -0.191299
vn 0.572708 0.285941 0.768273
vn -0.585005 0.462661 0.666118
vn 0.356589 -0.000000 0.934261
vn -0.666118 -0.462661 0.585005
vn -0.768273 -0.285941 -0.572708
vn 0.191299 0.285941 -0.938958
vn 0.886502 0.462661 -0.007600
vn 0.356589 -0.000000 0.934261
vn -0.666118 -0.462661 0.585005
vn -0.768273 -0.285941 -0.572708
vn 0.191299 0.285941 -0.938958
vn 0.886502 0.462661 -0.007600
vn -0.630799 0.000000 -0.775946
vn 0.449833 -0.462661 -0.763934
vn 0.908811 -0.285941 0.303809
vn 0.111843 0.285941 0.951698
vn -0.839688 0.462661 0.284373
vn -0.630799 0.000000 -0.775946
vn 0.449833 -0.462661 -0.763934
vn 0.908811 -0.285941 0.303809
vn 0.111843 0.285941 0.951698
vn -0.839688 0.462661 0.284373
vn -0.158315 0.000000 0.987389
vn -0.869378 -0.462661 0.173570
vn -0.378990 -0.285941 -0.880116
vn 0.635149 0.285941 -0.717512
vn 0.771534 0.462661 0.436669
vn -0.158315 0.000000 0.987389
vn -0.869378 -0.462661 0.173570
vn -0.378990 -0.285941 -0.880116
vn 0.635149 0.285941 -0.717512
vn 0.771534 0.462661 0.436669
vn -0.158315 0.000000 -0.987389
vn 0.771534 -0.462661 -0.436669
vn 0.635149 -0.285941 0.717512
vn -0.378990 0.285941 0.880116
vn -0.869378 0.462661 -0.173570
vn -0.158315 0.000000 -0.987389
vn 0.771534 -0.462661 -0.436669
vn 0.635149 -0.285941 0.717512
vn -0.378990 0.285941 0.880116
vn -0.869378 0.462661 -0.173570
vn -0.630799 0.000000 0.775946
vn -0.839688 -0.462661 -0.284373
vn 0.111843 -0.285941 -0.951698
vn 0.908811 0.285941 -0.303809
vn 0.449833 0.462661 0.763934
vn -0.630799 0.000000 0.775946
vn -0.839688 -0.462661 -0.284373
vn 0.111843 -0.285941 -0.951698
vn 0.908811 0.285941 -0.303809
vn 0.449833 0.462661 0.763934
vn 0.356589 0.000000 -0.934261
vn 0.886502 -0.462661 0.007600
vn 0.191299 -0.285941 0.938958
vn -0.768273 0.285941 0.572708
vn -0.666118 0.462661 -0.585005
vn 0.356589 0.000000 -0.934261
vn 0.886502 -0.462661 0.007600
vn 0.191299 -0.285941 0.938958
vn -0.768273 0.285941 0.572708
vn -0.666118 0.462661 -0.585005
vn -0.934261 0.000000 0.356589
vn -0.585005 -0.462661 -0.666118
vn 0.572708 -0.285941 -0.768273
vn 0.938958 0.285941 0.191299
vn 0.007600 0.462661 0.886502
vn -0.934261 0.000000 0.356589
vn -0.585005 -0.462661 -0.666118
vn 0.572708 -0.285941 -0.768273
vn 0.938958 0.285941 0.191299
vn 0.007600 0.462661 0.886502
vn 0.775946 0.000000 -0.630799
vn 0.763934 -0.462661 0.449833
vn -0.303809 -0.285941 0.908811
vn -0.951698 0.285941 0.111843
vn -0.284373 0.462661 -0.839688
vn 0.775946 0.000000 -0.630799
vn 0.763934 -0.462661 0.449833
vn -0.303809 -0.285941 0.908811
vn -0.951698 0.285941 0.111843
vn -0.284373 0.462661 -0.839688
vn -0.987389 0.000000 -0.158315
vn -0.173570 -0.462661 -0.869378
vn 0.880116 -0.285941 -0.378990
vn 0.717512 0.285941 0.635149
vn -0.436669 0.462661 0.771534
vn -0.987389 0.000000 -0.158315
vn -0.173570 -0.462661 -0.869378
vn 0.880116 -0.285941 -0.378990
vn 0.717512 0.285941 0.635149
vn -0.436669 0.462661 0.771534
vn -0.965926 0.000000 -0.258819
vn -0.298487 -0.951057 -0.079979
vn 0.781450 -0.587785 0.209389
vn 0.781450 0.587785 0.209389
vn -0.298487 0.951057 -0.079979
vn -0.965926 0.000000 -0.258819
vn -0.298487 -0.951057 -0.079979
vn 0.781450 -0.587785 0.209389
vn 0.781450 0.587785 0.209389
vn -0.298487 0.951057 -0.079979
vn -0.707107 0.000000 -0.707107
vn -0.218508 -0.951057 -0.218508
vn 0.572061 -0.587785 0.572061
vn 0.572061 0.587785 0.572061
vn -0.218508 0.951057 -0.218508
vn -0.707107 0.000000 -0.707107
vn -0.218508 -0.951057 -0.218508
vn 0.572061 -0.587785 0.572061
vn 0.572061 0.587785 0.572061
vn -0.218508 0.951057 -0.218508
vn -0.258819 0.000000 -0.965926
vn -0.079979 -0.951057 -0.298487
vn 0.209389 -0.587785 0.781450
vn 0.209389 0.587785 0.781450
vn -0.079979 0.951057 -0.298487
vn -0.258819 0.000000 -0.965926
vn -0.079979 -0.951057 -0.298487
vn 0.209389 -0.587785 0.781450
vn 0.209389 0.587785 0.781450
vn -0.079979 0.951057 -0.298487
vn 0.258819 0.000000 -0.965926
vn 0.079979 -0.951057 -0.298487
vn -0.209389 -0.587785 0.781450
vn -0.209389 0.587785 0.781450
vn 0.079979 0.951057 -0.298487
vn 0.258819 0.000000 -0.965926
vn 0.079979 -0.951057 -0.298487
vn -0.209389 -0.587785 0.781450
vn -0.209389 0.587785 0.781450
vn 0.079979 0.951057 -0.298487
vn 0.707107 0.000000 -0.707107
vn 0.218508 -0.951057 -0.218508
vn -0.572061 -0.587785 0.572061
vn -0.572061 0.587785 0.572061
vn 0.218508 0.951057 -0.218508
vn 0.707107 0.000000 -0.707107
vn 0.218508 -0.951057 -0.218508
vn -0.572061 -0.587785 0.572061
vn -0.572061 0.587785 0.572061
vn 0.218508 0.951057 -0.218508
vn 0.965926 0.000000 -0.258819
vn 0.298487 -0.951057 -0.079979
vn -0.781450 -0.587785 0.209389
vn -0.781450 0.587785 0.209389
vn 0.298487 0.951057 -0.079979
vn 0.965926 0.000000 -0.258819
vn 0.298487 -0.951057 -0.079979
vn -0.781450 -0.587785 0.209389
vn -0.781450 0.587785 0.209389
vn 0.298487 0.951057 -0.079979
vn 0.965926 -0.000000 0.258819
vn 0.298487 -0.951057 0.079979
vn -0.781450 -0.587785 -0.209389
vn -0.781450 0.587785 -0.209389
vn 0.298487 0.951057 0.079979
vn 0.965926 -0.000000 0.258819
vn 0.298487 -0.951057 0.079979
vn -0.781450 -0.587785 -0.209389
vn -0.781450 0.587785 -0.209389
vn 0.298487 0.951057 0.079979
vn 0.707107 -0.000000 0.707107
vn 0.218508 -0.951057 0.218508
vn -0.572061 -0.587785 -0.572061
vn -0.572061 0.587785 -0.572061
vn 0.218508 0.951057 0.218508
vn 0.707107 -0.000000 0.707107
vn 0.218508 -0.951057 0.218508
vn -0.572061 -0.587785 -0.572061
vn -0.572061 0.587785 -0.572061
vn 0.218508 0.951057 0.218508
vn 0.258819 -0.000000 0.965926
vn 0.079979 -0.951057 0.298487
vn -0.209389 -0.587785 -0.781450
vn -0.209389 0.587785 -0.781450
vn 0.079979 0.951057 0.298487
vn 0.258819 -0.000000 0.965926
vn 0.079979 -0.951057 0.298487
vn -0.209389 -0.587785 -0.781450
vn -0.209389 0.587785 -0.781450
vn 0.079979 0.951057 0.298487
vn -0.258819 0.000000 0.965926
vn -0.079979 -0.951057 0.298487
vn 0.209389 -0.587785 -0.781450
vn 0.209389 0.587785 -0.781450
vn -0.079979 0.951057 0.298487
vn -0.258819 0.000000 0.965926
vn -0.079979 -0.951057 0.298487
vn 0.209389 -0.587785 -0.781450
vn 0.209389 0.587785 -0.781450
vn -0.079979 0.951057 0.298487
vn -0.707107 0.000000 0.707107
vn -0.218508 -0.951057 0.218508
vn 0.572061 -0.587785 -0.572061
vn 0.572061 0.587785 -0.572061
vn -0.218508 0.951057 0.218508
vn -0.707107 0.000000 0.707107
vn -0.218508 -0.951057 0.218508
vn 0.572061 -0.587785 -0.572061
vn 0.572061 0.587785 -0.572061
vn -0.218508 0.951057 0.218508
vn -0.965926 0.000000 0.258819
vn -0.298487 -0.951057 0.079979
vn 0.781450 -0.587785 -0.209389
vn 0.781450 0.587785 -0.209389
vn -0.298487 0.951057 0.079979
vn -0.965926 0.000000 0.258819
vn -0.298487 -0.951057 0.079979
vn 0.781450 -0.587785 -0.209389
vn 0.781450 0.587785 -0.209389
vn -0.298487 0.951057 0.079979
f 1/1/1 6/6/6 2/2/2
f 2/2/2 6/6/6 7/7/7
f 2/2/2 7/7/7 3/3/3
f 3/3/3 7/7/7 8/8/8
f 3/3/3 8/8/8 4/4/4
f 4/4/4 8/8/8 9/9/9
f 4/4/4 9/9/9 5/5/5
f 5/5/5 9/9/9 10/10/10
f 5/5/5 10/10/10 1/1/1
f 1/1/1 10/10/10 6/6/6
f 11/11/11 16/16/16 12/12/12
f 12/12/12 16/16/16 17/17/17
f 12/12/12 17/17/17 13/13/13
f 13/13/13 17/17/17 18/18/18
f 13/13/13 18/18/18 14/14/14
f 14/14/14 18/18/18 19/19/19
f 14/14/14 19/19/19 15/15/15
f 15/15/15 19/19/19 20/20/20
f 15/15/15 20/20/20 11/11/11
f 11/11/11 20/20/20 16/16/16
f 21/21/21 26/26/26 22/22/22
f 22/22/22 26/26/26 27/27/27
f 22/22/22 27/27/27 23/23/23
f 23/23/23 27/27/27 28/28/28
f 23/23/23 28/28/28 24/24/24
f 24/24/24 28/28/28 29/29/29
f 24/24/24 29/29/29 25/25/25
f 25/25/25 29/29/29 30/30/30
f 25/25/25 30/30/30 21/21/21
f 21/21/21 30/30/30 26/26/26
f 31/31/31 36/36/36 32/32/32
f 32/32/32 36/36/36 37/37/37
f 32/32/32 37/37/37 33/33/33
f 33/33/33 37/37/37 38/38/38
f 33/33/33 38/38/38 34/34/34
f 34/34/34 38/38/38 39/39/39
f 34/34/34 39/39/39 35/35/35
f 35/35/35 39/39/39 40/40/40
f 35/35/35 40/40/40 31/31/31
f 31/31/31 40/40/40 36/36/36
f 41/41/41 46/46/46 42/42/42
f 42/42/42 46/46/46 47/47/47
f 42/42/42 47/47/47 43/43/43
f 43/43/43 47/47/47 48/48/48
f 43/43/43 48/48/48 44/44/44
f 44/44/44 48/48/48 49/49/49
f 44/44/44 49/49/49 45/45/45
f 45/45/45 49/49/49 50/50/50
f 45/45/45 50/50/50 41/41/41
f 41/41/41 50/50/50 46/46/46
f 51/51/51 56/56/56 52/52/52
f 52/52/52 56/56/56 57/57/57
f 52/52/52 57/57/57 53/53/53
f 53/53/53 57/57/57 58/58/58
f 53/53/53 58/58/58 54/54/54
f 54/54/54 58/58/58 59/59/59
f 54/54/54 59/59/59 55/55/55
f 55/55/55 59/59/59 60/60/60
f 55/55/55 60/60/60 51/51/51
f 51/51/51 60/60/60 56/56/56
f 61/61/61 66/66/66 62/62/62
f 62/62/62 66/66/66 67/67/67
f 62/62/62 67/67/67 63/63/63
f 63/63/63 67/67/67 68/68/68
f 63/63/63 68/68/68 64/64/64
f 64/64/64 68/68/68 69/69/69
f 64/64/64 69/69/69 65/65/65
f 65/65/65 69/69/69 70/70/70
f 65/65/65 70/70/70 61/61/61
f 61/61/61 70/70/70 66/66/66
f 71/71/71 76/76/76 72/72/72
f 72/72/72 76/76/76 77/77/77
f 72/72/72 77/77/77 73/73/73
f 73/73/73 77/77/77 78/78/78
f 73/73/73 78/78/78 74/74/74
f 74/74/74 78/78/78 79/79/79
f 74/74/74 79/79/79 75/75/75
f 75/75/75 79/79/79 80/80/80
f 75/75/75 80/80/80 71/71/71
f 71/71/71 80/80/80 76/76/76
f 81/81/81 86/86/86 82/82/82
f 82/82/82 86/86/86 87/87/87
f 82/82/82 87/87/87 83/83/83
f 83/83/83 87/87/87 88/88/88
f 83/83/83 88/88/88 84/84/84
f 84/84/84 88/88/88 89/89/89
f 84/84/84 89/89/89 85/85/85
f 85/85/85 89/89/89 90/90/90
f 85/85/85 90/90/90 81/81/81
f 81/81/81 90/90/90 86/86/86
f 91/91/91 96/96/96 92/92/92
f 92/92/92 96/96/96 97/97/97
f 92/92/92 97/97/97 93/93/93
f 93/93/93 97/97/97 98/98/98
f 93/93/93 98/98/98 94/94/94
f 94/94/94 98/98/98 99/99/99
f 94/94/94 99/99/99 95/95/95
f 95/95/95 99/99/99 100/100/100
f 95/95/95 100/100/100 91/91/91
f 91/91/91 100/100/100 96/96/96
f 101/101/101 106/106/106 102/102/102
f 102/102/102 106/106/106 107/107/107
f 102/102/102 107/107/107 103/103/103
f 103/103/103 107/107/107 108/108/108
f 103/103/103 108/108/108 104/104/104
f 104/104/104 108/108/108 109/109/109
f 104/104/104 109/109/109 105/105/105
f 105/105/105 109/109/109 110/110/110
f 105/105/105 110/110/110 101/101/101
f 101/101/101 110/110/110 106/106/106
f 111/111/111 116/116/116 112/112/112
f 112/112/112 116/116/116 117/117/117
f 112/112/112 117/117/117 113/113/113
f 113/113/113 117/117/117 118/118/118
f 113/113/113 118/118/118 114/114/114
f 114/114/114 118/118/118 119/119/119
f 114/114/114 119/119/119 115/115/115
f 115/115/115 119/119/119 120/120/120
f 115/115/115 120/120/120 111/111/111
f 111/111/111 120/120/120 116/116/116
f 121/121/121 126/126/126 122/122/122
f 122/122/122 126/126/126 127/127/127
f 122/122/122 127/127/127 123/123/123
f 123/123/123 127/127/127 128/128/128
f 123/123/123 128/128/128 124/124/124
f 124/124/124 128/128/128 129/129/129
f 124/124/124 129/129/129 125/125/125
f 125/125/125 129/129/129 130/130/130
f 125/125/125 130/130/130 121/121/121
f 121/121/121 130/130/130 126/126/126
f 131/131/131 136/136/136 132/132/132
f 132/132/132 136/136/136 137/137/137
f 132/132/132 137/137/137 133/133/133
f 133/133/133 137/137/137 138/138/138
f 133/133/133 138/138/138 134/134/134
f 134/134/134 138/138/138 139/139/139
f 134/134/134 139/139/139 135/135/135
f 135/135/135 139/139/139 140/140/140
f 135/135/135 140/140/140 131/131/131
f 131/131/131 140/140/140 136/136/136
f 141/141/141 146/146/146 142/142/142
f 142/142/142 146/146/146 147/147/147
f 142/142/142 147/147/147 143/143/143
f 143/143/143 147/147/147 148/148/148
f 143/143/143 148/148/148 144/144/144
f 144/144/144 148/148/148 149/149/149
f 144/144/144 149/149/149 145/145/145
f 145/145/145 149/149/149 150/150/150
f 145/145/145 150/150/150 141/141/141
f 141/141/141 150/150/150 146/146/146
f 151/151/151 156/156/156 152/152/152
f 152/152/152 156/156/156 157/157/157
f 152/152/152 157/157/157 153/153/153
f 153/153/153 157/157/157 158/158/158
f 153/153/153 158/158/158 154/154/154
f 154/154/154 158/158/158 159/159/159
f 154/154/154 159/159/159 155/155/155
f 155/155/155 159/159/159 160/160/160
f 155/155/155 160/160/160 151/151/151
f 151/151/151 160/160/160 156/156/156
f 161/161/161 166/166/166 162/162/162
f 162/162/162 166/166/166 167/167/167
f 162/162/162 167/167/167 163/163/163
f 163/163/163 167/167/167 168/168/168
f 163/163/163 168/168/168 164/164/164
f 164/164/164 168/168/168 169/169/169
f 164/164/164 169/169/169 165/165/165
f 165/165/165 169/169/169 170/170/170
f 165/165/165 170/170/170 161/161/161
f 161/161/161 170/170/170 166/166/166
f 171/171/171 176/176/176 172/172/172
f 172/172/172 176/176/176 177/177/177
f 172/172/172 177/177/177 173/173/173
f 173/173/173 177/177/177 178/178/178
f 173/173/173 178/178/178 174/174/174
f 174/174/174 178/178/178 179/179/179
f 174/174/174 179/179/179 175/175/175
f 175/175/175 179/179/179 180/180/180
f 175/175/175 180/180/180 171/171/171
f 171/171/171 180/180/180 176/176/176
f 181/181/181 186/186/186 182/182/182
f 182/182/182 186/186/186 187/187/187
f 182/182/182 187/187/187 183/183/183
f 183/183/183 187/187/187 188/188/188
f 183/183/183 188/188/188 184/184/184
f 184/184/184 188/188/188 189/189/189
f 184/184/184 189/189/189 185/185/185
f 185/185/185 189/189/189 190/190/190
f 185/185/185 190/190/190 181/181/181
f 181/181/181 190/190/190 186/186/186
f 191/191/191 196/196/196 192/192/192
f 192/192/192 196/196/196 197/197/197
f 192/192/192 197/197/197 193/193/193
f 193/193/193 197/197/197 198/198/198
f 193/193/193 198/198/198 194/194/194
f 194/194/194 198/198/198 199/199/199
f 194/194/194 199/199/199 195/195/195
f 195/195/195 199/199/199 200/200/200
f 195/195/195 200/200/200 191/191/191
f 191/191/191 200/200/200 196/196/196
f 201/201/201 206/206/206 202/202/202
f 202/202/202 206/206/206 207/207/207
f 202/202/202 207/207/207 203/203/203
f 203/203/203 207/207/207 208/208/208
f 203/203/203 208/208/208 204/204/204
f 204/204/204 208/208/208 209/209/209
f 204/204/204 209/209/209 205/205/205
f 205/205/205 209/209/209 210/210/210
f 205/205/205 210/210/210 201/201/201
f 201/201/201 210/210/210 206/206/206
f 211/211/211 216/216/216 212/212/212
f 212/212/212 216/216/216 217/217/217
f 212/212/212 217/217/217 213/213/213
f 213/213/213 217/217/217 218/218/218
f 213/213/213 218/218/218 214/214/214
f 214/214/214 218/218/218 219/219/219
f 214/214/214 219/219/219 215/215/215
f 215/215/215 219/219/219 220/220/220
f 215/215/215 220/220/220 211/211/211
f 211/211/211 220/220/220 216/216/216
f 221/221/221 226/226/226 222/222/222
f 222/222/222 226/226/226 227/227/227
f 222/222/222 227/227/227 223/223/223
f 223/223/223 227/227/227 228/228/228
f 223/223/223 228/228/228 224/224/224
f 224/224/224 228/228/228 229/229/229
f 224/224/224 229/229/229 225/225/225
f 225/225/225 229/229/229 230/230/230
f 225/225/225 230/230/230 221/221/221
f 221/221/221 230/230/230 226/226/226
f 231/231/231 236/236/236 232/232/232
f 232/232/232 236/236/236 237/237/237
f 232/232/232 237/237/237 233/233/233
f 233/233/233 237/237/237 238/238/238
f 233/233/233 238/238/238 234/234/234
f 234/234/234 238/238/238 239/239/239
f 234/234/234 239/239/239 235/235/235
f 235/235/235 239/239/239 240/240/240
f 235/235/235 240/240/240 231/231/231
f 231/231/231 240/240/240 236/236/236
f 241/241/241 246/246/246 242/242/242
f 242/242/242 246/246/246 247/247/247
f 242/242/242 247/247/247 243/243/243
f 243/243/243 247/247/247 248/248/248
f 243/243/243 248/248/248 244/244/244
f 244/244/244 248/248/248 249/249/249
f 244/244/244 249/249/249 245/245/245
f 245/245/245 249/249/249 250/250/250
f 245/245/245 250/250/250 241/241/241
f 241/241/241 250/250/250 246/246/246
f 251/251/251 256/256/256 252/252/252
f 252/252/252 256/256/256 257/257/257
f 252/252/252 257/257/257 253/253/253
f 253/253/253 257/257/257 258/258/258
f 253/253/253 258/258/258 254/254/254
f 254/254/254 258/258/258 259/259/259
f 254/254/254 259/259/259 255/255/255
f 255/255/255 259/259/259 260/260/260
f 255/255/255 260/260/260 251/251/251
f 251/251/251 260/260/260 256/256/256
f 261/261/261 266/266/266 262/262/262
f 262/262/262 266/266/266 267/267/267
f 262/262/262 267/267/267 263/263/263
f 263/263/263 267/267/267 268/268/268
f 263/263/263 268/268/268 264/264/264
f 264/264/264 268/268/268 269/269/269
f 264/264/264 269/269/269 265/265/265
f 265/265/265 269/269/269 270/270/270
f 265/265/265 270/270/270 261/261/261
f 261/261/261 270/270/270 266/266/266
f 271/271/271 276/276/276 272/272/272
f 272/272/272 276/276/276 277/277/277
f 272/272/272 277/277/277 273/273/273
f 273/273/273 277/277/277 278/278/278
f 273/273/273 278/278/278 274/274/274
f 274/274/274 278/278/278 279/279/279
f 274/274/274 279/279/279 275/275/275
f 275/275/275 279/279/279 280/280/280
f 275/275/275 280/280/280 271/271/271
f 271/271/271 280/280/280 276/276/276
f 281/281/281 286/286/286 282/282/282
f 282/282/282 286/286/286 287/287/287
f 282/282/282 287/287/287 283/283/283
f 283/283/283 287/287/287 288/288/288
f 283/283/283 288/288/288 284/284/284
f 284/284/284 288/288/288 289/289/289
f 284/284/284 289/289/289 285/285/285
f 285/285/285 289/289/289 290/290/290
f 285/285/285 290/290/290 281/281/281
f 281/281/281 290/290/290 286/286/286
f 291/291/291 296/296/296 292/292/292
f 292/292/292 296/296/296 297/297/297
f 292/292/292 297/297/297 293/293/293
f 293/293/293 297/297/297 298/298/298
f 293/293/293 298/298/298 294/294/294
f 294/294/294 298/298/298 299/299/299
f 294/294/294 299/299/299 295/295/295
f 295/295/295 299/299/299 300/300/300
f 295/295/295 300/300/300 291/291/291
f 291/291/291 300/300/300 296/296/296
f 301/301/301 306/306/306 302/302/302
f 302/302/302 306/306/306 307/307/307
f 302/302/302 307/307/307 303/303/303
f 303/303/303 307/307/307 308/308/308
f 303/303/303 308/308/308 304/304/304
f 304/304/304 308/308/308 309/309/309
f 304/304/304 309/309/309 305/305/305
f 305/305/305 309/309/309 310/310/310
f 305/305/305 310/310/310 301/301/301
f 301/301/301 310/310/310 306/306/306
f 311/311/311 316/316/316 312/312/312
f 312/312/312 316/316/316 317/317/317
f 312/312/312 317/317/317 313/313/313
f 313/313/313 317/317/317 318/318/318
f 313/313/313 318/318/318 314/314/314
f 314/314/314 318/318/318 319/319/319
f 314/314/314 319/319/319 315/315/315
f 315/315/315 319/319/319 320/320/320
f 315/315/315 320/320/320 311/311/311
f 311/311/311 320/320/320 316/316/316
f 321/321/321 326/326/326 322/322/322
f 322/322/322 326/326/326 327/327/327
f 322/322/322 327/327/327 323/323/323
f 323/323/323 327/327/327 328/328/328
f 323/323/323 328/328/328 324/324/324
f 324/324/324 328/328/328 329/329/329
f 324/324/324 329/329/329 325/325/325
f 325/325/325 329/329/329 330/330/330
f 325/325/325 330/330/330 321/321/321
f 321/321/321 330/330/330 326/326/326
f 331/331/331 336/336/336 332/332/332
f 332/332/332 336/336/336 337/337/337
f 332/332/332 337/337/337 333/333/333
f 333/333/333 337/337/337 338/338/338
f 333/333/333 338/338/338 334/334/334
f 334/334/334 338/338/338 339/339/339
f 334/334/334 339/339/339 335/335/335
f 335/335/335 339/339/339 340/340/340
f 335/335/335 340/340/340 331/331/331
f 331/331/331 340/340/340 336/336/336
f 341/341/341 346/346/346 342/342/342
f 342/342/342 346/346/346 347/347/347
f 342/342/342 347/347/347 343/343/343
f 343/343/343 347/347/347 348/348/348
f 343/343/343 348/348/348 344/344/344
f 344/344/344 348/348/348 349/349/349
f 344/344/344 349/349/349 345/345/345
f 345/345/345 349/349/349 350/350/350
f 345/345/345 350/350/350 341/341/341
f 341/341/341 350/350/350 346/346/346
f 351/351/351 356/356/356 352/352/352
f 352/352/352 356/356/356 357/357/357
f 352/352/352 357/357/357 353/353/353
f 353/353/353 357/357/357 358/358/358
f 353/353/353 358/358/358 354/354/354
f 354/354/354 358/358/358 359/359/359
f 354/354/354 359/359/359 355/355/355
f 355/355/355 359/359/359 360/360/360
f 355/355/355 360/360/360 351/351/351
f 351/351/351 360/360/360 356/356/356
f 361/361/361 366/366/366 362/362/362
f 362/362/362 366/366/366 367/367/367
f 362/362/362 367/367/367 363/363/363
f 363/363/363 367/367/367 368/368/368
f 363/363/363 368/368/368 364/364/364
f 364/364/364 368/368/368 369/369/369
f 364/364/364 369/369/369 365/365/365
f 365/365/365 369/369/369 370/370/370
f 365/365/365 370/370/370 361/361/361
f 361/361/361 370/370/370 366/366/366
f 371/371/371 376/376/376 372/372/372
f 372/372/372 376/376/376 377/377/377
f 372/372/372 377/377/377 373/373/373
f 373/373/373 377/377/377 378/378/378
f 373/373/373 378/378/378 374/374/374
f 374/374/374 378/378/378 379/379/379
f 374/374/374 379/379/379 375/375/375
f 375/375/375 379/379/379 380/380/380
f 375/375/375 380/380/380 371/371/371
f 371/371/371 380/380/380 376/376/376
f 381/381/381 386/386/386 382/382/382
f 382/382/382 386/386/386 387/387/387
f 382/382/382 387/387/387 383/383/383
f 383/383/383 387/387/387 388/388/388
f 383/383/383 388/388/388 384/384/384
f 384/384/384 388/388/388 389/389/389
f 384/384/384 389/389/389 385/385/385
f 385/385/385 389/389/389 390/390/390
f 385/385/385 390/390/390 381/381/381
f 381/381/381 390/390/390 386/386/386
f 391/391/391 396/396/396 392/392/392
f 392/392/392 396/396/396 397/397/397
f 392/392/392 397/397/397 393/393/393
f 393/393/393 397/397/397 398/398/398
f 393/393/393 398/398/398 394/394/394
f 394/394/394 398/398/398 399/399/399
f 394/394/394 399/399/399 395/395/395
f 395/395/395 399/399/399 400/400/400
f 395/395/395 400/400/400 391/391/391
f 391/391/391 400/400/400 396/396/396
f 401/401/401 406/406/406 402/402/402
f 402/402/402 406/406/406 407/407/407
f 402/402/402 407/407/407 403/403/403
f 403/403/403 407/407/407 408/408/408
f 403/403/403 408/408/408 404/404/404
f 404/404/404 408/408/408 409/409/409
f 404/404/404 409/409/409 405/405/405
f 405/405/405 409/409/409 410/410/410
f 405/405/405 410/410/410 401/401/401
f 401/401/401 410/410/410 406/406/406
f 411/411/411 416/416/416 412/412/412
f 412/412/412 416/416/416 417/417/417
f 412/412/412 417/417/417 413/413/413
f 413/413/413 417/417/417 418/418/418
f 413/413/413 418/418/418 414/414/414
f 414/414/414 418/418/418 419/419/419
f 414/414/414 419/419/419 415/415/415
f 415/415/415 419/419/419 420/420/420
f 415/415/415 420/420/420 411/411/411
f 411/411/411 420/420/420 416/416/416
f 421/421/421 426/426/426 422/422/422
f 422/422/422 426/426/426 427/427/427
f 422/422/422 427/427/427 423/423/423
f 423/423/423 427/427/427 428/428/428
f 423/423/423 428/428/428 424/424/424
f 424/424/424 428/428/428 429/429/429
f 424/424/424 429/429/429 425/425/425
f 425/425/425 429/429/429 430/430/430
f 425/425/425 430/430/430 421/421/421
f 421/421/421 430/430/430 426/426/426
f 431/431/431 436/436/436 432/432/432
f 432/432/432 436/436/436 437/437/437
f 432/432/432 437/437/437 433/433/433
f 433/433/433 437/437/437 438/438/438
f 433/433/433 438/438/438 434/434/434
f 434/434/434 438/438/438 439/439/439
f 434/434/434 439/439/439 435/435/435
f 435/435/435 439/439/439 440/440/440
f 435/435/435 440/440/440 431/431/431
f 431/431/431 440/440/440 436/436/436
f 441/441/441 446/446/446 442/442/442
f 442/442/442 446/446/446 447/447/447
f 442/442/442 447/447/447 443/443/443
f 443/443/443 447/447/447 448/448/448
f 443/443/443 448/448/448 444/444/444
f 444/444/444 448/448/448 449/449/449
f 444/444/444 449/449/449 445/445/445
f 445/445/445 449/449/449 450/450/450
f 445/445/445 450/450/450 441/441/441
f 441/441/441 450/450/450 446/446/446
f 451/451/451 456/456/456 452/452/452
f 452/452/452 456/456/456 457/457/457
f 452/452/452 457/457/457 453/453/453
f 453/453/453 457/457/457 458/458/458
f 453/453/453 458/458/458 454/454/454
f 454/454/454 458/458/458 459/459/459
f 454/454/454 459/459/459 455/455/455
f 455/455/455 459/459/459 460/460/460
f 455/455/455 460/460/460 451/451/451
f 451/451/451 460/460/460 456/456/456
f 461/461/461 466/466/466 462/462/462
f 462/462/462 466/466/466 467/467/467
f 462/462/462 467/467/467 463/463/463
f 463/463/463 467/467/467 468/468/468
f 463/463/463 468/468/468 464/464/464
f 464/464/464 468/468/468 469/469/469
f 464/464/464 469/469/469 465/465/465
f 465/465/465 469/469/469 470/470/470
f 465/465/465 470/470/470 461/461/461
f 461/461/461 470/470/470 466/466/466
f 471/471/471 476/476/476 472/472/472
f 472/472/472 476/476/476 477/477/477
f 472/472/472 477/477/477 473/473/473
f 473/473/473 477/477/477 478/478/478
f 473/473/473 478/478/478 474/474/474
f 474/474/474 478/478/478 479/479/479
f 474/474/474 479/479/479 475/475/475
f 475/475/475 479/479/479 480/480/480
f 475/475/475 480/480/480 471/471/471
f 471/471/471 480/480/480 476/476/476
f 481/481/481 486/486/486 482/482/482
f 482/482/482 486/486/486 487/487/487
f 482/482/482 487/487/487 483/483/483
f 483/483/483 487/487/487 488/488/488
f 483/483/483 488/488/488 484/484/484
f 484/484/484 488/488/488 489/489/489
f 484/484/484 489/489/489 485/485/485
f 485/485/485 489/489/489 490/490/490
f 485/485/485 490/490/490 481/481/481
f 481/481/481 490/490/490 486/486/486
f 491/491/491 496/496/496 492/492/492
f 492/492/492 496/496/496 497/497/497
f 492/492/492 497/497/497 493/493/493
f 493/493/493 497/497/497 498/498/498
f 493/493/493 498/498/498 494/494/494
f 494/494/494 498/498/498 499/499/499
f 494/494/494 499/499/499 495/495/495
f 495/495/495 499/499/499 500/500/500
f 495/495/495 500/500/500 491/491/491
f 491/491/491 500/500/500 496/496/496
f 501/501/501 506/506/506 502/502/502
f 502/502/502 506/506/506 507/507/507
f 502/502/502 507/507/507 503/503/503
f 503/503/503 507/507/507 508/508/508
f 503/503/503 508/508/508 504/504/504
f 504/504/504 508/508/508 509/509/509
f 504/504/504 509/509/509 505/505/505
f 505/505/505 509/509/509 510/510/510
f 505/505/505 510/510/510 501/501/501
f 501/501/501 510/510/510 506/506/506
f 511/511/511 516/516/516 512/512/512
f 512/512/512 516/516/516 517/517/517
f 512/512/512 517/517/517 513/513/513
f 513/513/513 517/517/517 518/518/518
f 513/513/513 518/518/518 514/514/514
f 514/514/514 518/518/518 519/519/519
f 514/514/514 519/519/519 515/515/515
f 515/515/515 519/519/519 520/520/520
f 515/515/515 520/520/520 511/511/511
f 511/511/511 520/520/520 516/516/516
f 521/521/521 526/526/526 522/522/522
f 522/522/522 526/526/526 527/527/527
f 522/522/522 527/527/527 523/523/523
f 523/523/523 527/527/527 528/528/528
f 523/523/523 528/528/528 524/524/524
f 524/524/524 528/528/528 529/529/529
f 524/524/524 529/529/529 525/525/525
f 525/525/525 529/529/529 530/530/530
f 525/525/525 530/530/530 521/521/521
f 521/521/521 530/530/530 526/526/526
f 531/531/531 536/536/536 532/532/532
f 532/532/532 536/536/536 537/537/537
f 532/532/532 537/537/537 533/533/533
f 533/533/533 537/537/537 538/538/538
f 533/533/533 538/538/538 534/534/534
f 534/534/534 538/538/538 539/539/539
f 534/534/534 539/539/539 535/535/535
f 535/535/535 539/539/539 540/540/540
f 535/535/535 540/540/540 531/531/531
f 531/531/531 540/540/540 536/536/536
f 541/541/541 546/546/546 542/542/542
f 542/542/542 546/546/546 547/547/547
f 542/542/542 547/547/547 543/543/543
f 543/543/543 547/547/547 548/548/548
f 543/543/543 548/548/548 544/544/544
f 544/544/544 548/548/548 549/549/549
f 544/544/544 549/549/549 545/545/545
f 545/545/545 549/549/549 550/550/550
f 545/545/545 550/550/550 541/541/541
f 541/541/541 550/550/550 546/546/546
f 551/551/551 556/556/556 552/552/552
f 552/552/552 556/556/556 557/557/557
f 552/552/552 557/557/557 553/553/553
f 553/553/553 557/557/557 558/558/558
f 553/553/553 558/558/558 554/554/554
f 554/554/554 558/558/558 559/559/559
f 554/554/554 559/559/559 555/555/555
f 555/555/555 559/559/559 560/560/560
f 555/555/555 560/560/560 551/551/551
f 551/551/551 560/560/560 556/556/556
f 561/561/561 566/566/566 562/562/562
f 562/562/562 566/566/566 567/567/567
f 562/562/562 567/567/567 563/563/563
f 563/563/563 567/567/567 568/568/568
f 563/563/563 568/568/568 564/564/564
f 564/564/564 568/568/568 569/569/569
f 564/564/564 569/569/569 565/565/565
f 565/565/565 569/569/569 570/570/570
f 565/565/565 570/570/570 561/561/561
f 561/561/561 570/570/570 566/566/566
f 571/571/571 576/576/576 572/572/572
f 572/572/572 576/576/576 577/577/577
f 572/572/572 577/577/577 573/573/573
f 573/573/573 577/577/577 578/578/578
f 573/573/573 578/578/578 574/574/574
f 574/574/574 578/578/578 579/579/579
f 574/574/574 579/579/579 575/575/575
f 575/575/575 579/579/579 580/580/580
f 575/575/575 580/580/580 571/571/571
f 571/571/571 580/580/580 576/576/576
f 581/581/581 586/586/586 582/582/582
f 582/582/582 586/586/586 587/587/587
f 582/582/582 587/587/587 583/583/583
f 583/583/583 587/587/587 588/588/588
f 583/583/583 588/588/588 584/584/584
f 584/584/584 588/588/588 589/589/589
f 584/584/584 589/589/589 585/585/585
f 585/585/585 589/589/589 590/590/590
f 585/585/585 590/590/590 581/581/581
f 581/581/581 590/590/590 586/586/586
f 591/591/591 596/596/596 592/592/592
f 592/592/592 596/596/596 597/597/597
f 592/592/592 597/597/597 593/593/593
f 593/593/593 597/597/597 598/598/598
f 593/593/593 598/598/598 594/594/594
f 594/594/594 598/598/598 599/599/599
f 594/594/594 599/599/599 595/595/595
f 595/595/595 599/599/599 600/600/600
f 595/595/595 600/600/600 591/591/591
f 591/591/591 600/600/600 596/596/596
f 601/601/601 606/606/606 602/602/602
f 602/602/602 606/606/606 607/607/607
f 602/602/602 607/607/607 603/603/603
f 603/603/603 607/607/607 608/608/608
f 603/603/603 608/608/608 604/604/604
f 604/604/604 608/608/608 609/609/609
f 604/604/604 609/609/609 605/605/605
f 605/605/605 609/609/609 610/610/610
f 605/605/605 610/610/610 601/601/601
f 601/601/601 610/610/610 606/606/606
f 611/611/611 616/616/616 612/612/612
f 612/612/612 616/616/616 617/617/617
f 612/612/612 617/617/617 613/613/613
f 613/613/613 617/617/617 618/618/618
f 613/613/613 618/618/618 614/614/614
f 614/614/614 618/618/618 619/619/619
f 614/614/614 619/619/619 615/615/615
f 615/615/615 619/619/619 620/620/620
f 615/615/615 620/620/620 611/611/611
f 611/611/611 620/620/620 616/616/616
f 621/621/621 626/626/626 622/622/622
f 622/622/622 626/626/626 627/627/627
f 622/622/622 627/627/627 623/623/623
f 623/623/623 627/627/627 628/628/628
f 623/623/623 628/628/628 624/624/624
f 624/624/624 628/628/628 629/629/629
f 624/624/624 629/629/629 625/625/625
f 625/625/625 629/629/629 630/630/630
f 625/625/625 630/630/630 621/621/621
f 621/621/621 630/630/630 626/626/626
f 631/631/631 636/636/636 632/632/632
f 632/632/632 636/636/636 637/637/637
f 632/632/632 637/637/637 633/633/633
f 633/633/633 637/637/637 638/638/638
f 633/633/633 638/638/638 634/634/634
f 634/634/634 638/638/638 639/639/639
f 634/634/634 639/639/639 635/635/635
f 635/635/635 639/639/639 640/640/640
f 635/635/635 640/640/640 631/631/631
f 631/631/631 640/640/640 636/636/636
f 641/641/641 646/646/646 642/642/642
f 642/642/642 646/646/646 647/647/647
f 642/642/642 647/647/647 643/643/643
f 643/643/643 647/647/647 648/648/648
f 643/643/643 648/648/648 644/644/644
f 644/644/644 648/648/648 649/649/649
f 644/644/644 649/649/649 645/645/645
f 645/645/645 649/649/649 650/650/650
f 645/645/645 650/650/650 641/641/641
f 641/641/641 650/650/650 646/646/646
f 651/651/651 656/656/656 652/652/652
f 652/652/652 656/656/656 657/657/657
f 652/652/652 657/657/657 653/653/653
f 653/653/653 657/657/657 658/658/658
f 653/653/653 658/658/658 654/654/654
f 654/654/654 658/658/658 659/659/659
f 654/654/654 659/659/659 655/655/655
f 655/655/655 659/659/659 660/660/660
f 655/655/655 660/660/660 651/651/651
f 651/651/651 660/660/660 656/656/656
f 661/661/661 666/666/666 662/662/662
f 662/662/662 666/666/666 667/667/667
f 662/662/662 667/667/667 663/663/663
f 663/663/663 667/667/667 668/668/668
f 663/663/663 668/668/668 664/664/664
f 664/664/664 668/668/668 669/669/669
f 664/664/664 669/669/669 665/665/665
f 665/665/665 669/669/669 670/670/670
f 665/665/665 670/670/670 661/661/661
f 661/661/661 670/670/670 666/666/666
f 671/671/671 676/676/676 672/672/672
f 672/672/672 676/676/676 677/677/677
f 672/672/672 677/677/677 673/673/673
f 673/673/673 677/677/677 678/678/678
f 673/673/673 678/678/678 674/674/674
f 674/674/674 678/678/678 679/679/679
f 674/674/674 679/679/679 675/675/675
f 675/675/675 679/679/679 680/680/680
f 675/675/675 680/680/680 671/671/671
f 671/671/671 680/680/680 676/676/676
f 681/681/681 686/686/686 682/682/682
f 682/682/682 686/686/686 687/687/687
f 682/682/682 687/687/687 683/683/683
f 683/683/683 687/687/687 688/688/688
f 683/683/683 688/688/688 684/684/684
f 684/684/684 688/688/688 689/689/689
f 684/684/684 689/689/689 685/685/685
f 685/685/685 689/689/689 690/690/690
f 685/685/685 690/690/690 681/681/681
f 681/681/681 690/690/690 686/686/686
f 691/691/691 696/696/696 692/692/692
f 692/692/692 696/696/696 697/697/697
f 692/692/692 697/697/697 693/693/693
f 693/693/693 697/697/697 698/698/698
f 693/693/693 698/698/698 694/694/694
f 694/694/694 698/698/698 699/699/699
f 694/694/694 699/699/699 695/695/695
f 695/695/695 699/699/699 700/700/700
f 695/695/695 700/700/700 691/691/691
f 691/691/691 700/700/700 696/696/696
f 701/701/701 706/706/706 702/702/702
f 702/702/702 706/706/706 707/707/707
f 702/702/702 707/707/707 703/703/703
f 703/703/703 707/707/707 708/708/708
f 703/703/703 708/708/708 704/704/704
f 704/704/704 708/708/708 709/709/709
f 704/704/704 709/709/709 705/705/705
f 705/705/705 709/709/709 710/710/710
f 705/705/705 710/710/710 701/701/701
f 701/701/701 710/710/710 706/706/706
f 711/711/711 716/716/716 712/712/712
f 712/712/712 716/716/716 717/717/717
f 712/712/712 717/717/717 713/713/713
f 713/713/713 717/717/717 718/718/718
f 713/713/713 718/718/718 714/714/714
f 714/714/714 718/718/718 719/719/719
f 714/714/714 719/719/719 715/715/715
f 715/715/715 719/719/719 720/720/720
f 715/715/715 720/720/720 711/711/711
f 711/711/711 720/720/720 716/716/716
f 721/721/721 726/726/726 722/722/722
f 722/722/722 726/726/726 727/727/727
f 722/722/722 727/727/727 723/723/723
f 723/723/723 727/727/727 728/728/728
f 723/723/723 728/728/728 724/724/724
f 724/724/724 728/728/728 729/729/729
f 724/724/724 729/729/729 725/725/725
f 725/725/725 729/729/729 730/730/730
f 725/725/725 730/730/730 721/721/721
f 721/721/721 730/730/730 726/726/726
f 731/731/731 736/736/736 732/732/732
f 732/732/732 736/736/736 737/737/737
f 732/732/732 737/737/737 733/733/733
f 733/733/733 737/737/737 738/738/738
f 733/733/733 738/738/738 734/734/734
f 734/734/734 738/738/738 739/739/739
f 734/734/734 739/739/739 735/735/735
f 735/735/735 739/739/739 740/740/740
f 735/735/735 740/740/740 731/731/731
f 731/731/731 740/740/740 736/736/736
f 741/741/741 746/746/746 742/742/742
f 742/742/742 746/746/746 747/747/747
f 742/742/742 747/747/747 743/743/743
f 743/743/743 747/747/747 748/748/748
f 743/743/743 748/748/748 744/744/744
f 744/744/744 748/748/748 749/749/749
f 744/744/744 749/749/749 745/745/745
f 745/745/745 749/749/749 750/750/750
f 745/745/745 750/750/750 741/741/741
f 741/741/741 750/750/750 746/746/746
f 751/751/751 756/756/756 752/752/752
f 752/752/752 756/756/756 757/757/757
f 752/752/752 757/757/757 753/753/753
f 753/753/753 757/757/757 758/758/758
f 753/753/753 758/758/758 754/754/754
f 754/754/754 758/758/758 759/759/759
f 754/754/754 759/759/759 755/755/755
f 755/755/755 759/759/759 760/760/760
f 755/755/755 760/760/760 751/751/751
f 751/751/751 760/760/760 756/756/756
f 761/761/761 766/766/766 762/762/762
f 762/762/762 766/766/766 767/767/767
f 762/762/762 767/767/767 763/763/763
f 763/763/763 767/767/767 768/768/768
f 763/763/763 768/768/768 764/764/764
f 764/764/764 768/768/768 769/769/769
f 764/764/764 769/769/769 765/765/765
f 765/765/765 769/769/769 770/770/770
f 765/765/765 770/770/770 761/761/761
f 761/761/761 770/770/770 766/766/766
f 771/771/771 776/776/776 772/772/772
f 772/772/772 776/776/776 777/777/777
f 772/772/772 777/777/777 773/773/773
f 773/773/773 777/777/777 778/778/778
f 773/773/773 778/778/778 774/774/774
f 774/774/774 778/778/778 779/779/779
f 774/774/774 779/779/779 775/775/775
f 775/775/775 779/779/779 780/780/780
f 775/775/775 780/780/780 771/771/771
f 771/771/771 780/780/780 776/776/776
f 781/781/781 786/786/786 782/782/782
f 782/782/782 786/786/786 787/787/787
f 782/782/782 787/787/787 783/783/783
f 783/783/783 787/787/787 788/788/788
f 783/783/783 788/788/788 784/784/784
f 784/784/784 788/788/788 789/789/789
f 784/784/784 789/789/789 785/785/785
f 785/785/785 789/789/789 790/790/790
f 785/785/785 790/790/790 781/781/781
f 781/781/781 790/790/790 786/786/786
f 791/791/791 796/796/796 792/792/792
f 792/792/792 796/796/796 797/797/797
f 792/792/792 797/797/797 793/793/793
f 793/793/793 797/797/797 798/798/798
f 793/793/793 798/798/798 794/794/794
f 794/794/794 798/798/798 799/799/799
f 794/794/794 799/799/799 795/795/795
f 795/795/795 799/799/799 800/800/800
f 795/795/795 800/800/800 791/791/791
f 791/791/791 800/800/800 796/796/796
f 801/801/801 806/806/806 802/802/802
f 802/802/802 806/806/806 807/807/807
f 802/802/802 807/807/807 803/803/803
f 803/803/803 807/807/807 808/808/808
f 803/803/803 808/808/808 804/804/804
f 804/804/804 808/808/808 809/809/809
f 804/804/804 809/809/809 805/805/805
f 805/805/805 809/809/809 810/810/810
f 805/805/805 810/810/810 801/801/801
f 801/801/801 810/810/810 806/806/806
f 811/811/811 816/816/816 812/812/812
f 812/812/812 816/816/816 817/817/817
f 812/812/812 817/817/817 813/813/813
f 813/813/813 817/817/817 818/818/818
f 813/813/813 818/818/818 814/814/814
f 814/814/814 818/818/818 819/819/819
f 814/814/814 819/819/819 815/815/815
f 815/815/815 819/819/819 820/820/820
f 815/815/815 820/820/820 811/811/811
f 811/811/811 820/820/820 816/816/816
f 821/821/821 826/826/826 822/822/822
f 822/822/822 826/826/826 827/827/827
f 822/822/822 827/827/827 823/823/823
f 823/823/823 827/827/827 828/828/828
f 823/823/823 828/828/828 824/824/824
f 824/824/824 828/828/828 829/829/829
f 824/824/824 829/829/829 825/825/825
f 825/825/825 829/829/829 830/830/830
f 825/825/825 830/830/830 821/821/821
f 821/821/821 830/830/830 826/826/826
f 831/831/831 836/836/836 832/832/832
f 832/832/832 836/836/836 837/837/837
f 832/832/832 837/837/837 833/833/833
f 833/833/833 837/837/837 838/838/838
f 833/833/833 838/838/838 834/834/834
f 834/834/834 838/838/838 839/839/839
f 834/834/834 839/839/839 835/835/835
f 835/835/835 839/839/839 840/840/840
f 835/835/835 840/840/840 831/831/831
f 831/831/831 840/840/840 836/836/836
f 841/841/841 846/846/846 842/842/842
f 842/842/842 846/846/846 847/847/847
f 842/842/842 847/847/847 843/843/843
f 843/843/843 847/847/847 848/848/848
f 843/843/843 848/848/848 844/844/844
f 844/844/844 848/848/848 849/849/849
f 844/844/844 849/849/849 845/845/845
f 845/845/845 849/849/849 850/850/850
f 845/845/845 850/850/850 841/841/841
f 841/841/841 850/850/850 846/846/846
f 851/851/851 856/856/856 852/852/852
f 852/852/852 856/856/856 857/857/857
f 852/852/852 857/857/857 853/853/853
f 853/853/853 857/857/857 858/858/858
f 853/853/853 858/858/858 854/854/854
f 854/854/854 858/858/858 859/859/859
f 854/854/854 859/859/859 855/855/855
f 855/855/855 859/859/859 860/860/860
f 855/855/855 860/860/860 851/851/851
f 851/851/851 860/860/860 856/856/856
f 861/861/861 866/866/866 862/862/862
f 862/862/862 866/866/866 867/867/867
f 862/862/862 867/867/867 863/863/863
f 863/863/863 867/867/867 868/868/868
f 863/863/863 868/868/868 864/864/864
f 864/864/864 868/868/868 869/869/869
f 864/864/864 869/869/869 865/865/865
f 865/865/865 869/869/869 870/870/870
f 865/865/865 870/870/870 861/861/861
f 861/861/861 870/870/870 866/866/866
f 871/871/871 876/876/876 872/872/872
f 872/872/872 876/876/876 877/877/877
f 872/872/872 877/877/877 873/873/873
f 873/873/873 877/877/877 878/878/878
f 873/873/873 878/878/878 874/874/874
f 874/874/874 878/878/878 879/879/879
f 874/874/874 879/879/879 875/875/875
f 875/875/875 879/879/879 880/880/880
f 875/875/875 880/880/880 871/871/871
f 871/871/871 880/880/880 876/876/876
f 881/881/881 886/886/886 882/882/882
f 882/882/882 886/886/886 887/887/887
f 882/882/882 887/887/887 883/883/883
f 883/883/883 887/887/887 888/888/888
f 883/883/883 888/888/888 884/884/884
f 884/884/884 888/888/888 889/889/889
f 884/884/884 889/889/889 885/885/885
f 885/885/885 889/889/889 890/890/890
f 885/885/885 890/890/890 881/881/881
f 881/881/881 890/890/890 886/886/886
f 891/891/891 896/896/896 892/892/892
f 892/892/892 896/896/896 897/897/897
f 892/892/892 897/897/897 893/893/893
f 893/893/893 897/897/897 898/898/898
f 893/893/893 898/898/898 894/894/894
f 894/894/894 898/898/898 899/899/899
f 894/894/894 899/899/899 895/895/895
f 895/895/895 899/899/899 900/900/900
f 895/895/895 900/900/900 891/891/891
f 891/891/891 900/900/900 896/896/896
f 901/901/901 906/906/906 902/902/902
f 902/902/902 906/906/906 907/907/907
f 902/902/902 907/907/907 903/903/903
f 903/903/903 907/907/907 908/908/908
f 903/903/903 908/908/908 904/904/904
f 904/904/904 908/908/908 909/909/909
f 904/904/904 909/909/909 905/905/905
f 905/905/905 909/909/909 910/910/910
f 905/905/905 910/910/910 901/901/901
f 901/901/901 910/910/910 906/906/906
f 911/911/911 916/916/916 912/912/912
f 912/912/912 916/916/916 917/917/917
f 912/912/912 917/917/917 913/913/913
f 913/913/913 917/917/917 918/918/918
f 913/913/913 918/918/918 914/914/914
f 914/914/914 918/918/918 919/919/919
f 914/914/914 919/919/919 915/915/915
f 915/915/915 919/919/919 920/920/920
f 915/915/915 920/920/920 911/911/911
f 911/911/911 920/920/920 916/916/916
f 921/921/921 926/926/926 922/922/922
f 922/922/922 926/926/926 927/927/927
f 922/922/922 927/927/927 923/923/923
f 923/923/923 927/927/927 928/928/928
f 923/923/923 928/928/928 924/924/924
f 924/924/924 928/928/928 929/929/929
f 924/924/924 929/929/929 925/925/925
f 925/925/925 929/929/929 930/930/930
f 925/925/925 930/930/930 921/921/921
f 921/921/921 930/930/930 926/926/926
f 931/931/931 936/936/936 932/932/932
f 932/932/932 936/936/936 937/937/937
f 932/932/932 937/937/937 933/933/933
f 933/933/933 937/937/937 938/938/938
f 933/933/933 938/938/938 934/934/934
f 934/934/934 938/938/938 939/939/939
f 934/934/934 939/939/939 935/935/935
f 935/935/935 939/939/939 940/940/940
f 935/935/935 940/940/940 931/931/931
f 931/931/931 940/940/940 936/936/936
f 941/941/941 946/946/946 942/942/942
f 942/942/942 946/946/946 947/947/947
f 942/942/942 947/947/947 943/943/943
f 943/943/943 947/947/947 948/948/948
f 943/943/943 948/948/948 944/944/944
f 944/944/944 948/948/948 949/949/949
f 944/944/944 949/949/949 945/945/945
f 945/945/945 949/949/949 950/950/950
f 945/945/945 950/950/950 941/941/941
f 941/941/941 950/950/950 946/946/946
f 951/951/951 956/956/956 952/952/952
f 952/952/952 956/956/956 957/957/957
f 952/952/952 957/957/957 953/953/953
f 953/953/953 957/957/957 958/958/958
f 953/953/953 958/958/958 954/954/954
f 954/954/954 958/958/958 959/959/959
f 954/954/954 959/959/959 955/955/955
f 955/955/955 959/959/959 960/960/960
f 955/955/955 960/960/960 951/951/951
f 951/951/951 960/960/960 956/956/956
f 961/961/961 966/966/966 962/962/962
f 962/962/962 966/966/966 967/967/967
f 962/962/962 967/967/967 963/963/963
f 963/963/963 967/967/967 968/968/968
f 963/963/963 968/968/968 964/964/964
f 964/964/964 968/968/968 969/969/969
f 964/964/964 969/969/969 965/965/965
f 965/965/965 969/969/969 970/970/970
f 965/965/965 970/970/970 961/961/961
f 961/961/961 970/970/970 966/966/966
f 971/971/971 976/976/976 972/972/972
f 972/972/972 976/976/976 977/977/977
f 972/972/972 977/977/977 973/973/973
f 973/973/973 977/977/977 978/978/978
f 973/973/973 978/978/978 974/974/974
f 974/974/974 978/978/978 979/979/979
f 974/974/974 979/979/979 975/975/975
f 975/975/975 979/979/979 980/980/980
f 975/975/975 980/980/980 971/971/971
f 971/971/971 980/980/980 976/976/976
f 981/981/981 986/986/986 982/982/982
f 982/982/982 986/986/986 987/987/987
f 982/982/982 987/987/987 983/983/983
f 983/983/983 987/987/987 988/988/988
f 983/983/983 988/988/988 984/984/984
f 984/984/984 988/988/988 989/989/989
f 984/984/984 989/989/989 985/985/985
f 985/985/985 989/989/989 990/990/990
f 985/985/985 990/990/990 981/981/981
f 981/981/981 990/990/990 986/986/986
f 991/991/991 996/996/996 992/992/992
f 992/992/992 996/996/996 997/997/997
f 992/992/992 997/997/997 993/993/993
f 993/993/993 997/997/997 998/998/998
f 993/993/993 998/998/998 994/994/994
f 994/994/994 998/998/998 999/999/999
f 994/994/994 999/999/999 995/995/995
f 995/995/995 999/999/999 1000/1000/1000
f 995/995/995 1000/1000/1000 991/991/991
f 991/991/991 1000/1000/1000 996/996/996
f 1001/1001/1001 1006/1006/1006 1002/1002/1002
f 1002/1002/1002 1006/1006/1006 1007/1007/1007
f 1002/1002/1002 1007/1007/1007 1003/1003/1003
f 1003/1003/1003 1007/1007/1007 1008/1008/1008
f 1003/1003/1003 1008/1008/1008 1004/1004/1004
f 1004/1004/1004 1008/1008/1008 1009/1009/1009
f 1004/1004/1004 1009/1009/1009 1005/1005/1005
f 1005/1005/1005 1009/1009/1009 1010/1010/1010
f 1005/1005/1005 1010/1010/1010 1001/1001/1001
f 1001/1001/1001 1010/1010/1010 1006/1006/1006
f 1011/1011/1011 1016/1016/1016 1012/1012/1012
f 1012/1012/1012 1016/1016/1016 1017/1017/1017
f 1012/1012/1012 1017/1017/1017 1013/1013/1013
f 1013/1013/1013 1017/1017/1017 1018/1018/1018
f 1013/1013/1013 1018/1018/1018 1014/1014/1014
f 1014/1014/1014 1018/1018/1018 1019/1019/1019
f 1014/1014/1014 1019/1019/1019 1015/1015/1015
f 1015/1015/1015 1019/1019/1019 1020/1020/1020
f 1015/1015/1015 1020/1020/1020 1011/1011/1011
f 1011/1011/1011 1020/1020/1020 1016/1016/1016
f 1021/1021/1021 1026/1026/1026 1022/1022/1022
f 1022/1022/1022 1026/1026/1026 1027/1027/1027
f 1022/1022/1022 1027/1027/1027 1023/1023/1023
f 1023/1023/1023 1027/1027/1027 1028/1028/1028
f 1023/1023/1023 1028/1028/1028 1024/1024/1024
f 1024/1024/1024 1028/1028/1028 1029/1029/1029
f 1024/1024/1024 1029/1029/1029 1025/1025/1025
f 1025/1025/1025 1029/1029/1029 1030/1030/1030
f 1025/1025/1025 1030/1030/1030 1021/1021/1021
f 1021/1021/1021 1030/1030/1030 1026/1026/1026
f 1031/1031/1031 1036/1036/1036 1032/1032/1032
f 1032/1032/1032 1036/1036/1036 1037/1037/1037
f 1032/1032/1032 1037/1037/1037 1033/1033/1033
f 1033/1033/1033 1037/1037/1037 1038/1038/1038
f 1033/1033/1033 1038/1038/1038 1034/1034/1034
f 1034/1034/1034 1038/1038/1038 1039/1039/1039
f 1034/1034/1034 1039/1039/1039 1035/1035/1035
f 1035/1035/1035 1039/1039/1039 1040/1040/1040
f 1035/1035/1035 1040/1040/1040 1031/1031/1031
f 1031/1031/1031 1040/1040/1040 1036/1036/1036
f 1041/1041/1041 1046/1046/1046 1042/1042/1042
f 1042/1042/1042 1046/1046/1046 1047/1047/1047
f 1042/1042/1042 1047/1047/1047 1043/1043/1043
f 1043/1043/1043 1047/1047/1047 1048/1048/1048
f 1043/1043/1043 1048/1048/1048 1044/1044/1044
f 1044/1044/1044 1048/1048/1048 1049/1049/1049
f 1044/1044/1044 1049/1049/1049 1045/1045/1045
f 1045/1045/1045 1049/1049/1049 1050/1050/1050
f 1045/1045/1045 1050/1050/1050 1041/1041/1041
f 1041/1041/1041 1050/1050/1050 1046/1046/1046
f 1051/1051/1051 1056/1056/1056 1052/1052/1052
f 1052/1052/1052 1056/1056/1056 1057/1057/1057
f 1052/1052/1052 1057/1057/1057 1053/1053/1053
f 1053/1053/1053 1057/1057/1057 1058/1058/1058
f 1053/1053/1053 1058/1058/1058 1054/1054/1054
f 1054/1054/1054 1058/1058/1058 1059/1059/1059
f 1054/1054/1054 1059/1059/1059 1055/1055/1055
f 1055/1055/1055 1059/1059/1059 1060/1060/1060
f 1055/1055/1055 1060/1060/1060 1051/1051/1051
f 1051/1051/1051 1060/1060/1060 1056/1056/1056
f 1061/1061/1061 1066/1066/1066 1062/1062/1062
f 1062/1062/1062 1066/1066/1066 1067/1067/1067
f 1062/1062/1062 1067/1067/1067 1063/1063/1063
f 1063/1063/1063 1067/1067/1067 1068/1068/1068
f 1063/1063/1063 1068/1068/1068 1064/1064/1064
f 1064/1064/1064 1068/1068/1068 1069/1069/1069
f 1064/1064/1064 1069/1069/1069 1065/1065/1065
f 1065/1065/1065 1069/1069/1069 1070/1070/1070
f 1065/1065/1065 1070/1070/1070 1061/1061/1061
f 1061/1061/1061 1070/1070/1070 1066/1066/1066
f 1071/1071/1071 1076/1076/1076 1072/1072/1072
f 1072/1072/1072 1076/1076/1076 1077/1077/1077
f 1072/1072/1072 1077/1077/1077 1073/1073/1073
f 1073/1073/1073 1077/1077/1077 1078/1078/1078
f 1073/1073/1073 1078/1078/1078 1074/1074/1074
f 1074/1074/1074 1078/1078/1078 1079/1079/1079
f 1074/1074/1074 1079/1079/1079 1075/1075/1075
f 1075/1075/1075 1079/1079/1079 1080/1080/1080
f 1075/1075/1075 1080/1080/1080 1071/1071/1071
f 1071/1071/1071 1080/1080/1080 1076/1076/1076
f 1081/1081/1081 1086/1086/1086 1082/1082/1082
f 1082/1082/1082 1086/1086/1086 1087/1087/1087
f 1082/1082/1082 1087/1087/1087 1083/1083/1083
f 1083/1083/1083 1087/1087/1087 1088/1088/1088
f 1083/1083/1083 1088/1088/1088 1084/1084/1084
f 1084/1084/1084 1088/1088/1088 1089/1089/1089
f 1084/1084/1084 1089/1089/1089 1085/1085/1085
f 1085/1085/1085 1089/1089/1089 1090/1090/1090
f 1085/1085/1085 1090/1090/1090 1081/1081/1081
f 1081/1081/1081 1090/1090/1090 1086/1086/1086
f 1091/1091/1091 1096/1096/1096 1092/1092/1092
f 1092/1092/1092 1096/1096/1096 1097/1097/1097
f 1092/1092/1092 1097/1097/1097 1093/1093/1093
f 1093/1093/1093 1097/1097/1097 1098/1098/1098
f 1093/1093/1093 1098/1098/1098 1094/1094/1094
f 1094/1094/1094 1098/1098/1098 1099/1099/1099
f 1094/1094/1094 1099/1099/1099 1095/1095/1095
f 1095/1095/1095 1099/1099/1099 1100/1100/1100
f 1095/1095/1095 1100/1100/1100 1091/1091/1091
f 1091/1091/1091 1100/1100/1100 1096/1096/1096
f 1101/1101/1101 1106/1106/1106 1102/1102/1102
f 1102/1102/1102 1106/1106/1106 1107/1107/1107
f 1102/1102/1102 1107/1107/1107 1103/1103/1103
f 1103/1103/1103 1107/1107/1107 1108/1108/1108
f 1103/1103/1103 1108/1108/1108 1104/1104/1104
f 1104/1104/1104 1108/1108/1108 1109/1109/1109
f 1104/1104/1104 1109/1109/1109 1105/1105/1105
f 1105/1105/1105 1109/1109/1109 1110/1110/1110
f 1105/1105/1105 1110/1110/1110 1101/1101/1101
f 1101/1101/1101 1110/1110/1110 1106/1106/1106
f 1111/1111/1111 1116/1116/1116 1112/1112/1112
f 1112/1112/1112 1116/1116/1116 1117/1117/1117
f 1112/1112/1112 1117/1117/1117 1113/1113/1113
f 1113/1113/1113 1117/1117/1117 1118/1118/1118
f 1113/1113/1113 1118/1118/1118 1114/1114/1114
f 1114/1114/1114 1118/1118/1118 1119/1119/1119
f 1114/1114/1114 1119/1119/1119 1115/1115/1115
f 1115/1115/1115 1119/1119/1119 1120/1120/1120
f 1115/1115/1115 1120/1120/1120 1111/1111/1111
f 1111/1111/1111 1120/1120/1120 1116/1116/1116
f 1121/1121/1121 1126/1126/1126 1122/1122/1122
f 1122/1122/1122 1126/1126/1126 1127/1127/1127
f 1122/1122/1122 1127/1127/1127 1123/1123/1123
f 1123/1123/1123 1127/1127/1127 1128/1128/1128
f 1123/1123/1123 1128/1128/1128 1124/1124/1124
f 1124/1124/1124 1128/1128/1128 1129/1129/1129
f 1124/1124/1124 1129/1129/1129 1125/1125/1125
f 1125/1125/1125 1129/1129/1129 1130/1130/1130
f 1125/1125/1125 1130/1130/1130 1121/1121/1121
f 1121/1121/1121 1130/1130/1130 1126/1126/1126
f 1131/1131/1131 1136/1136/1136 1132/1132/1132
f 1132/1132/1132 1136/1136/1136 1137/1137/1137
f 1132/1132/1132 1137/1137/1137 1133/1133/1133
f 1133/1133/1133 1137/1137/1137 1138/1138/1138
f 1133/1133/1133 1138/1138/1138 1134/1134/1134
f 1134/1134/1134 1138/1138/1138 1139/1139/1139
f 1134/1134/1134 1139/1139/1139 1135/1135/1135
f 1135/1135/1135 1139/1139/1139 1140/1140/1140
f 1135/1135/1135 1140/1140/1140 1131/1131/1131
f 1131/1131/1131 1140/1140/1140 1136/1136/1136
f 1141/1141/1141 1146/1146/1146 1142/1142/1142
f 1142/1142/1142 1146/1146/1146 1147/1147/1147
f 1142/1142/1142 1147/1147/1147 1143/1143/1143
f 1143/1143/1143 1147/1147/1147 1148/1148/1148
f 1143/1143/1143 1148/1148/1148 1144/1144/1144
f 1144/1144/1144 1148/1148/1148 1149/1149/1149
f 1144/1144/1144 1149/1149/1149 1145/1145/1145
f 1145/1145/1145 1149/1149/1149 1150/1150/1150
f 1145/1145/1145 1150/1150/1150 1141/1141/1141
f 1141/1141/1141 1150/1150/1150 1146/1146/1146
f 1151/1151/1151 1156/1156/1156 1152/1152/1152
f 1152/1152/1152 1156/1156/1156 1157/1157/1157
f 1152/1152/1152 1157/1157/1157 1153/1153/1153
f 1153/1153/1153 1157/1157/1157 1158/1158/1158
f 1153/1153/1153 1158/1158/1158 1154/1154/1154
f 1154/1154/1154 1158/1158/1158 1159/1159/1159
f 1154/1154/1154 1159/1159/1159 1155/1155/1155
f 1155/1155/1155 1159/1159/1159 1160/1160/1160
f 1155/1155/1155 1160/1160/1160 1151/1151/1151
f 1151/1151/1151 1160/1160/1160 1156/1156/1156
f 1161/1161/1161 1166/1166/1166 1162/1162/1162
f 1162/1162/1162 1166/1166/1166 1167/1167/1167
f 1162/1162/1162 1167/1167/1167 1163/1163/1163
f 1163/1163/1163 1167/1167/1167 1168/1168/1168
f 1163/1163/1163 1168/1168/1168 1164/1164/1164
f 1164/1164/1164 1168/1168/1168 1169/1169/1169
f 1164/1164/1164 1169/1169/1169 1165/1165/1165
f 1165/1165/1165 1169/1169/1169 1170/1170/1170
f 1165/1165/1165 1170/1170/1170 1161/1161/1161
f 1161/1161/1161 1170/1170/1170 1166/1166/1166
f 1171/1171/1171 1176/1176/1176 1172/1172/1172
f 1172/1172/1172 1176/1176/1176 1177/1177/1177
f 1172/1172/1172 1177/1177/1177 1173/1173/1173
f 1173/1173/1173 1177/1177/1177 1178/1178/1178
f 1173/1173/1173 1178/1178/1178 1174/1174/1174
f 1174/1174/1174 1178/1178/1178 1179/1179/1179
f 1174/1174/1174 1179/1179/1179 1175/1175/1175
f 1175/1175/1175 1179/1179/1179 1180/1180/1180
f 1175/1175/1175 1180/1180/1180 1171/1171/1171
f 1171/1171/1171 1180/1180/1180 1176/1176/1176
f 1181/1181/1181 1186/1186/1186 1182/1182/1182
f 1182/1182/1182 1186/1186/1186 1187/1187/1187
f 1182/1182/1182 1187/1187/1187 1183/1183/1183
f 1183/1183/1183 1187/1187/1187 1188/1188/1188
f 1183/1183/1183 1188/1188/1188 1184/1184/1184
f 1184/1184/1184 1188/1188/1188 1189/1189/1189
f 1184/1184/1184 1189/1189/1189 1185/1185/1185
f 1185/1185/1185 1189/1189/1189 1190/1190/1190
f 1185/1185/1185 1190/1190/1190 1181/1181/1181
f 1181/1181/1181 1190/1190/1190 1186/1186/1186
f 1191/1191/1191 1196/1196/1196 1192/1192/1192
f 1192/1192/1192 1196/1196/1196 1197/1197/1197
f 1192/1192/1192 1197/1197/1197 1193/1193/1193
f 1193/1193/1193 1197/1197/1197 1198/1198/1198
f 1193/1193/1193 1198/1198/1198 1194/1194/1194
f 1194/1194/1194 1198/1198/1198 1199/1199/1199
f 1194/1194/1194 1199/1199/1199 1195/1195/1195
f 1195/1195/1195 1199/1199/1199 1200/1200/1200
f 1195/1195/1195 1200/1200/1200 1191/1191/1191
f 1191/1191/1191 1200/1200/1200 1196/1196/1196
f 1201/1201/1201 1206/1206/1206 1202/1202/1202
f 1202/1202/1202 1206/1206/1206 1207/1207/1207
f 1202/1202/1202 1207/1207/1207 1203/1203/1203
f 1203/1203/1203 1207/1207/1207 1208/1208/1208
f 1203/1203/1203 1208/1208/1208 1204/1204/1204
f 1204/1204/1204 1208/1208/1208 1209/1209/1209
f 1204/1204/1204 1209/1209/1209 1205/1205/1205
f 1205/1205/1205 1209/1209/1209 1210/1210/1210
f 1205/1205/1205 1210/1210/1210 1201/1201/1201
f 1201/1201/1201 1210/1210/1210 1206/1206/1206
f 1211/1211/1211 1216/1216/1216 1212/1212/1212
f 1212/1212/1212 1216/1216/1216 1217/1217/1217
f 1212/1212/1212 1217/1217/1217 1213/1213/1213
f 1213/1213/1213 1217/1217/1217 1218/1218/1218
f 1213/1213/1213 1218/1218/1218 1214/1214/1214
f 1214/1214/1214 1218/1218/1218 1219/1219/1219
f 1214/1214/1214 1219/1219/1219 1215/1215/1215
f 1215/1215/1215 1219/1219/1219 1220/1220/1220
f 1215/1215/1215 1220/1220/1220 1211/1211/1211
f 1211/1211/1211 1220/1220/1220 1216/1216/1216
f 1221/1221/1221 1226/1226/1226 1222/1222/1222
f 1222/1222/1222 1226/1226/1226 1227/1227/1227
f 1222/1222/1222 1227/1227/1227 1223/1223/1223
f 1223/1223/1223 1227/1227/1227 1228/1228/1228
f 1223/1223/1223 1228/1228/1228 1224/1224/1224
f 1224/1224/1224 1228/1228/1228 1229/1229/1229
f 1224/1224/1224 1229/1229/1229 1225/1225/1225
f 1225/1225/1225 1229/1229/1229 1230/1230/1230
f 1225/1225/1225 1230/1230/1230 1221/1221/1221
f 1221/1221/1221 1230/1230/1230 1226/1226/1226
f 1231/1231/1231 1236/1236/1236 1232/1232/1232
f 1232/1232/1232 1236/1236/1236 1237/1237/1237
f 1232/1232/1232 1237/1237/1237 1233/1233/1233
f 1233/1233/1233 1237/1237/1237 1238/1238/1238
f 1233/1233/1233 1238/1238/1238 1234/1234/1234
f 1234/1234/1234 1238/1238/1238 1239/1239/1239
f 1234/1234/1234 1239/1239/1239 1235/1235/1235
f 1235/1235/1235 1239/1239/1239 1240/1240/1240
f 1235/1235/1235 1240/1240/1240 1231/1231/1231
f 1231/1231/1231 1240/1240/1240 1236/1236/1236
f 1241/1241/1241 1246/1246/1246 1242/1242/1242
f 1242/1242/1242 1246/1246/1246 1247/1247/1247
f 1242/1242/1242 1247/1247/1247 1243/1243/1243
f 1243/1243/1243 1247/1247/1247 1248/1248/1248
f 1243/1243/1243 1248/1248/1248 1244/1244/1244
f 1244/1244/1244 1248/1248/1248 1249/1249/1249
f 1244/1244/1244 1249/1249/1249 1245/1245/1245
f 1245/1245/1245 1249/1249/1249 1250/1250/1250
f 1245/1245/1245 1250/1250/1250 1241/1241/1241
f 1241/1241/1241 1250/1250/1250 1246/1246/1246
f 1251/1251/1251 1256/1256/1256 1252/1252/1252
f 1252/1252/1252 1256/1256/1256 1257/1257/1257
f 1252/1252/1252 1257/1257/1257 1253/1253/1253
f 1253/1253/1253 1257/1257/1257 1258/1258/1258
f 1253/1253/1253 1258/1258/1258 1254/1254/1254
f 1254/1254/1254 1258/1258/1258 1259/1259/1259
f 1254/1254/1254 1259/1259/1259 1255/1255/1255
f 1255/1255/1255 1259/1259/1259 1260/1260/1260
f 1255/1255/1255 1260/1260/1260 1251/1251/1251
f 1251/1251/1251 1260/1260/1260 1256/1256/1256
f 1261/1261/1261 1266/1266/1266 1262/1262/1262
f 1262/1262/1262 1266/1266/1266 1267/1267/1267
f 1262/1262/1262 1267/1267/1267 1263/1263/1263
f 1263/1263/1263 1267/1267/1267 1268/1268/1268
f 1263/1263/1263 1268/1268/1268 1264/1264/1264
f 1264/1264/1264 1268/1268/1268 1269/1269/1269
f 1264/1264/1264 1269/1269/1269 1265/1265/1265
f 1265/1265/1265 1269/1269/1269 1270/1270/1270
f 1265/1265/1265 1270/1270/1270 1261/1261/1261
f 1261/1261/1261 1270/1270/1270 1266/1266/1266
f 1271/1271/1271 1276/1276/1276 1272/1272/1272
f 1272/1272/1272 1276/1276/1276 1277/1277/1277
f 1272/1272/1272 1277/1277/1277 1273/1273/1273
f 1273/1273/1273 1277/1277/1277 1278/1278/1278
f 1273/1273/1273 1278/1278/1278 1274/1274/1274
f 1274/1274/1274 1278/1278/1278 1279/1279/1279
f 1274/1274/1274 1279/1279/1279 1275/1275/1275
f 1275/1275/1275 1279/1279/1279 1280/1280/1280
f 1275/1275/1275 1280/1280/1280 1271/1271/1271
f 1271/1271/1271 1280/1280/1280 1276/1276/1276
f 1281/1281/1281 1286/1286/1286 1282/1282/1282
f 1282/1282/1282 1286/1286/1286 1287/1287/1287
f 1282/1282/1282 1287/1287/1287 1283/1283/1283
f 1283/1283/1283 1287/1287/1287 1288/1288/1288
f 1283/1283/1283 1288/1288/1288 1284/1284/1284
f 1284/1284/1284 1288/1288/1288 1289/1289/1289
f 1284/1284/1284 1289/1289/1289 1285/1285/1285
f 1285/1285/1285 1289/1289/1289 1290/1290/1290
f 1285/1285/1285 1290/1290/1290 1281/1281/1281
f 1281/1281/1281 1290/1290/1290 1286/1286/1286
f 1291/1291/1291 1296/1296/1296 1292/1292/1292
f 1292/1292/1292 1296/1296/1296 1297/1297/1297
f 1292/1292/1292 1297/1297/1297 1293/1293/1293
f 1293/1293/1293 1297/1297/1297 1298/1298/1298
f 1293/1293/1293 1298/1298/1298 1294/1294/1294
f 1294/1294/1294 1298/1298/1298 1299/1299/1299
f 1294/1294/1294 1299/1299/1299 1295/1295/1295
f 1295/1295/1295 1299/1299/1299 1300/1300/1300
f 1295/1295/1295 1300/1300/1300 1291/1291/1291
f 1291/1291/1291 1300/1300/1300 1296/1296/1296
f 1301/1301/1301 1306/1306/1306 1302/1302/1302
f 1302/1302/1302 1306/1306/1306 1307/1307/1307
f 1302/1302/1302 1307/1307/1307 1303/1303/1303
f 1303/1303/1303 1307/1307/1307 1308/1308/1308
f 1303/1303/1303 1308/1308/1308 1304/1304/1304
f 1304/1304/1304 1308/1308/1308 1309/1309/1309
f 1304/1304/1304 1309/1309/1309 1305/1305/1305
f 1305/1305/1305 1309/1309/1309 1310/1310/1310
f 1305/1305/1305 1310/1310/1310 1301/1301/1301
f 1301/1301/1301 1310/1310/1310 1306/1306/1306
f 1311/1311/1311 1316/1316/1316 1312/1312/1312
f 1312/1312/1312 1316/1316/1316 1317/1317/1317
f 1312/1312/1312 1317/1317/1317 1313/1313/1313
f 1313/1313/1313 1317/1317/1317 1318/1318/1318
f 1313/1313/1313 1318/1318/1318 1314/1314/1314
f 1314/1314/1314 1318/1318/1318 1319/1319/1319
f 1314/1314/1314 1319/1319/1319 1315/1315/1315
f 1315/1315/1315 1319/1319/1319 1320/1320/1320
f 1315/1315/1315 1320/1320/1320 1311/1311/1311
f 1311/1311/1311 1320/1320/1320 1316/1316/1316
f 1321/1321/1321 1326/1326/1326 1322/1322/1322
f 1322/1322/1322 1326/1326/1326 1327/1327/1327
f 1322/1322/1322 1327/1327/1327 1323/1323/1323
f 1323/1323/1323 1327/1327/1327 1328/1328/1328
f 1323/1323/1323 1328/1328/1328 1324/1324/1324
f 1324/1324/1324 1328/1328/1328 1329/1329/1329
f 1324/1324/1324 1329/1329/1329 1325/1325/1325
f 1325/1325/1325 1329/1329/1329 1330/1330/1330
f 1325/1325/1325 1330/1330/1330 1321/1321/1321
f 1321/1321/1321 1330/1330/1330 1326/1326/1326
f 1331/1331/1331 1336/1336/1336 1332/1332/1332
f 1332/1332/1332 1336/1336/1336 1337/1337/1337
f 1332/1332/1332 1337/1337/1337 1333/1333/1333
f 1333/1333/1333 1337/1337/1337 1338/1338/1338
f 1333/1333/1333 1338/1338/1338 1334/1334/1334
f 1334/1334/1334 1338/1338/1338 1339/1339/1339
f 1334/1334/1334 1339/1339/1339 1335/1335/1335
f 1335/1335/1335 1339/1339/1339 1340/1340/1340
f 1335/1335/1335 1340/1340/1340 1331/1331/1331
f 1331/1331/1331 1340/1340/1340 1336/1336/1336
f 1341/1341/1341 1346/1346/1346 1342/1342/1342
f 1342/1342/1342 1346/1346/1346 1347/1347/1347
f 1342/1342/1342 1347/1347/1347 1343/1343/1343
f 1343/1343/1343 1347/1347/1347 1348/1348/1348
f 1343/1343/1343 1348/1348/1348 1344/1344/1344
f 1344/1344/1344 1348/1348/1348 1349/1349/1349
f 1344/1344/1344 1349/1349/1349 1345/1345/1345
f 1345/1345/1345 1349/1349/1349 1350/1350/1350
f 1345/1345/1345 1350/1350/1350 1341/1341/1341
f 1341/1341/1341 1350/1350/1350 1346/1346/1346
f 1351/1351/1351 1356/1356/1356 1352/1352/1352
f 1352/1352/1352 1356/1356/1356 1357/1357/1357
f 1352/1352/1352 1357/1357/1357 1353/1353/1353
f 1353/1353/1353 1357/1357/1357 1358/1358/1358
f 1353/1353/1353 1358/1358/1358 1354/1354/1354
f 1354/1354/1354 1358/1358/1358 1359/1359/1359
f 1354/1354/1354 1359/1359/1359 1355/1355/1355
f 1355/1355/1355 1359/1359/1359 1360/1360/1360
f 1355/1355/1355 1360/1360/1360 1351/1351/1351
f 1351/1351/1351 1360/1360/1360 1356/1356/1356
f 1361/1361/1361 1366/1366/1366 1362/1362/1362
f 1362/1362/1362 1366/1366/1366 1367/1367/1367
f 1362/1362/1362 1367/1367/1367 1363/1363/1363
f 1363/1363/1363 1367/1367/1367 1368/1368/1368
f 1363/1363/1363 1368/1368/1368 1364/1364/1364
f 1364/1364/1364 1368/1368/1368 1369/1369/1369
f 1364/1364/1364 1369/1369/1369 1365/1365/1365
f 1365/1365/1365 1369/1369/1369 1370/1370/1370
f 1365/1365/1365 1370/1370/1370 1361/1361/1361
f 1361/1361/1361 1370/1370/1370 1366/1366/1366
f 1371/1371/1371 1376/1376/1376 1372/1372/1372
f 1372/1372/1372 1376/1376/1376 1377/1377/1377
f 1372/1372/1372 1377/1377/1377 1373/1373/1373
f 1373/1373/1373 1377/1377/1377 1378/1378/1378
f 1373/1373/1373 1378/1378/1378 1374/1374/1374
f 1374/1374/1374 1378/1378/1378 1379/1379/1379
f 1374/1374/1374 1379/1379/1379 1375/1375/1375
f 1375/1375/1375 1379/1379/1379 1380/1380/1380
f 1375/1375/1375 1380/1380/1380 1371/1371/1371
f 1371/1371/1371 1380/1380/1380 1376/1376/1376
f 1381/1381/1381 1386/1386/1386 1382/1382/1382
f 1382/1382/1382 1386/1386/1386 1387/1387/1387
f 1382/1382/1382 1387/1387/1387 1383/1383/1383
f 1383/1383/1383 1387/1387/1387 1388/1388/1388
f 1383/1383/1383 1388/1388/1388 1384/1384/1384
f 1384/1384/1384 1388/1388/1388 1389/1389/1389
f 1384/1384/1384 1389/1389/1389 1385/1385/1385
f 1385/1385/1385 1389/1389/1389 1390/1390/1390
f 1385/1385/1385 1390/1390/1390 1381/1381/1381
f 1381/1381/1381 1390/1390/1390 1386/1386/1386
f 1391/1391/1391 1396/1396/1396 1392/1392/1392
f 1392/1392/1392 1396/1396/1396 1397/1397/1397
f 1392/1392/1392 1397/1397/1397 1393/1393/1393
f 1393/1393/1393 1397/1397/1397 1398/1398/1398
f 1393/1393/1393 1398/1398/1398 1394/1394/1394
f 1394/1394/1394 1398/1398/1398 1399/1399/1399
f 1394/1394/1394 1399/1399/1399 1395/1395/1395
f 1395/1395/1395 1399/1399/1399 1400/1400/1400
f 1395/1395/1395 1400/1400/1400 1391/1391/1391
f 1391/1391/1391 1400/1400/1400 1396/1396/1396
f 1401/1401/1401 1406/1406/1406 1402/1402/1402
f 1402/1402/1402 1406/1406/1406 1407/1407/1407
f 1402/1402/1402 1407/1407/1407 1403/1403/1403
f 1403/1403/1403 1407/1407/1407 1408/1408/1408
f 1403/1403/1403 1408/1408/1408 1404/1404/1404
f 1404/1404/1404 1408/1408/1408 1409/1409/1409
f 1404/1404/1404 1409/1409/1409 1405/1405/1405
f 1405/1405/1405 1409/1409/1409 1410/1410/1410
f 1405/1405/1405 1410/1410/1410 1401/1401/1401
f 1401/1401/1401 1410/1410/1410 1406/1406/1406
f 1411/1411/1411 1416/1416/1416 1412/1412/1412
f 1412/1412/1412 1416/1416/1416 1417/1417/1417
f 1412/1412/1412 1417/1417/1417 1413/1413/1413
f 1413/1413/1413 1417/1417/1417 1418/1418/1418
f 1413/1413/1413 1418/1418/1418 1414/1414/1414
f 1414/1414/1414 1418/1418/1418 1419/1419/1419
f 1414/1414/1414 1419/1419/1419 1415/1415/1415
f 1415/1415/1415 1419/1419/1419 1420/1420/1420
f 1415/1415/1415 1420/1420/1420 1411/1411/1411
f 1411/1411/1411 1420/1420/1420 1416/1416/1416
f 1421/1421/1421 1426/1426/1426 1422/1422/1422
f 1422/1422/1422 1426/1426/1426 1427/1427/1427
f 1422/1422/1422 1427/1427/1427 1423/1423/1423
f 1423/1423/1423 1427/1427/1427 1428/1428/1428
f 1423/1423/1423 1428/1428/1428 1424/1424/1424
f 1424/1424/1424 1428/1428/1428 1429/1429/1429
f 1424/1424/1424 1429/1429/1429 1425/1425/1425
f 1425/1425/1425 1429/1429/1429 1430/1430/1430
f 1425/1425/1425 1430/1430/1430 1421/1421/1421
f 1421/1421/1421 1430/1430/1430 1426/1426/1426
f 1431/1431/1431 1436/1436/1436 1432/1432/1432
f 1432/1432/1432 1436/1436/1436 1437/1437/1437
f 1432/1432/1432 1437/1437/1437 1433/1433/1433
f 1433/1433/1433 1437/1437/1437 1438/1438/1438
f 1433/1433/1433 1438/1438/1438 1434/1434/1434
f 1434/1434/1434 1438/1438/1438 1439/1439/1439
f 1434/1434/1434 1439/1439/1439 1435/1435/1435
f 1435/1435/1435 1439/1439/1439 1440/1440/1440
f 1435/1435/1435 1440/1440/1440 1431/1431/1431
f 1431/1431/1431 1440/1440/1440 1436/1436/1436
f 1441/1441/1441 1446/1446/1446 1442/1442/1442
f 1442/1442/1442 1446/1446/1446 1447/1447/1447
f 1442/1442/1442 1447/1447/1447 1443/1443/1443
f 1443/1443/1443 1447/1447/1447 1448/1448/1448
f 1443/1443/1443 1448/1448/1448 1444/1444/1444
f 1444/1444/1444 1448/1448/1448 1449/1449/1449
f 1444/1444/1444 1449/1449/1449 1445/1445/1445
f 1445/1445/1445 1449/1449/1449 1450/1450/1450
f 1445/1445/1445 1450/1450/1450 1441/1441/1441
f 1441/1441/1441 1450/1450/1450 1446/1446/1446
f 1451/1451/1451 1456/1456/1456 1452/1452/1452
f 1452/1452/1452 1456/1456/1456 1457/1457/1457
f 1452/1452/1452 1457/1457/1457 1453/1453/1453
f 1453/1453/1453 1457/1457/1457 1458/1458/1458
f 1453/1453/1453 1458/1458/1458 1454/1454/1454
f 1454/1454/1454 1458/1458/1458 1459/1459/1459
f 1454/1454/1454 1459/1459/1459 1455/1455/1455
f 1455/1455/1455 1459/1459/1459 1460/1460/1460
f 1455/1455/1455 1460/1460/1460 1451/1451/1451
f 1451/1451/1451 1460/1460/1460 1456/1456/1456
f 1461/1461/1461 1466/1466/1466 1462/1462/1462
f 1462/1462/1462 1466/1466/1466 1467/1467/1467
f 1462/1462/1462 1467/1467/1467 1463/1463/1463
f 1463/1463/1463 1467/1467/1467 1468/1468/1468
f 1463/1463/1463 1468/1468/1468 1464/1464/1464
f 1464/1464/1464 1468/1468/1468 1469/1469/1469
f 1464/1464/1464 1469/1469/1469 1465/1465/1465
f 1465/1465/1465 1469/1469/1469 1470/1470/1470
f 1465/1465/1465 1470/1470/1470 1461/1461/1461
f 1461/1461/1461 1470/1470/1470 1466/1466/1466
f 1471/1471/1471 1476/1476/1476 1472/1472/1472
f 1472/1472/1472 1476/1476/1476 1477/1477/1477
f 1472/1472/1472 1477/1477/1477 1473/1473/1473
f 1473/1473/1473 1477/1477/1477 1478/1478/1478
f 1473/1473/1473 1478/1478/1478 1474/1474/1474
f 1474/1474/1474 1478/1478/1478 1479/1479/1479
f 1474/1474/1474 1479/1479/1479 1475/1475/1475
f 1475/1475/1475 1479/1479/1479 1480/1480/1480
f 1475/1475/1475 1480/1480/1480 1471/1471/1471
f 1471/1471/1471 1480/1480/1480 1476/1476/1476
f 1481/1481/1481 1486/1486/1486 1482/1482/1482
f 1482/1482/1482 1486/1486/1486 1487/1487/1487
f 1482/1482/1482 1487/1487/1487 1483/1483/1483
f 1483/1483/1483 1487/1487/1487 1488/1488/1488
f 1483/1483/1483 1488/1488/1488 1484/1484/1484
f 1484/1484/1484 1488/1488/1488 1489/1489/1489
f 1484/1484/1484 1489/1489/1489 1485/1485/1485
f 1485/1485/1485 1489/1489/1489 1490/1490/1490
f 1485/1485/1485 1490/1490/1490 1481/1481/1481
f 1481/1481/1481 1490/1490/1490 1486/1486/1486
f 1491/1491/1491 1496/1496/1496 1492/1492/1492
f 1492/1492/1492 1496/1496/1496 1497/1497/1497
f 1492/1492/1492 1497/1497/1497 1493/1493/1493
f 1493/1493/1493 1497/1497/1497 1498/1498/1498
f 1493/1493/1493 1498/1498/1498 1494/1494/1494
f 1494/1494/1494 1498/1498/1498 1499/1499/1499
f 1494/1494/1494 1499/1499/1499 1495/1495/1495
f 1495/1495/1495 1499/1499/1499 1500/1500/1500
f 1495/1495/1495 1500/1500/1500 1491/1491/1491
f 1491/1491/1491 1500/1500/1500 1496/1496/1496
f 1501/1501/1501 1506/1506/1506 1502/1502/1502
f 1502/1502/1502 1506/1506/1506 1507/1507/1507
f 1502/1502/1502 1507/1507/1507 1503/1503/1503
f 1503/1503/1503 1507/1507/1507 1508/1508/1508
f 1503/1503/1503 1508/1508/1508 1504/1504/1504
f 1504/1504/1504 1508/1508/1508 1509/1509/1509
f 1504/1504/1504 1509/1509/1509 1505/1505/1505
f 1505/1505/1505 1509/1509/1509 1510/1510/1510
f 1505/1505/1505 1510/1510/1510 1501/1501/1501
f 1501/1501/1501 1510/1510/1510 1506/1506/1506
f 1511/1511/1511 1516/1516/1516 1512/1512/1512
f 1512/1512/1512 1516/1516/1516 1517/1517/1517
f 1512/1512/1512 1517/1517/1517 1513/1513/1513
f 1513/1513/1513 1517/1517/1517 1518/1518/1518
f 1513/1513/1513 1518/1518/1518 1514/1514/1514
f 1514/1514/1514 1518/1518/1518 1519/1519/1519
f 1514/1514/1514 1519/1519/1519 1515/1515/1515
f 1515/1515/1515 1519/1519/1519 1520/1520/1520
f 1515/1515/1515 1520/1520/1520 1511/1511/1511
f 1511/1511/1511 1520/1520/1520 1516/1516/1516
f 1521/1521/1521 1526/1526/1526 1522/1522/1522
f 1522/1522/1522 1526/1526/1526 1527/1527/1527
f 1522/1522/1522 1527/1527/1527 1523/1523/1523
f 1523/1523/1523 1527/1527/1527 1528/1528/1528
f 1523/1523/1523 1528/1528/1528 1524/1524/1524
f 1524/1524/1524 1528/1528/1528 1529/1529/1529
f 1524/1524/1524 1529/1529/1529 1525/1525/1525
f 1525/1525/1525 1529/1529/1529 1530/1530/1530
f 1525/1525/1525 1530/1530/1530 1521/1521/1521
f 1521/1521/1521 1530/1530/1530 1526/1526/1526
f 1531/1531/1531 1536/1536/1536 1532/1532/1532
f 1532/1532/1532 1536/1536/1536 1537/1537/1537
f 1532/1532/1532 1537/1537/1537 1533/1533/1533
f 1533/1533/1533 1537/1537/1537 1538/1538/1538
f 1533/1533/1533 1538/1538/1538 1534/1534/1534
f 1534/1534/1534 1538/1538/1538 1539/1539/1539
f 1534/1534/1534 1539/1539/1539 1535/1535/1535
f 1535/1535/1535 1539/1539/1539 1540/1540/1540
f 1535/1535/1535 1540/1540/1540 1531/1531/1531
f 1531/1531/1531 1540/1540/1540 1536/1536/1536
f 1541/1541/1541 1546/1546/1546 1542/1542/1542
f 1542/1542/1542 1546/1546/1546 1547/1547/1547
f 1542/1542/1542 1547/1547/1547 1543/1543/1543
f 1543/1543/1543 1547/1547/1547 1548/1548/1548
f 1543/1543/1543 1548/1548/1548 1544/1544/1544
f 1544/1544/1544 1548/1548/1548 1549/1549/1549
f 1544/1544/1544 1549/1549/1549 1545/1545/1545
f 1545/1545/1545 1549/1549/1549 1550/1550/1550
f 1545/1545/1545 1550/1550/1550 1541/1541/1541
f 1541/1541/1541 1550/1550/1550 1546/1546/1546
f 1551/1551/1551 1556/1556/1556 1552/1552/1552
f 1552/1552/1552 1556/1556/1556 1557/1557/1557
f 1552/1552/1552 1557/1557/1557 1553/1553/1553
f 1553/1553/1553 1557/1557/1557 1558/1558/1558
f 1553/1553/1553 1558/1558/1558 1554/1554/1554
f 1554/1554/1554 1558/1558/1558 1559/1559/1559
f 1554/1554/1554 1559/1559/1559 1555/1555/1555
f 1555/1555/1555 1559/1559/1559 1560/1560/1560
f 1555/1555/1555 1560/1560/1560 1551/1551/1551
f 1551/1551/1551 1560/1560/1560 1556/1556/1556
