# Basketball rim: 0.457 m inner diameter, 18 mm steel tube. Origin at the ring centre.
# Generated by tools/gen_sandbox_assets.py
v 0.246600 0.000000 0.000000
v 0.245394 0.004500 0.000000
v 0.242100 0.007794 0.000000
v 0.237600 0.009000 0.000000
v 0.233100 0.007794 0.000000
v 0.229806 0.004500 0.000000
v 0.228600 0.000000 0.000000
v 0.229806 -0.004500 0.000000
v 0.233100 -0.007794 0.000000
v 0.237600 -0.009000 0.000000
v 0.242100 -0.007794 0.000000
v 0.245394 -0.004500 0.000000
v 0.246600 -0.000000 0.000000
v 0.245413 0.000000 0.024171
v 0.244213 0.004500 0.024053
v 0.240934 0.007794 0.023730
v 0.236456 0.009000 0.023289
v 0.231978 0.007794 0.022848
v 0.228699 0.004500 0.022525
v 0.227499 0.000000 0.022407
v 0.228699 -0.004500 0.022525
v 0.231978 -0.007794 0.022848
v 0.236456 -0.009000 0.023289
v 0.240934 -0.007794 0.023730
v 0.244213 -0.004500 0.024053
v 0.245413 -0.000000 0.024171
v 0.241862 0.000000 0.048109
v 0.240679 0.004500 0.047874
v 0.237448 0.007794 0.047231
v 0.233035 0.009000 0.046353
v 0.228621 0.007794 0.045476
v 0.225390 0.004500 0.044833
v 0.224208 0.000000 0.044598
v 0.225390 -0.004500 0.044833
v 0.228621 -0.007794 0.045476
v 0.233035 -0.009000 0.046353
v 0.237448 -0.007794 0.047231
v 0.240679 -0.004500 0.047874
v 0.241862 -0.000000 0.048109
v 0.235981 0.000000 0.071584
v 0.234828 0.004500 0.071234
v 0.231675 0.007794 0.070278
v 0.227369 0.009000 0.068972
v 0.223063 0.007794 0.067665
v 0.219910 0.004500 0.066709
v 0.218757 0.000000 0.066359
v 0.219910 -0.004500 0.066709
v 0.223063 -0.007794 0.067665
v 0.227369 -0.009000 0.068972
v 0.231675 -0.007794 0.070278
v 0.234828 -0.004500 0.071234
v 0.235981 -0.000000 0.071584
v 0.227829 0.000000 0.094370
v 0.226715 0.004500 0.093908
v 0.223671 0.007794 0.092648
v 0.219514 0.009000 0.090926
v 0.215356 0.007794 0.089204
v 0.212313 0.004500 0.087943
v 0.211199 0.000000 0.087481
v 0.212313 -0.004500 0.087943
v 0.215356 -0.007794 0.089204
v 0.219514 -0.009000 0.090926
v 0.223671 -0.007794 0.092648
v 0.226715 -0.004500 0.093908
v 0.227829 -0.000000 0.094370
v 0.217482 0.000000 0.116246
v 0.216418 0.004500 0.115678
v 0.213513 0.007794 0.114125
v 0.209544 0.009000 0.112004
v 0.205576 0.007794 0.109883
v 0.202671 0.004500 0.108330
v 0.201607 0.000000 0.107761
v 0.202671 -0.004500 0.108330
v 0.205576 -0.007794 0.109883
v 0.209544 -0.009000 0.112004
v 0.213513 -0.007794 0.114125
v 0.216418 -0.004500 0.115678
v 0.217482 -0.000000 0.116246
v 0.205040 0.000000 0.137004
v 0.204038 0.004500 0.136334
v 0.201299 0.007794 0.134504
v 0.197557 0.009000 0.132003
v 0.193816 0.007794 0.129503
v 0.191077 0.004500 0.127673
v 0.190074 0.000000 0.127003
v 0.191077 -0.004500 0.127673
v 0.193816 -0.007794 0.129503
v 0.197557 -0.009000 0.132003
v 0.201299 -0.007794 0.134504
v 0.204038 -0.004500 0.136334
v 0.205040 -0.000000 0.137004
v 0.190624 0.000000 0.156441
v 0.189692 0.004500 0.155676
v 0.187146 0.007794 0.153587
v 0.183667 0.009000 0.150732
v 0.180189 0.007794 0.147877
v 0.177642 0.004500 0.145787
v 0.176710 0.000000 0.145022
v 0.177642 -0.004500 0.145787
v 0.180189 -0.007794 0.147877
v 0.183667 -0.009000 0.150732
v 0.187146 -0.007794 0.153587
v 0.189692 -0.004500 0.155676
v 0.190624 -0.000000 0.156441
v 0.174373 0.000000 0.174373
v 0.173520 0.004500 0.173520
v 0.171191 0.007794 0.171191
v 0.168009 0.009000 0.168009
v 0.164827 0.007794 0.164827
v 0.162497 0.004500 0.162497
v 0.161645 0.000000 0.161645
v 0.162497 -0.004500 0.162497
v 0.164827 -0.007794 0.164827
v 0.168009 -0.009000 0.168009
v 0.171191 -0.007794 0.171191
v 0.173520 -0.004500 0.173520
v 0.174373 -0.000000 0.174373
v 0.156441 0.000000 0.190624
v 0.155676 0.004500 0.189692
v 0.153587 0.007794 0.187146
v 0.150732 0.009000 0.183667
v 0.147877 0.007794 0.180189
v 0.145787 0.004500 0.177642
v 0.145022 0.000000 0.176710
v 0.145787 -0.004500 0.177642
v 0.147877 -0.007794 0.180189
v 0.150732 -0.009000 0.183667
v 0.153587 -0.007794 0.187146
v 0.155676 -0.004500 0.189692
v 0.156441 -0.000000 0.190624
v 0.137004 0.000000 0.205040
v 0.136334 0.004500 0.204038
v 0.134504 0.007794 0.201299
v 0.132003 0.009000 0.197557
v 0.129503 0.007794 0.193816
v 0.127673 0.004500 0.191077
v 0.127003 0.000000 0.190074
v 0.127673 -0.004500 0.191077
v 0.129503 -0.007794 0.193816
v 0.132003 -0.009000 0.197557
v 0.134504 -0.007794 0.201299
v 0.136334 -0.004500 0.204038
v 0.137004 -0.000000 0.205040
v 0.116246 0.000000 0.217482
v 0.115678 0.004500 0.216418
v 0.114125 0.007794 0.213513
v 0.112004 0.009000 0.209544
v 0.109883 0.007794 0.205576
v 0.108330 0.004500 0.202671
v 0.107761 0.000000 0.201607
v 0.108330 -0.004500 0.202671
v 0.109883 -0.007794 0.205576
v 0.112004 -0.009000 0.209544
v 0.114125 -0.007794 0.213513
v 0.115678 -0.004500 0.216418
v 0.116246 -0.000000 0.217482
v 0.094370 0.000000 0.227829
v 0.093908 0.004500 0.226715
v 0.092648 0.007794 0.223671
v 0.090926 0.009000 0.219514
v 0.089204 0.007794 0.215356
v 0.087943 0.004500 0.212313
v 0.087481 0.000000 0.211199
v 0.087943 -0.004500 0.212313
v 0.089204 -0.007794 0.215356
v 0.090926 -0.009000 0.219514
v 0.092648 -0.007794 0.223671
v 0.093908 -0.004500 0.226715
v 0.094370 -0.000000 0.227829
v 0.071584 0.000000 0.235981
v 0.071234 0.004500 0.234828
v 0.070278 0.007794 0.231675
v 0.068972 0.009000 0.227369
v 0.067665 0.007794 0.223063
v 0.066709 0.004500 0.219910
v 0.066359 0.000000 0.218757
v 0.066709 -0.004500 0.219910
v 0.067665 -0.007794 0.223063
v 0.068972 -0.009000 0.227369
v 0.070278 -0.007794 0.231675
v 0.071234 -0.004500 0.234828
v 0.071584 -0.000000 0.235981
v 0.048109 0.000000 0.241862
v 0.047874 0.004500 0.240679
v 0.047231 0.007794 0.237448
v 0.046353 0.009000 0.233035
v 0.045476 0.007794 0.228621
v 0.044833 0.004500 0.225390
v 0.044598 0.000000 0.224208
v 0.044833 -0.004500 0.225390
v 0.045476 -0.007794 0.228621
v 0.046353 -0.009000 0.233035
v 0.047231 -0.007794 0.237448
v 0.047874 -0.004500 0.240679
v 0.048109 -0.000000 0.241862
v 0.024171 0.000000 0.245413
v 0.024053 0.004500 0.244213
v 0.023730 0.007794 0.240934
v 0.023289 0.009000 0.236456
v 0.022848 0.007794 0.231978
v 0.022525 0.004500 0.228699
v 0.022407 0.000000 0.227499
v 0.022525 -0.004500 0.228699
v 0.022848 -0.007794 0.231978
v 0.023289 -0.009000 0.236456
v 0.023730 -0.007794 0.240934
v 0.024053 -0.004500 0.244213
v 0.024171 -0.000000 0.245413
v 0.000000 0.000000 0.246600
v 0.000000 0.004500 0.245394
v 0.000000 0.007794 0.242100
v 0.000000 0.009000 0.237600
v 0.000000 0.007794 0.233100
v 0.000000 0.004500 0.229806
v 0.000000 0.000000 0.228600
v 0.000000 -0.004500 0.229806
v 0.000000 -0.007794 0.233100
v 0.000000 -0.009000 0.237600
v 0.000000 -0.007794 0.242100
v 0.000000 -0.004500 0.245394
v 0.000000 -0.000000 0.246600
v -0.024171 0.000000 0.245413
v -0.024053 0.004500 0.244213
v -0.023730 0.007794 0.240934
v -0.023289 0.009000 0.236456
v -0.022848 0.007794 0.231978
v -0.022525 0.004500 0.228699
v -0.022407 0.000000 0.227499
v -0.022525 -0.004500 0.228699
v -0.022848 -0.007794 0.231978
v -0.023289 -0.009000 0.236456
v -0.023730 -0.007794 0.240934
v -0.024053 -0.004500 0.244213
v -0.024171 -0.000000 0.245413
v -0.048109 0.000000 0.241862
v -0.047874 0.004500 0.240679
v -0.047231 0.007794 0.237448
v -0.046353 0.009000 0.233035
v -0.045476 0.007794 0.228621
v -0.044833 0.004500 0.225390
v -0.044598 0.000000 0.224208
v -0.044833 -0.004500 0.225390
v -0.045476 -0.007794 0.228621
v -0.046353 -0.009000 0.233035
v -0.047231 -0.007794 0.237448
v -0.047874 -0.004500 0.240679
v -0.048109 -0.000000 0.241862
v -0.071584 0.000000 0.235981
v -0.071234 0.004500 0.234828
v -0.070278 0.007794 0.231675
v -0.068972 0.009000 0.227369
v -0.067665 0.007794 0.223063
v -0.066709 0.004500 0.219910
v -0.066359 0.000000 0.218757
v -0.066709 -0.004500 0.219910
v -0.067665 -0.007794 0.223063
v -0.068972 -0.009000 0.227369
v -0.070278 -0.007794 0.231675
v -0.071234 -0.004500 0.234828
v -0.071584 -0.000000 0.235981
v -0.094370 0.000000 0.227829
v -0.093908 0.004500 0.226715
v -0.092648 0.007794 0.223671
v -0.090926 0.009000 0.219514
v -0.089204 0.007794 0.215356
v -0.087943 0.004500 0.212313
v -0.087481 0.000000 0.211199
v -0.087943 -0.004500 0.212313
v -0.089204 -0.007794 0.215356
v -0.090926 -0.009000 0.219514
v -0.092648 -0.007794 0.223671
v -0.093908 -0.004500 0.226715
v -0.094370 -0.000000 0.227829
v -0.116246 0.000000 0.217482
v -0.115678 0.004500 0.216418
v -0.114125 0.007794 0.213513
v -0.112004 0.009000 0.209544
v -0.109883 0.007794 0.205576
v -0.108330 0.004500 0.202671
v -0.107761 0.000000 0.201607
v -0.108330 -0.004500 0.202671
v -0.109883 -0.007794 0.205576
v -0.112004 -0.009000 0.209544
v -0.114125 -0.007794 0.213513
v -0.115678 -0.004500 0.216418
v -0.116246 -0.000000 0.217482
v -0.137004 0.000000 0.205040
v -0.136334 0.004500 0.204038
v -0.134504 0.007794 0.201299
v -0.132003 0.009000 0.197557
v -0.129503 0.007794 0.193816
v -0.127673 0.004500 0.191077
v -0.127003 0.000000 0.190074
v -0.127673 -0.004500 0.191077
v -0.129503 -0.007794 0.193816
v -0.132003 -0.009000 0.197557
v -0.134504 -0.007794 0.201299
v -0.136334 -0.004500 0.204038
v -0.137004 -0.000000 0.205040
v -0.156441 0.000000 0.190624
v -0.155676 0.004500 0.189692
v -0.153587 0.007794 0.187146
v -0.150732 0.009000 0.183667
v -0.147877 0.007794 0.180189
v -0.145787 0.004500 0.177642
v -0.145022 0.000000 0.176710
v -0.145787 -0.004500 0.177642
v -0.147877 -0.007794 0.180189
v -0.150732 -0.009000 0.183667
v -0.153587 -0.007794 0.187146
v -0.155676 -0.004500 0.189692
v -0.156441 -0.000000 0.190624
v -0.174373 0.000000 0.174373
v -0.173520 0.004500 0.173520
v -0.171191 0.007794 0.171191
v -0.168009 0.009000 0.168009
v -0.164827 0.007794 0.164827
v -0.162497 0.004500 0.162497
v -0.161645 0.000000 0.161645
v -0.162497 -0.004500 0.162497
v -0.164827 -0.007794 0.164827
v -0.168009 -0.009000 0.168009
v -0.171191 -0.007794 0.171191
v -0.173520 -0.004500 0.173520
v -0.174373 -0.000000 0.174373
v -0.190624 0.000000 0.156441
v -0.189692 0.004500 0.155676
v -0.187146 0.007794 0.153587
v -0.183667 0.009000 0.150732
v -0.180189 0.007794 0.147877
v -0.177642 0.004500 0.145787
v -0.176710 0.000000 0.145022
v -0.177642 -0.004500 0.145787
v -0.180189 -0.007794 0.147877
v -0.183667 -0.009000 0.150732
v -0.187146 -0.007794 0.153587
v -0.189692 -0.004500 0.155676
v -0.190624 -0.000000 0.156441
v -0.205040 0.000000 0.137004
v -0.204038 0.004500 0.136334
v -0.201299 0.007794 0.134504
v -0.197557 0.009000 0.132003
v -0.193816 0.007794 0.129503
v -0.191077 0.004500 0.127673
v -0.190074 0.000000 0.127003
v -0.191077 -0.004500 0.127673
v -0.193816 -0.007794 0.129503
v -0.197557 -0.009000 0.132003
v -0.201299 -0.007794 0.134504
v -0.204038 -0.004500 0.136334
v -0.205040 -0.000000 0.137004
v -0.217482 0.000000 0.116246
v -0.216418 0.004500 0.115678
v -0.213513 0.007794 0.114125
v -0.209544 0.009000 0.112004
v -0.205576 0.007794 0.109883
v -0.202671 0.004500 0.108330
v -0.201607 0.000000 0.107761
v -0.202671 -0.004500 0.108330
v -0.205576 -0.007794 0.109883
v -0.209544 -0.009000 0.112004
v -0.213513 -0.007794 0.114125
v -0.216418 -0.004500 0.115678
v -0.217482 -0.000000 0.116246
v -0.227829 0.000000 0.094370
v -0.226715 0.004500 0.093908
v -0.223671 0.007794 0.092648
v -0.219514 0.009000 0.090926
v -0.215356 0.007794 0.089204
v -0.212313 0.004500 0.087943
v -0.211199 0.000000 0.087481
v -0.212313 -0.004500 0.087943
v -0.215356 -0.007794 0.089204
v -0.219514 -0.009000 0.090926
v -0.223671 -0.007794 0.092648
v -0.226715 -0.004500 0.093908
v -0.227829 -0.000000 0.094370
v -0.235981 0.000000 0.071584
v -0.234828 0.004500 0.071234
v -0.231675 0.007794 0.070278
v -0.227369 0.009000 0.068972
v -0.223063 0.007794 0.067665
v -0.219910 0.004500 0.066709
v -0.218757 0.000000 0.066359
v -0.219910 -0.004500 0.066709
v -0.223063 -0.007794 0.067665
v -0.227369 -0.009000 0.068972
v -0.231675 -0.007794 0.070278
v -0.234828 -0.004500 0.071234
v -0.235981 -0.000000 0.071584
v -0.241862 0.000000 0.048109
v -0.240679 0.004500 0.047874
v -0.237448 0.007794 0.047231
v -0.233035 0.009000 0.046353
v -0.228621 0.007794 0.045476
v -0.225390 0.004500 0.044833
v -0.224208 0.000000 0.044598
v -0.225390 -0.004500 0.044833
v -0.228621 -0.007794 0.045476
v -0.233035 -0.009000 0.046353
v -0.237448 -0.007794 0.047231
v -0.240679 -0.004500 0.047874
v -0.241862 -0.000000 0.048109
v -0.245413 0.000000 0.024171
v -0.244213 0.004500 0.024053
v -0.240934 0.007794 0.023730
v -0.236456 0.009000 0.023289
v -0.231978 0.007794 0.022848
v -0.228699 0.004500 0.022525
v -0.227499 0.000000 0.022407
v -0.228699 -0.004500 0.022525
v -0.231978 -0.007794 0.022848
v -0.236456 -0.009000 0.023289
v -0.240934 -0.007794 0.023730
v -0.244213 -0.004500 0.024053
v -0.245413 -0.000000 0.024171
v -0.246600 0.000000 0.000000
v -0.245394 0.004500 0.000000
v -0.242100 0.007794 0.000000
v -0.237600 0.009000 0.000000
v -0.233100 0.007794 0.000000
v -0.229806 0.004500 0.000000
v -0.228600 0.000000 0.000000
v -0.229806 -0.004500 0.000000
v -0.233100 -0.007794 0.000000
v -0.237600 -0.009000 0.000000
v -0.242100 -0.007794 0.000000
v -0.245394 -0.004500 0.000000
v -0.246600 -0.000000 0.000000
v -0.245413 0.000000 -0.024171
v -0.244213 0.004500 -0.024053
v -0.240934 0.007794 -0.023730
v -0.236456 0.009000 -0.023289
v -0.231978 0.007794 -0.022848
v -0.228699 0.004500 -0.022525
v -0.227499 0.000000 -0.022407
v -0.228699 -0.004500 -0.022525
v -0.231978 -0.007794 -0.022848
v -0.236456 -0.009000 -0.023289
v -0.240934 -0.007794 -0.023730
v -0.244213 -0.004500 -0.024053
v -0.245413 -0.000000 -0.024171
v -0.241862 0.000000 -0.048109
v -0.240679 0.004500 -0.047874
v -0.237448 0.007794 -0.047231
v -0.233035 0.009000 -0.046353
v -0.228621 0.007794 -0.045476
v -0.225390 0.004500 -0.044833
v -0.224208 0.000000 -0.044598
v -0.225390 -0.004500 -0.044833
v -0.228621 -0.007794 -0.045476
v -0.233035 -0.009000 -0.046353
v -0.237448 -0.007794 -0.047231
v -0.240679 -0.004500 -0.047874
v -0.241862 -0.000000 -0.048109
v -0.235981 0.000000 -0.071584
v -0.234828 0.004500 -0.071234
v -0.231675 0.007794 -0.070278
v -0.227369 0.009000 -0.068972
v -0.223063 0.007794 -0.067665
v -0.219910 0.004500 -0.066709
v -0.218757 0.000000 -0.066359
v -0.219910 -0.004500 -0.066709
v -0.223063 -0.007794 -0.067665
v -0.227369 -0.009000 -0.068972
v -0.231675 -0.007794 -0.070278
v -0.234828 -0.004500 -0.071234
v -0.235981 -0.000000 -0.071584
v -0.227829 0.000000 -0.094370
v -0.226715 0.004500 -0.093908
v -0.223671 0.007794 -0.092648
v -0.219514 0.009000 -0.090926
v -0.215356 0.007794 -0.089204
v -0.212313 0.004500 -0.087943
v -0.211199 0.000000 -0.087481
v -0.212313 -0.004500 -0.087943
v -0.215356 -0.007794 -0.089204
v -0.219514 -0.009000 -0.090926
v -0.223671 -0.007794 -0.092648
v -0.226715 -0.004500 -0.093908
v -0.227829 -0.000000 -0.094370
v -0.217482 0.000000 -0.116246
v -0.216418 0.004500 -0.115678
v -0.213513 0.007794 -0.114125
v -0.209544 0.009000 -0.112004
v -0.205576 0.007794 -0.109883
v -0.202671 0.004500 -0.108330
v -0.201607 0.000000 -0.107761
v -0.202671 -0.004500 -0.108330
v -0.205576 -0.007794 -0.109883
v -0.209544 -0.009000 -0.112004
v -0.213513 -0.007794 -0.114125
v -0.216418 -0.004500 -0.115678
v -0.217482 -0.000000 -0.116246
v -0.205040 0.000000 -0.137004
v -0.204038 0.004500 -0.136334
v -0.201299 0.007794 -0.134504
v -0.197557 0.009000 -0.132003
v -0.193816 0.007794 -0.129503
v -0.191077 0.004500 -0.127673
v -0.190074 0.000000 -0.127003
v -0.191077 -0.004500 -0.127673
v -0.193816 -0.007794 -0.129503
v -0.197557 -0.009000 -0.132003
v -0.201299 -0.007794 -0.134504
v -0.204038 -0.004500 -0.136334
v -0.205040 -0.000000 -0.137004
v -0.190624 0.000000 -0.156441
v -0.189692 0.004500 -0.155676
v -0.187146 0.007794 -0.153587
v -0.183667 0.009000 -0.150732
v -0.180189 0.007794 -0.147877
v -0.177642 0.004500 -0.145787
v -0.176710 0.000000 -0.145022
v -0.177642 -0.004500 -0.145787
v -0.180189 -0.007794 -0.147877
v -0.183667 -0.009000 -0.150732
v -0.187146 -0.007794 -0.153587
v -0.189692 -0.004500 -0.155676
v -0.190624 -0.000000 -0.156441
v -0.174373 0.000000 -0.174373
v -0.173520 0.004500 -0.173520
v -0.171191 0.007794 -0.171191
v -0.168009 0.009000 -0.168009
v -0.164827 0.007794 -0.164827
v -0.162497 0.004500 -0.162497
v -0.161645 0.000000 -0.161645
v -0.162497 -0.004500 -0.162497
v -0.164827 -0.007794 -0.164827
v -0.168009 -0.009000 -0.168009
v -0.171191 -0.007794 -0.171191
v -0.173520 -0.004500 -0.173520
v -0.174373 -0.000000 -0.174373
v -0.156441 0.000000 -0.190624
v -0.155676 0.004500 -0.189692
v -0.153587 0.007794 -0.187146
v -0.150732 0.009000 -0.183667
v -0.147877 0.007794 -0.180189
v -0.145787 0.004500 -0.177642
v -0.145022 0.000000 -0.176710
v -0.145787 -0.004500 -0.177642
v -0.147877 -0.007794 -0.180189
v -0.150732 -0.009000 -0.183667
v -0.153587 -0.007794 -0.187146
v -0.155676 -0.004500 -0.189692
v -0.156441 -0.000000 -0.190624
v -0.137004 0.000000 -0.205040
v -0.136334 0.004500 -0.204038
v -0.134504 0.007794 -0.201299
v -0.132003 0.009000 -0.197557
v -0.129503 0.007794 -0.193816
v -0.127673 0.004500 -0.191077
v -0.127003 0.000000 -0.190074
v -0.127673 -0.004500 -0.191077
v -0.129503 -0.007794 -0.193816
v -0.132003 -0.009000 -0.197557
v -0.134504 -0.007794 -0.201299
v -0.136334 -0.004500 -0.204038
v -0.137004 -0.000000 -0.205040
v -0.116246 0.000000 -0.217482
v -0.115678 0.004500 -0.216418
v -0.114125 0.007794 -0.213513
v -0.112004 0.009000 -0.209544
v -0.109883 0.007794 -0.205576
v -0.108330 0.004500 -0.202671
v -0.107761 0.000000 -0.201607
v -0.108330 -0.004500 -0.202671
v -0.109883 -0.007794 -0.205576
v -0.112004 -0.009000 -0.209544
v -0.114125 -0.007794 -0.213513
v -0.115678 -0.004500 -0.216418
v -0.116246 -0.000000 -0.217482
v -0.094370 0.000000 -0.227829
v -0.093908 0.004500 -0.226715
v -0.092648 0.007794 -0.223671
v -0.090926 0.009000 -0.219514
v -0.089204 0.007794 -0.215356
v -0.087943 0.004500 -0.212313
v -0.087481 0.000000 -0.211199
v -0.087943 -0.004500 -0.212313
v -0.089204 -0.007794 -0.215356
v -0.090926 -0.009000 -0.219514
v -0.092648 -0.007794 -0.223671
v -0.093908 -0.004500 -0.226715
v -0.094370 -0.000000 -0.227829
v -0.071584 0.000000 -0.235981
v -0.071234 0.004500 -0.234828
v -0.070278 0.007794 -0.231675
v -0.068972 0.009000 -0.227369
v -0.067665 0.007794 -0.223063
v -0.066709 0.004500 -0.219910
v -0.066359 0.000000 -0.218757
v -0.066709 -0.004500 -0.219910
v -0.067665 -0.007794 -0.223063
v -0.068972 -0.009000 -0.227369
v -0.070278 -0.007794 -0.231675
v -0.071234 -0.004500 -0.234828
v -0.071584 -0.000000 -0.235981
v -0.048109 0.000000 -0.241862
v -0.047874 0.004500 -0.240679
v -0.047231 0.007794 -0.237448
v -0.046353 0.009000 -0.233035
v -0.045476 0.007794 -0.228621
v -0.044833 0.004500 -0.225390
v -0.044598 0.000000 -0.224208
v -0.044833 -0.004500 -0.225390
v -0.045476 -0.007794 -0.228621
v -0.046353 -0.009000 -0.233035
v -0.047231 -0.007794 -0.237448
v -0.047874 -0.004500 -0.240679
v -0.048109 -0.000000 -0.241862
v -0.024171 0.000000 -0.245413
v -0.024053 0.004500 -0.244213
v -0.023730 0.007794 -0.240934
v -0.023289 0.009000 -0.236456
v -0.022848 0.007794 -0.231978
v -0.022525 0.004500 -0.228699
v -0.022407 0.000000 -0.227499
v -0.022525 -0.004500 -0.228699
v -0.022848 -0.007794 -0.231978
v -0.023289 -0.009000 -0.236456
v -0.023730 -0.007794 -0.240934
v -0.024053 -0.004500 -0.244213
v -0.024171 -0.000000 -0.245413
v -0.000000 0.000000 -0.246600
v -0.000000 0.004500 -0.245394
v -0.000000 0.007794 -0.242100
v -0.000000 0.009000 -0.237600
v -0.000000 0.007794 -0.233100
v -0.000000 0.004500 -0.229806
v -0.000000 0.000000 -0.228600
v -0.000000 -0.004500 -0.229806
v -0.000000 -0.007794 -0.233100
v -0.000000 -0.009000 -0.237600
v -0.000000 -0.007794 -0.242100
v -0.000000 -0.004500 -0.245394
v -0.000000 -0.000000 -0.246600
v 0.024171 0.000000 -0.245413
v 0.024053 0.004500 -0.244213
v 0.023730 0.007794 -0.240934
v 0.023289 0.009000 -0.236456
v 0.022848 0.007794 -0.231978
v 0.022525 0.004500 -0.228699
v 0.022407 0.000000 -0.227499
v 0.022525 -0.004500 -0.228699
v 0.022848 -0.007794 -0.231978
v 0.023289 -0.009000 -0.236456
v 0.023730 -0.007794 -0.240934
v 0.024053 -0.004500 -0.244213
v 0.024171 -0.000000 -0.245413
v 0.048109 0.000000 -0.241862
v 0.047874 0.004500 -0.240679
v 0.047231 0.007794 -0.237448
v 0.046353 0.009000 -0.233035
v 0.045476 0.007794 -0.228621
v 0.044833 0.004500 -0.225390
v 0.044598 0.000000 -0.224208
v 0.044833 -0.004500 -0.225390
v 0.045476 -0.007794 -0.228621
v 0.046353 -0.009000 -0.233035
v 0.047231 -0.007794 -0.237448
v 0.047874 -0.004500 -0.240679
v 0.048109 -0.000000 -0.241862
v 0.071584 0.000000 -0.235981
v 0.071234 0.004500 -0.234828
v 0.070278 0.007794 -0.231675
v 0.068972 0.009000 -0.227369
v 0.067665 0.007794 -0.223063
v 0.066709 0.004500 -0.219910
v 0.066359 0.000000 -0.218757
v 0.066709 -0.004500 -0.219910
v 0.067665 -0.007794 -0.223063
v 0.068972 -0.009000 -0.227369
v 0.070278 -0.007794 -0.231675
v 0.071234 -0.004500 -0.234828
v 0.071584 -0.000000 -0.235981
v 0.094370 0.000000 -0.227829
v 0.093908 0.004500 -0.226715
v 0.092648 0.007794 -0.223671
v 0.090926 0.009000 -0.219514
v 0.089204 0.007794 -0.215356
v 0.087943 0.004500 -0.212313
v 0.087481 0.000000 -0.211199
v 0.087943 -0.004500 -0.212313
v 0.089204 -0.007794 -0.215356
v 0.090926 -0.009000 -0.219514
v 0.092648 -0.007794 -0.223671
v 0.093908 -0.004500 -0.226715
v 0.094370 -0.000000 -0.227829
v 0.116246 0.000000 -0.217482
v 0.115678 0.004500 -0.216418
v 0.114125 0.007794 -0.213513
v 0.112004 0.009000 -0.209544
v 0.109883 0.007794 -0.205576
v 0.108330 0.004500 -0.202671
v 0.107761 0.000000 -0.201607
v 0.108330 -0.004500 -0.202671
v 0.109883 -0.007794 -0.205576
v 0.112004 -0.009000 -0.209544
v 0.114125 -0.007794 -0.213513
v 0.115678 -0.004500 -0.216418
v 0.116246 -0.000000 -0.217482
v 0.137004 0.000000 -0.205040
v 0.136334 0.004500 -0.204038
v 0.134504 0.007794 -0.201299
v 0.132003 0.009000 -0.197557
v 0.129503 0.007794 -0.193816
v 0.127673 0.004500 -0.191077
v 0.127003 0.000000 -0.190074
v 0.127673 -0.004500 -0.191077
v 0.129503 -0.007794 -0.193816
v 0.132003 -0.009000 -0.197557
v 0.134504 -0.007794 -0.201299
v 0.136334 -0.004500 -0.204038
v 0.137004 -0.000000 -0.205040
v 0.156441 0.000000 -0.190624
v 0.155676 0.004500 -0.189692
v 0.153587 0.007794 -0.187146
v 0.150732 0.009000 -0.183667
v 0.147877 0.007794 -0.180189
v 0.145787 0.004500 -0.177642
v 0.145022 0.000000 -0.176710
v 0.145787 -0.004500 -0.177642
v 0.147877 -0.007794 -0.180189
v 0.150732 -0.009000 -0.183667
v 0.153587 -0.007794 -0.187146
v 0.155676 -0.004500 -0.189692
v 0.156441 -0.000000 -0.190624
v 0.174373 0.000000 -0.174373
v 0.173520 0.004500 -0.173520
v 0.171191 0.007794 -0.171191
v 0.168009 0.009000 -0.168009
v 0.164827 0.007794 -0.164827
v 0.162497 0.004500 -0.162497
v 0.161645 0.000000 -0.161645
v 0.162497 -0.004500 -0.162497
v 0.164827 -0.007794 -0.164827
v 0.168009 -0.009000 -0.168009
v 0.171191 -0.007794 -0.171191
v 0.173520 -0.004500 -0.173520
v 0.174373 -0.000000 -0.174373
v 0.190624 0.000000 -0.156441
v 0.189692 0.004500 -0.155676
v 0.187146 0.007794 -0.153587
v 0.183667 0.009000 -0.150732
v 0.180189 0.007794 -0.147877
v 0.177642 0.004500 -0.145787
v 0.176710 0.000000 -0.145022
v 0.177642 -0.004500 -0.145787
v 0.180189 -0.007794 -0.147877
v 0.183667 -0.009000 -0.150732
v 0.187146 -0.007794 -0.153587
v 0.189692 -0.004500 -0.155676
v 0.190624 -0.000000 -0.156441
v 0.205040 0.000000 -0.137004
v 0.204038 0.004500 -0.136334
v 0.201299 0.007794 -0.134504
v 0.197557 0.009000 -0.132003
v 0.193816 0.007794 -0.129503
v 0.191077 0.004500 -0.127673
v 0.190074 0.000000 -0.127003
v 0.191077 -0.004500 -0.127673
v 0.193816 -0.007794 -0.129503
v 0.197557 -0.009000 -0.132003
v 0.201299 -0.007794 -0.134504
v 0.204038 -0.004500 -0.136334
v 0.205040 -0.000000 -0.137004
v 0.217482 0.000000 -0.116246
v 0.216418 0.004500 -0.115678
v 0.213513 0.007794 -0.114125
v 0.209544 0.009000 -0.112004
v 0.205576 0.007794 -0.109883
v 0.202671 0.004500 -0.108330
v 0.201607 0.000000 -0.107761
v 0.202671 -0.004500 -0.108330
v 0.205576 -0.007794 -0.109883
v 0.209544 -0.009000 -0.112004
v 0.213513 -0.007794 -0.114125
v 0.216418 -0.004500 -0.115678
v 0.217482 -0.000000 -0.116246
v 0.227829 0.000000 -0.094370
v 0.226715 0.004500 -0.093908
v 0.223671 0.007794 -0.092648
v 0.219514 0.009000 -0.090926
v 0.215356 0.007794 -0.089204
v 0.212313 0.004500 -0.087943
v 0.211199 0.000000 -0.087481
v 0.212313 -0.004500 -0.087943
v 0.215356 -0.007794 -0.089204
v 0.219514 -0.009000 -0.090926
v 0.223671 -0.007794 -0.092648
v 0.226715 -0.004500 -0.093908
v 0.227829 -0.000000 -0.094370
v 0.235981 0.000000 -0.071584
v 0.234828 0.004500 -0.071234
v 0.231675 0.007794 -0.070278
v 0.227369 0.009000 -0.068972
v 0.223063 0.007794 -0.067665
v 0.219910 0.004500 -0.066709
v 0.218757 0.000000 -0.066359
v 0.219910 -0.004500 -0.066709
v 0.223063 -0.007794 -0.067665
v 0.227369 -0.009000 -0.068972
v 0.231675 -0.007794 -0.070278
v 0.234828 -0.004500 -0.071234
v 0.235981 -0.000000 -0.071584
v 0.241862 0.000000 -0.048109
v 0.240679 0.004500 -0.047874
v 0.237448 0.007794 -0.047231
v 0.233035 0.009000 -0.046353
v 0.228621 0.007794 -0.045476
v 0.225390 0.004500 -0.044833
v 0.224208 0.000000 -0.044598
v 0.225390 -0.004500 -0.044833
v 0.228621 -0.007794 -0.045476
v 0.233035 -0.009000 -0.046353
v 0.237448 -0.007794 -0.047231
v 0.240679 -0.004500 -0.047874
v 0.241862 -0.000000 -0.048109
v 0.245413 0.000000 -0.024171
v 0.244213 0.004500 -0.024053
v 0.240934 0.007794 -0.023730
v 0.236456 0.009000 -0.023289
v 0.231978 0.007794 -0.022848
v 0.228699 0.004500 -0.022525
v 0.227499 0.000000 -0.022407
v 0.228699 -0.004500 -0.022525
v 0.231978 -0.007794 -0.022848
v 0.236456 -0.009000 -0.023289
v 0.240934 -0.007794 -0.023730
v 0.244213 -0.004500 -0.024053
v 0.245413 -0.000000 -0.024171
v 0.246600 0.000000 -0.000000
v 0.245394 0.004500 -0.000000
v 0.242100 0.007794 -0.000000
v 0.237600 0.009000 -0.000000
v 0.233100 0.007794 -0.000000
v 0.229806 0.004500 -0.000000
v 0.228600 0.000000 -0.000000
v 0.229806 -0.004500 -0.000000
v 0.233100 -0.007794 -0.000000
v 0.237600 -0.009000 -0.000000
v 0.242100 -0.007794 -0.000000
v 0.245394 -0.004500 -0.000000
v 0.246600 -0.000000 -0.000000
vt 0.000000 0.000000
vt 0.000000 0.083333
vt 0.000000 0.166667
vt 0.000000 0.250000
vt 0.000000 0.333333
vt 0.000000 0.416667
vt 0.000000 0.500000
vt 0.000000 0.583333
vt 0.000000 0.666667
vt 0.000000 0.750000
vt 0.000000 0.833333
vt 0.000000 0.916667
vt 0.000000 1.000000
vt 0.015625 0.000000
vt 0.015625 0.083333
vt 0.015625 0.166667
vt 0.015625 0.250000
vt 0.015625 0.333333
vt 0.015625 0.416667
vt 0.015625 0.500000
vt 0.015625 0.583333
vt 0.015625 0.666667
vt 0.015625 0.750000
vt 0.015625 0.833333
vt 0.015625 0.916667
vt 0.015625 1.000000
vt 0.031250 0.000000
vt 0.031250 0.083333
vt 0.031250 0.166667
vt 0.031250 0.250000
vt 0.031250 0.333333
vt 0.031250 0.416667
vt 0.031250 0.500000
vt 0.031250 0.583333
vt 0.031250 0.666667
vt 0.031250 0.750000
vt 0.031250 0.833333
vt 0.031250 0.916667
vt 0.031250 1.000000
vt 0.046875 0.000000
vt 0.046875 0.083333
vt 0.046875 0.166667
vt 0.046875 0.250000
vt 0.046875 0.333333
vt 0.046875 0.416667
vt 0.046875 0.500000
vt 0.046875 0.583333
vt 0.046875 0.666667
vt 0.046875 0.750000
vt 0.046875 0.833333
vt 0.046875 0.916667
vt 0.046875 1.000000
vt 0.062500 0.000000
vt 0.062500 0.083333
vt 0.062500 0.166667
vt 0.062500 0.250000
vt 0.062500 0.333333
vt 0.062500 0.416667
vt 0.062500 0.500000
vt 0.062500 0.583333
vt 0.062500 0.666667
vt 0.062500 0.750000
vt 0.062500 0.833333
vt 0.062500 0.916667
vt 0.062500 1.000000
vt 0.078125 0.000000
vt 0.078125 0.083333
vt 0.078125 0.166667
vt 0.078125 0.250000
vt 0.078125 0.333333
vt 0.078125 0.416667
vt 0.078125 0.500000
vt 0.078125 0.583333
vt 0.078125 0.666667
vt 0.078125 0.750000
vt 0.078125 0.833333
vt 0.078125 0.916667
vt 0.078125 1.000000
vt 0.093750 0.000000
vt 0.093750 0.083333
vt 0.093750 0.166667
vt 0.093750 0.250000
vt 0.093750 0.333333
vt 0.093750 0.416667
vt 0.093750 0.500000
vt 0.093750 0.583333
vt 0.093750 0.666667
vt 0.093750 0.750000
vt 0.093750 0.833333
vt 0.093750 0.916667
vt 0.093750 1.000000
vt 0.109375 0.000000
vt 0.109375 0.083333
vt 0.109375 0.166667
vt 0.109375 0.250000
vt 0.109375 0.333333
vt 0.109375 0.416667
vt 0.109375 0.500000
vt 0.109375 0.583333
vt 0.109375 0.666667
vt 0.109375 0.750000
vt 0.109375 0.833333
vt 0.109375 0.916667
vt 0.109375 1.000000
vt 0.125000 0.000000
vt 0.125000 0.083333
vt 0.125000 0.166667
vt 0.125000 0.250000
vt 0.125000 0.333333
vt 0.125000 0.416667
vt 0.125000 0.500000
vt 0.125000 0.583333
vt 0.125000 0.666667
vt 0.125000 0.750000
vt 0.125000 0.833333
vt 0.125000 0.916667
vt 0.125000 1.000000
vt 0.140625 0.000000
vt 0.140625 0.083333
vt 0.140625 0.166667
vt 0.140625 0.250000
vt 0.140625 0.333333
vt 0.140625 0.416667
vt 0.140625 0.500000
vt 0.140625 0.583333
vt 0.140625 0.666667
vt 0.140625 0.750000
vt 0.140625 0.833333
vt 0.140625 0.916667
vt 0.140625 1.000000
vt 0.156250 0.000000
vt 0.156250 0.083333
vt 0.156250 0.166667
vt 0.156250 0.250000
vt 0.156250 0.333333
vt 0.156250 0.416667
vt 0.156250 0.500000
vt 0.156250 0.583333
vt 0.156250 0.666667
vt 0.156250 0.750000
vt 0.156250 0.833333
vt 0.156250 0.916667
vt 0.156250 1.000000
vt 0.171875 0.000000
vt 0.171875 0.083333
vt 0.171875 0.166667
vt 0.171875 0.250000
vt 0.171875 0.333333
vt 0.171875 0.416667
vt 0.171875 0.500000
vt 0.171875 0.583333
vt 0.171875 0.666667
vt 0.171875 0.750000
vt 0.171875 0.833333
vt 0.171875 0.916667
vt 0.171875 1.000000
vt 0.187500 0.000000
vt 0.187500 0.083333
vt 0.187500 0.166667
vt 0.187500 0.250000
vt 0.187500 0.333333
vt 0.187500 0.416667
vt 0.187500 0.500000
vt 0.187500 0.583333
vt 0.187500 0.666667
vt 0.187500 0.750000
vt 0.187500 0.833333
vt 0.187500 0.916667
vt 0.187500 1.000000
vt 0.203125 0.000000
vt 0.203125 0.083333
vt 0.203125 0.166667
vt 0.203125 0.250000
vt 0.203125 0.333333
vt 0.203125 0.416667
vt 0.203125 0.500000
vt 0.203125 0.583333
vt 0.203125 0.666667
vt 0.203125 0.750000
vt 0.203125 0.833333
vt 0.203125 0.916667
vt 0.203125 1.000000
vt 0.218750 0.000000
vt 0.218750 0.083333
vt 0.218750 0.166667
vt 0.218750 0.250000
vt 0.218750 0.333333
vt 0.218750 0.416667
vt 0.218750 0.500000
vt 0.218750 0.583333
vt 0.218750 0.666667
vt 0.218750 0.750000
vt 0.218750 0.833333
vt 0.218750 0.916667
vt 0.218750 1.000000
vt 0.234375 0.000000
vt 0.234375 0.083333
vt 0.234375 0.166667
vt 0.234375 0.250000
vt 0.234375 0.333333
vt 0.234375 0.416667
vt 0.234375 0.500000
vt 0.234375 0.583333
vt 0.234375 0.666667
vt 0.234375 0.750000
vt 0.234375 0.833333
vt 0.234375 0.916667
vt 0.234375 1.000000
vt 0.250000 0.000000
vt 0.250000 0.083333
vt 0.250000 0.166667
vt 0.250000 0.250000
vt 0.250000 0.333333
vt 0.250000 0.416667
vt 0.250000 0.500000
vt 0.250000 0.583333
vt 0.250000 0.666667
vt 0.250000 0.750000
vt 0.250000 0.833333
vt 0.250000 0.916667
vt 0.250000 1.000000
vt 0.265625 0.000000
vt 0.265625 0.083333
vt 0.265625 0.166667
vt 0.265625 0.250000
vt 0.265625 0.333333
vt 0.265625 0.416667
vt 0.265625 0.500000
vt 0.265625 0.583333
vt 0.265625 0.666667
vt 0.265625 0.750000
vt 0.265625 0.833333
vt 0.265625 0.916667
vt 0.265625 1.000000
vt 0.281250 0.000000
vt 0.281250 0.083333
vt 0.281250 0.166667
vt 0.281250 0.250000
vt 0.281250 0.333333
vt 0.281250 0.416667
vt 0.281250 0.500000
vt 0.281250 0.583333
vt 0.281250 0.666667
vt 0.281250 0.750000
vt 0.281250 0.833333
vt 0.281250 0.916667
vt 0.281250 1.000000
vt 0.296875 0.000000
vt 0.296875 0.083333
vt 0.296875 0.166667
vt 0.296875 0.250000
vt 0.296875 0.333333
vt 0.296875 0.416667
vt 0.296875 0.500000
vt 0.296875 0.583333
vt 0.296875 0.666667
vt 0.296875 0.750000
vt 0.296875 0.833333
vt 0.296875 0.916667
vt 0.296875 1.000000
vt 0.312500 0.000000
vt 0.312500 0.083333
vt 0.312500 0.166667
vt 0.312500 0.250000
vt 0.312500 0.333333
vt 0.312500 0.416667
vt 0.312500 0.500000
vt 0.312500 0.583333
vt 0.312500 0.666667
vt 0.312500 0.750000
vt 0.312500 0.833333
vt 0.312500 0.916667
vt 0.312500 1.000000
vt 0.328125 0.000000
vt 0.328125 0.083333
vt 0.328125 0.166667
vt 0.328125 0.250000
vt 0.328125 0.333333
vt 0.328125 0.416667
vt 0.328125 0.500000
vt 0.328125 0.583333
vt 0.328125 0.666667
vt 0.328125 0.750000
vt 0.328125 0.833333
vt 0.328125 0.916667
vt 0.328125 1.000000
vt 0.343750 0.000000
vt 0.343750 0.083333
vt 0.343750 0.166667
vt 0.343750 0.250000
vt 0.343750 0.333333
vt 0.343750 0.416667
vt 0.343750 0.500000
vt 0.343750 0.583333
vt 0.343750 0.666667
vt 0.343750 0.750000
vt 0.343750 0.833333
vt 0.343750 0.916667
vt 0.343750 1.000000
vt 0.359375 0.000000
vt 0.359375 0.083333
vt 0.359375 0.166667
vt 0.359375 0.250000
vt 0.359375 0.333333
vt 0.359375 0.416667
vt 0.359375 0.500000
vt 0.359375 0.583333
vt 0.359375 0.666667
vt 0.359375 0.750000
vt 0.359375 0.833333
vt 0.359375 0.916667
vt 0.359375 1.000000
vt 0.375000 0.000000
vt 0.375000 0.083333
vt 0.375000 0.166667
vt 0.375000 0.250000
vt 0.375000 0.333333
vt 0.375000 0.416667
vt 0.375000 0.500000
vt 0.375000 0.583333
vt 0.375000 0.666667
vt 0.375000 0.750000
vt 0.375000 0.833333
vt 0.375000 0.916667
vt 0.375000 1.000000
vt 0.390625 0.000000
vt 0.390625 0.083333
vt 0.390625 0.166667
vt 0.390625 0.250000
vt 0.390625 0.333333
vt 0.390625 0.416667
vt 0.390625 0.500000
vt 0.390625 0.583333
vt 0.390625 0.666667
vt 0.390625 0.750000
vt 0.390625 0.833333
vt 0.390625 0.916667
vt 0.390625 1.000000
vt 0.406250 0.000000
vt 0.406250 0.083333
vt 0.406250 0.166667
vt 0.406250 0.250000
vt 0.406250 0.333333
vt 0.406250 0.416667
vt 0.406250 0.500000
vt 0.406250 0.583333
vt 0.406250 0.666667
vt 0.406250 0.750000
vt 0.406250 0.833333
vt 0.406250 0.916667
vt 0.406250 1.000000
vt 0.421875 0.000000
vt 0.421875 0.083333
vt 0.421875 0.166667
vt 0.421875 0.250000
vt 0.421875 0.333333
vt 0.421875 0.416667
vt 0.421875 0.500000
vt 0.421875 0.583333
vt 0.421875 0.666667
vt 0.421875 0.750000
vt 0.421875 0.833333
vt 0.421875 0.916667
vt 0.421875 1.000000
vt 0.437500 0.000000
vt 0.437500 0.083333
vt 0.437500 0.166667
vt 0.437500 0.250000
vt 0.437500 0.333333
vt 0.437500 0.416667
vt 0.437500 0.500000
vt 0.437500 0.583333
vt 0.437500 0.666667
vt 0.437500 0.750000
vt 0.437500 0.833333
vt 0.437500 0.916667
vt 0.437500 1.000000
vt 0.453125 0.000000
vt 0.453125 0.083333
vt 0.453125 0.166667
vt 0.453125 0.250000
vt 0.453125 0.333333
vt 0.453125 0.416667
vt 0.453125 0.500000
vt 0.453125 0.583333
vt 0.453125 0.666667
vt 0.453125 0.750000
vt 0.453125 0.833333
vt 0.453125 0.916667
vt 0.453125 1.000000
vt 0.468750 0.000000
vt 0.468750 0.083333
vt 0.468750 0.166667
vt 0.468750 0.250000
vt 0.468750 0.333333
vt 0.468750 0.416667
vt 0.468750 0.500000
vt 0.468750 0.583333
vt 0.468750 0.666667
vt 0.468750 0.750000
vt 0.468750 0.833333
vt 0.468750 0.916667
vt 0.468750 1.000000
vt 0.484375 0.000000
vt 0.484375 0.083333
vt 0.484375 0.166667
vt 0.484375 0.250000
vt 0.484375 0.333333
vt 0.484375 0.416667
vt 0.484375 0.500000
vt 0.484375 0.583333
vt 0.484375 0.666667
vt 0.484375 0.750000
vt 0.484375 0.833333
vt 0.484375 0.916667
vt 0.484375 1.000000
vt 0.500000 0.000000
vt 0.500000 0.083333
vt 0.500000 0.166667
vt 0.500000 0.250000
vt 0.500000 0.333333
vt 0.500000 0.416667
vt 0.500000 0.500000
vt 0.500000 0.583333
vt 0.500000 0.666667
vt 0.500000 0.750000
vt 0.500000 0.833333
vt 0.500000 0.916667
vt 0.500000 1.000000
vt 0.515625 0.000000
vt 0.515625 0.083333
vt 0.515625 0.166667
vt 0.515625 0.250000
vt 0.515625 0.333333
vt 0.515625 0.416667
vt 0.515625 0.500000
vt 0.515625 0.583333
vt 0.515625 0.666667
vt 0.515625 0.750000
vt 0.515625 0.833333
vt 0.515625 0.916667
vt 0.515625 1.000000
vt 0.531250 0.000000
vt 0.531250 0.083333
vt 0.531250 0.166667
vt 0.531250 0.250000
vt 0.531250 0.333333
vt 0.531250 0.416667
vt 0.531250 0.500000
vt 0.531250 0.583333
vt 0.531250 0.666667
vt 0.531250 0.750000
vt 0.531250 0.833333
vt 0.531250 0.916667
vt 0.531250 1.000000
vt 0.546875 0.000000
vt 0.546875 0.083333
vt 0.546875 0.166667
vt 0.546875 0.250000
vt 0.546875 0.333333
vt 0.546875 0.416667
vt 0.546875 0.500000
vt 0.546875 0.583333
vt 0.546875 0.666667
vt 0.546875 0.750000
vt 0.546875 0.833333
vt 0.546875 0.916667
vt 0.546875 1.000000
vt 0.562500 0.000000
vt 0.562500 0.083333
vt 0.562500 0.166667
vt 0.562500 0.250000
vt 0.562500 0.333333
vt 0.562500 0.416667
vt 0.562500 0.500000
vt 0.562500 0.583333
vt 0.562500 0.666667
vt 0.562500 0.750000
vt 0.562500 0.833333
vt 0.562500 0.916667
vt 0.562500 1.000000
vt 0.578125 0.000000
vt 0.578125 0.083333
vt 0.578125 0.166667
vt 0.578125 0.250000
vt 0.578125 0.333333
vt 0.578125 0.416667
vt 0.578125 0.500000
vt 0.578125 0.583333
vt 0.578125 0.666667
vt 0.578125 0.750000
vt 0.578125 0.833333
vt 0.578125 0.916667
vt 0.578125 1.000000
vt 0.593750 0.000000
vt 0.593750 0.083333
vt 0.593750 0.166667
vt 0.593750 0.250000
vt 0.593750 0.333333
vt 0.593750 0.416667
vt 0.593750 0.500000
vt 0.593750 0.583333
vt 0.593750 0.666667
vt 0.593750 0.750000
vt 0.593750 0.833333
vt 0.593750 0.916667
vt 0.593750 1.000000
vt 0.609375 0.000000
vt 0.609375 0.083333
vt 0.609375 0.166667
vt 0.609375 0.250000
vt 0.609375 0.333333
vt 0.609375 0.416667
vt 0.609375 0.500000
vt 0.609375 0.583333
vt 0.609375 0.666667
vt 0.609375 0.750000
vt 0.609375 0.833333
vt 0.609375 0.916667
vt 0.609375 1.000000
vt 0.625000 0.000000
vt 0.625000 0.083333
vt 0.625000 0.166667
vt 0.625000 0.250000
vt 0.625000 0.333333
vt 0.625000 0.416667
vt 0.625000 0.500000
vt 0.625000 0.583333
vt 0.625000 0.666667
vt 0.625000 0.750000
vt 0.625000 0.833333
vt 0.625000 0.916667
vt 0.625000 1.000000
vt 0.640625 0.000000
vt 0.640625 0.083333
vt 0.640625 0.166667
vt 0.640625 0.250000
vt 0.640625 0.333333
vt 0.640625 0.416667
vt 0.640625 0.500000
vt 0.640625 0.583333
vt 0.640625 0.666667
vt 0.640625 0.750000
vt 0.640625 0.833333
vt 0.640625 0.916667
vt 0.640625 1.000000
vt 0.656250 0.000000
vt 0.656250 0.083333
vt 0.656250 0.166667
vt 0.656250 0.250000
vt 0.656250 0.333333
vt 0.656250 0.416667
vt 0.656250 0.500000
vt 0.656250 0.583333
vt 0.656250 0.666667
vt 0.656250 0.750000
vt 0.656250 0.833333
vt 0.656250 0.916667
vt 0.656250 1.000000
vt 0.671875 0.000000
vt 0.671875 0.083333
vt 0.671875 0.166667
vt 0.671875 0.250000
vt 0.671875 0.333333
vt 0.671875 0.416667
vt 0.671875 0.500000
vt 0.671875 0.583333
vt 0.671875 0.666667
vt 0.671875 0.750000
vt 0.671875 0.833333
vt 0.671875 0.916667
vt 0.671875 1.000000
vt 0.687500 0.000000
vt 0.687500 0.083333
vt 0.687500 0.166667
vt 0.687500 0.250000
vt 0.687500 0.333333
vt 0.687500 0.416667
vt 0.687500 0.500000
vt 0.687500 0.583333
vt 0.687500 0.666667
vt 0.687500 0.750000
vt 0.687500 0.833333
vt 0.687500 0.916667
vt 0.687500 1.000000
vt 0.703125 0.000000
vt 0.703125 0.083333
vt 0.703125 0.166667
vt 0.703125 0.250000
vt 0.703125 0.333333
vt 0.703125 0.416667
vt 0.703125 0.500000
vt 0.703125 0.583333
vt 0.703125 0.666667
vt 0.703125 0.750000
vt 0.703125 0.833333
vt 0.703125 0.916667
vt 0.703125 1.000000
vt 0.718750 0.000000
vt 0.718750 0.083333
vt 0.718750 0.166667
vt 0.718750 0.250000
vt 0.718750 0.333333
vt 0.718750 0.416667
vt 0.718750 0.500000
vt 0.718750 0.583333
vt 0.718750 0.666667
vt 0.718750 0.750000
vt 0.718750 0.833333
vt 0.718750 0.916667
vt 0.718750 1.000000
vt 0.734375 0.000000
vt 0.734375 0.083333
vt 0.734375 0.166667
vt 0.734375 0.250000
vt 0.734375 0.333333
vt 0.734375 0.416667
vt 0.734375 0.500000
vt 0.734375 0.583333
vt 0.734375 0.666667
vt 0.734375 0.750000
vt 0.734375 0.833333
vt 0.734375 0.916667
vt 0.734375 1.000000
vt 0.750000 0.000000
vt 0.750000 0.083333
vt 0.750000 0.166667
vt 0.750000 0.250000
vt 0.750000 0.333333
vt 0.750000 0.416667
vt 0.750000 0.500000
vt 0.750000 0.583333
vt 0.750000 0.666667
vt 0.750000 0.750000
vt 0.750000 0.833333
vt 0.750000 0.916667
vt 0.750000 1.000000
vt 0.765625 0.000000
vt 0.765625 0.083333
vt 0.765625 0.166667
vt 0.765625 0.250000
vt 0.765625 0.333333
vt 0.765625 0.416667
vt 0.765625 0.500000
vt 0.765625 0.583333
vt 0.765625 0.666667
vt 0.765625 0.750000
vt 0.765625 0.833333
vt 0.765625 0.916667
vt 0.765625 1.000000
vt 0.781250 0.000000
vt 0.781250 0.083333
vt 0.781250 0.166667
vt 0.781250 0.250000
vt 0.781250 0.333333
vt 0.781250 0.416667
vt 0.781250 0.500000
vt 0.781250 0.583333
vt 0.781250 0.666667
vt 0.781250 0.750000
vt 0.781250 0.833333
vt 0.781250 0.916667
vt 0.781250 1.000000
vt 0.796875 0.000000
vt 0.796875 0.083333
vt 0.796875 0.166667
vt 0.796875 0.250000
vt 0.796875 0.333333
vt 0.796875 0.416667
vt 0.796875 0.500000
vt 0.796875 0.583333
vt 0.796875 0.666667
vt 0.796875 0.750000
vt 0.796875 0.833333
vt 0.796875 0.916667
vt 0.796875 1.000000
vt 0.812500 0.000000
vt 0.812500 0.083333
vt 0.812500 0.166667
vt 0.812500 0.250000
vt 0.812500 0.333333
vt 0.812500 0.416667
vt 0.812500 0.500000
vt 0.812500 0.583333
vt 0.812500 0.666667
vt 0.812500 0.750000
vt 0.812500 0.833333
vt 0.812500 0.916667
vt 0.812500 1.000000
vt 0.828125 0.000000
vt 0.828125 0.083333
vt 0.828125 0.166667
vt 0.828125 0.250000
vt 0.828125 0.333333
vt 0.828125 0.416667
vt 0.828125 0.500000
vt 0.828125 0.583333
vt 0.828125 0.666667
vt 0.828125 0.750000
vt 0.828125 0.833333
vt 0.828125 0.916667
vt 0.828125 1.000000
vt 0.843750 0.000000
vt 0.843750 0.083333
vt 0.843750 0.166667
vt 0.843750 0.250000
vt 0.843750 0.333333
vt 0.843750 0.416667
vt 0.843750 0.500000
vt 0.843750 0.583333
vt 0.843750 0.666667
vt 0.843750 0.750000
vt 0.843750 0.833333
vt 0.843750 0.916667
vt 0.843750 1.000000
vt 0.859375 0.000000
vt 0.859375 0.083333
vt 0.859375 0.166667
vt 0.859375 0.250000
vt 0.859375 0.333333
vt 0.859375 0.416667
vt 0.859375 0.500000
vt 0.859375 0.583333
vt 0.859375 0.666667
vt 0.859375 0.750000
vt 0.859375 0.833333
vt 0.859375 0.916667
vt 0.859375 1.000000
vt 0.875000 0.000000
vt 0.875000 0.083333
vt 0.875000 0.166667
vt 0.875000 0.250000
vt 0.875000 0.333333
vt 0.875000 0.416667
vt 0.875000 0.500000
vt 0.875000 0.583333
vt 0.875000 0.666667
vt 0.875000 0.750000
vt 0.875000 0.833333
vt 0.875000 0.916667
vt 0.875000 1.000000
vt 0.890625 0.000000
vt 0.890625 0.083333
vt 0.890625 0.166667
vt 0.890625 0.250000
vt 0.890625 0.333333
vt 0.890625 0.416667
vt 0.890625 0.500000
vt 0.890625 0.583333
vt 0.890625 0.666667
vt 0.890625 0.750000
vt 0.890625 0.833333
vt 0.890625 0.916667
vt 0.890625 1.000000
vt 0.906250 0.000000
vt 0.906250 0.083333
vt 0.906250 0.166667
vt 0.906250 0.250000
vt 0.906250 0.333333
vt 0.906250 0.416667
vt 0.906250 0.500000
vt 0.906250 0.583333
vt 0.906250 0.666667
vt 0.906250 0.750000
vt 0.906250 0.833333
vt 0.906250 0.916667
vt 0.906250 1.000000
vt 0.921875 0.000000
vt 0.921875 0.083333
vt 0.921875 0.166667
vt 0.921875 0.250000
vt 0.921875 0.333333
vt 0.921875 0.416667
vt 0.921875 0.500000
vt 0.921875 0.583333
vt 0.921875 0.666667
vt 0.921875 0.750000
vt 0.921875 0.833333
vt 0.921875 0.916667
vt 0.921875 1.000000
vt 0.937500 0.000000
vt 0.937500 0.083333
vt 0.937500 0.166667
vt 0.937500 0.250000
vt 0.937500 0.333333
vt 0.937500 0.416667
vt 0.937500 0.500000
vt 0.937500 0.583333
vt 0.937500 0.666667
vt 0.937500 0.750000
vt 0.937500 0.833333
vt 0.937500 0.916667
vt 0.937500 1.000000
vt 0.953125 0.000000
vt 0.953125 0.083333
vt 0.953125 0.166667
vt 0.953125 0.250000
vt 0.953125 0.333333
vt 0.953125 0.416667
vt 0.953125 0.500000
vt 0.953125 0.583333
vt 0.953125 0.666667
vt 0.953125 0.750000
vt 0.953125 0.833333
vt 0.953125 0.916667
vt 0.953125 1.000000
vt 0.968750 0.000000
vt 0.968750 0.083333
vt 0.968750 0.166667
vt 0.968750 0.250000
vt 0.968750 0.333333
vt 0.968750 0.416667
vt 0.968750 0.500000
vt 0.968750 0.583333
vt 0.968750 0.666667
vt 0.968750 0.750000
vt 0.968750 0.833333
vt 0.968750 0.916667
vt 0.968750 1.000000
vt 0.984375 0.000000
vt 0.984375 0.083333
vt 0.984375 0.166667
vt 0.984375 0.250000
vt 0.984375 0.333333
vt 0.984375 0.416667
vt 0.984375 0.500000
vt 0.984375 0.583333
vt 0.984375 0.666667
vt 0.984375 0.750000
vt 0.984375 0.833333
vt 0.984375 0.916667
vt 0.984375 1.000000
vt 1.000000 0.000000
vt 1.000000 0.083333
vt 1.000000 0.166667
vt 1.000000 0.250000
vt 1.000000 0.333333
vt 1.000000 0.416667
vt 1.000000 0.500000
vt 1.000000 0.583333
vt 1.000000 0.666667
vt 1.000000 0.750000
vt 1.000000 0.833333
vt 1.000000 0.916667
vt 1.000000 1.000000
vn 1.000000 0.000000 0.000000
vn 0.866025 0.500000 0.000000
vn 0.500000 0.866025 0.000000
vn 0.000000 1.000000 0.000000
vn -0.500000 0.866025 -0.000000
vn -0.866025 0.500000 -0.000000
vn -1.000000 0.000000 -0.000000
vn -0.866025 -0.500000 -0.000000
vn -0.500000 -0.866025 -0.000000
vn -0.000000 -1.000000 -0.000000
vn 0.500000 -0.866025 0.000000
vn 0.866025 -0.500000 0.000000
vn 1.000000 -0.000000 0.000000
vn 0.995185 0.000000 0.098017
vn 0.861855 0.500000 0.084885
vn 0.497592 0.866025 0.049009
vn 0.000000 1.000000 0.000000
vn -0.497592 0.866025 -0.049009
vn -0.861855 0.500000 -0.084885
vn -0.995185 0.000000 -0.098017
vn -0.861855 -0.500000 -0.084885
vn -0.497592 -0.866025 -0.049009
vn -0.000000 -1.000000 -0.000000
vn 0.497592 -0.866025 0.049009
vn 0.861855 -0.500000 0.084885
vn 0.995185 -0.000000 0.098017
vn 0.980785 0.000000 0.195090
vn 0.849385 0.500000 0.168953
vn 0.490393 0.866025 0.097545
vn 0.000000 1.000000 0.000000
vn -0.490393 0.866025 -0.097545
vn -0.849385 0.500000 -0.168953
vn -0.980785 0.000000 -0.195090
vn -0.849385 -0.500000 -0.168953
vn -0.490393 -0.866025 -0.097545
vn -0.000000 -1.000000 -0.000000
vn 0.490393 -0.866025 0.097545
vn 0.849385 -0.500000 0.168953
vn 0.980785 -0.000000 0.195090
vn 0.956940 0.000000 0.290285
vn 0.828735 0.500000 0.251394
vn 0.478470 0.866025 0.145142
vn 0.000000 1.000000 0.000000
vn -0.478470 0.866025 -0.145142
vn -0.828735 0.500000 -0.251394
vn -0.956940 0.000000 -0.290285
vn -0.828735 -0.500000 -0.251394
vn -0.478470 -0.866025 -0.145142
vn -0.000000 -1.000000 -0.000000
vn 0.478470 -0.866025 0.145142
vn 0.828735 -0.500000 0.251394
vn 0.956940 -0.000000 0.290285
vn 0.923880 0.000000 0.382683
vn 0.800103 0.500000 0.331414
vn 0.461940 0.866025 0.191342
vn 0.000000 1.000000 0.000000
vn -0.461940 0.866025 -0.191342
vn -0.800103 0.500000 -0.331414
vn -0.923880 0.000000 -0.382683
vn -0.800103 -0.500000 -0.331414
vn -0.461940 -0.866025 -0.191342
vn -0.000000 -1.000000 -0.000000
vn 0.461940 -0.866025 0.191342
vn 0.800103 -0.500000 0.331414
vn 0.923880 -0.000000 0.382683
vn 0.881921 0.000000 0.471397
vn 0.763766 0.500000 0.408242
vn 0.440961 0.866025 0.235698
vn 0.000000 1.000000 0.000000
vn -0.440961 0.866025 -0.235698
vn -0.763766 0.500000 -0.408242
vn -0.881921 0.000000 -0.471397
vn -0.763766 -0.500000 -0.408242
vn -0.440961 -0.866025 -0.235698
vn -0.000000 -1.000000 -0.000000
vn 0.440961 -0.866025 0.235698
vn 0.763766 -0.500000 0.408242
vn 0.881921 -0.000000 0.471397
vn 0.831470 0.000000 0.555570
vn 0.720074 0.500000 0.481138
vn 0.415735 0.866025 0.277785
vn 0.000000 1.000000 0.000000
vn -0.415735 0.866025 -0.277785
vn -0.720074 0.500000 -0.481138
vn -0.831470 0.000000 -0.555570
vn -0.720074 -0.500000 -0.481138
vn -0.415735 -0.866025 -0.277785
vn -0.000000 -1.000000 -0.000000
vn 0.415735 -0.866025 0.277785
vn 0.720074 -0.500000 0.481138
vn 0.831470 -0.000000 0.555570
vn 0.773010 0.000000 0.634393
vn 0.669447 0.500000 0.549401
vn 0.386505 0.866025 0.317197
vn 0.000000 1.000000 0.000000
vn -0.386505 0.866025 -0.317197
vn -0.669447 0.500000 -0.549401
vn -0.773010 0.000000 -0.634393
vn -0.669447 -0.500000 -0.549401
vn -0.386505 -0.866025 -0.317197
vn -0.000000 -1.000000 -0.000000
vn 0.386505 -0.866025 0.317197
vn 0.669447 -0.500000 0.549401
vn 0.773010 -0.000000 0.634393
vn 0.707107 0.000000 0.707107
vn 0.612372 0.500000 0.612372
vn 0.353553 0.866025 0.353553
vn 0.000000 1.000000 0.000000
vn -0.353553 0.866025 -0.353553
vn -0.612372 0.500000 -0.612372
vn -0.707107 0.000000 -0.707107
vn -0.612372 -0.500000 -0.612372
vn -0.353553 -0.866025 -0.353553
vn -0.000000 -1.000000 -0.000000
vn 0.353553 -0.866025 0.353553
vn 0.612372 -0.500000 0.612372
vn 0.707107 -0.000000 0.707107
vn 0.634393 0.000000 0.773010
vn 0.549401 0.500000 0.669447
vn 0.317197 0.866025 0.386505
vn 0.000000 1.000000 0.000000
vn -0.317197 0.866025 -0.386505
vn -0.549401 0.500000 -0.669447
vn -0.634393 0.000000 -0.773010
vn -0.549401 -0.500000 -0.669447
vn -0.317197 -0.866025 -0.386505
vn -0.000000 -1.000000 -0.000000
vn 0.317197 -0.866025 0.386505
vn 0.549401 -0.500000 0.669447
vn 0.634393 -0.000000 0.773010
vn 0.555570 0.000000 0.831470
vn 0.481138 0.500000 0.720074
vn 0.277785 0.866025 0.415735
vn 0.000000 1.000000 0.000000
vn -0.277785 0.866025 -0.415735
vn -0.481138 0.500000 -0.720074
vn -0.555570 0.000000 -0.831470
vn -0.481138 -0.500000 -0.720074
vn -0.277785 -0.866025 -0.415735
vn -0.000000 -1.000000 -0.000000
vn 0.277785 -0.866025 0.415735
vn 0.481138 -0.500000 0.720074
vn 0.555570 -0.000000 0.831470
vn 0.471397 0.000000 0.881921
vn 0.408242 0.500000 0.763766
vn 0.235698 0.866025 0.440961
vn 0.000000 1.000000 0.000000
vn -0.235698 0.866025 -0.440961
vn -0.408242 0.500000 -0.763766
vn -0.471397 0.000000 -0.881921
vn -0.408242 -0.500000 -0.763766
vn -0.235698 -0.866025 -0.440961
vn -0.000000 -1.000000 -0.000000
vn 0.235698 -0.866025 0.440961
vn 0.408242 -0.500000 0.763766
vn 0.471397 -0.000000 0.881921
vn 0.382683 0.000000 0.923880
vn 0.331414 0.500000 0.800103
vn 0.191342 0.866025 0.461940
vn 0.000000 1.000000 0.000000
vn -0.191342 0.866025 -0.461940
vn -0.331414 0.500000 -0.800103
vn -0.382683 0.000000 -0.923880
vn -0.331414 -0.500000 -0.800103
vn -0.191342 -0.866025 -0.461940
vn -0.000000 -1.000000 -0.000000
vn 0.191342 -0.866025 0.461940
vn 0.331414 -0.500000 0.800103
vn 0.382683 -0.000000 0.923880
vn 0.290285 0.000000 0.956940
vn 0.251394 0.500000 0.828735
vn 0.145142 0.866025 0.478470
vn 0.000000 1.000000 0.000000
vn -0.145142 0.866025 -0.478470
vn -0.251394 0.500000 -0.828735
vn -0.290285 0.000000 -0.956940
vn -0.251394 -0.500000 -0.828735
vn -0.145142 -0.866025 -0.478470
vn -0.000000 -1.000000 -0.000000
vn 0.145142 -0.866025 0.478470
vn 0.251394 -0.500000 0.828735
vn 0.290285 -0.000000 0.956940
vn 0.195090 0.000000 0.980785
vn 0.168953 0.500000 0.849385
vn 0.097545 0.866025 0.490393
vn 0.000000 1.000000 0.000000
vn -0.097545 0.866025 -0.490393
vn -0.168953 0.500000 -0.849385
vn -0.195090 0.000000 -0.980785
vn -0.168953 -0.500000 -0.849385
vn -0.097545 -0.866025 -0.490393
vn -0.000000 -1.000000 -0.000000
vn 0.097545 -0.866025 0.490393
vn 0.168953 -0.500000 0.849385
vn 0.195090 -0.000000 0.980785
vn 0.098017 0.000000 0.995185
vn 0.084885 0.500000 0.861855
vn 0.049009 0.866025 0.497592
vn 0.000000 1.000000 0.000000
vn -0.049009 0.866025 -0.497592
vn -0.084885 0.500000 -0.861855
vn -0.098017 0.000000 -0.995185
vn -0.084885 -0.500000 -0.861855
vn -0.049009 -0.866025 -0.497592
vn -0.000000 -1.000000 -0.000000
vn 0.049009 -0.866025 0.497592
vn 0.084885 -0.500000 0.861855
vn 0.098017 -0.000000 0.995185
vn 0.000000 0.000000 1.000000
vn 0.000000 0.500000 0.866025
vn 0.000000 0.866025 0.500000
vn 0.000000 1.000000 0.000000
vn -0.000000 0.866025 -0.500000
vn -0.000000 0.500000 -0.866025
vn -0.000000 0.000000 -1.000000
vn -0.000000 -0.500000 -0.866025
vn -0.000000 -0.866025 -0.500000
vn -0.000000 -1.000000 -0.000000
vn 0.000000 -0.866025 0.500000
vn 0.000000 -0.500000 0.866025
vn 0.000000 -0.000000 1.000000
vn -0.098017 0.000000 0.995185
vn -0.084885 0.500000 0.861855
vn -0.049009 0.866025 0.497592
vn -0.000000 1.000000 0.000000
vn 0.049009 0.866025 -0.497592
vn 0.084885 0.500000 -0.861855
vn 0.098017 0.000000 -0.995185
vn 0.084885 -0.500000 -0.861855
vn 0.049009 -0.866025 -0.497592
vn 0.000000 -1.000000 -0.000000
vn -0.049009 -0.866025 0.497592
vn -0.084885 -0.500000 0.861855
vn -0.098017 -0.000000 0.995185
vn -0.195090 0.000000 0.980785
vn -0.168953 0.500000 0.849385
vn -0.097545 0.866025 0.490393
vn -0.000000 1.000000 0.000000
vn 0.097545 0.866025 -0.490393
vn 0.168953 0.500000 -0.849385
vn 0.195090 0.000000 -0.980785
vn 0.168953 -0.500000 -0.849385
vn 0.097545 -0.866025 -0.490393
vn 0.000000 -1.000000 -0.000000
vn -0.097545 -0.866025 0.490393
vn -0.168953 -0.500000 0.849385
vn -0.195090 -0.000000 0.980785
vn -0.290285 0.000000 0.956940
vn -0.251394 0.500000 0.828735
vn -0.145142 0.866025 0.478470
vn -0.000000 1.000000 0.000000
vn 0.145142 0.866025 -0.478470
vn 0.251394 0.500000 -0.828735
vn 0.290285 0.000000 -0.956940
vn 0.251394 -0.500000 -0.828735
vn 0.145142 -0.866025 -0.478470
vn 0.000000 -1.000000 -0.000000
vn -0.145142 -0.866025 0.478470
vn -0.251394 -0.500000 0.828735
vn -0.290285 -0.000000 0.956940
vn -0.382683 0.000000 0.923880
vn -0.331414 0.500000 0.800103
vn -0.191342 0.866025 0.461940
vn -0.000000 1.000000 0.000000
vn 0.191342 0.866025 -0.461940
vn 0.331414 0.500000 -0.800103
vn 0.382683 0.000000 -0.923880
vn 0.331414 -0.500000 -0.800103
vn 0.191342 -0.866025 -0.461940
vn 0.000000 -1.000000 -0.000000
vn -0.191342 -0.866025 0.461940
vn -0.331414 -0.500000 0.800103
vn -0.382683 -0.000000 0.923880
vn -0.471397 0.000000 0.881921
vn -0.408242 0.500000 0.763766
vn -0.235698 0.866025 0.440961
vn -0.000000 1.000000 0.000000
vn 0.235698 0.866025 -0.440961
vn 0.408242 0.500000 -0.763766
vn 0.471397 0.000000 -0.881921
vn 0.408242 -0.500000 -0.763766
vn 0.235698 -0.866025 -0.440961
vn 0.000000 -1.000000 -0.000000
vn -0.235698 -0.866025 0.440961
vn -0.408242 -0.500000 0.763766
vn -0.471397 -0.000000 0.881921
vn -0.555570 0.000000 0.831470
vn -0.481138 0.500000 0.720074
vn -0.277785 0.866025 0.415735
vn -0.000000 1.000000 0.000000
vn 0.277785 0.866025 -0.415735
vn 0.481138 0.500000 -0.720074
vn 0.555570 0.000000 -0.831470
vn 0.481138 -0.500000 -0.720074
vn 0.277785 -0.866025 -0.415735
vn 0.000000 -1.000000 -0.000000
vn -0.277785 -0.866025 0.415735
vn -0.481138 -0.500000 0.720074
vn -0.555570 -0.000000 0.831470
vn -0.634393 0.000000 0.773010
vn -0.549401 0.500000 0.669447
vn -0.317197 0.866025 0.386505
vn -0.000000 1.000000 0.000000
vn 0.317197 0.866025 -0.386505
vn 0.549401 0.500000 -0.669447
vn 0.634393 0.000000 -0.773010
vn 0.549401 -0.500000 -0.669447
vn 0.317197 -0.866025 -0.386505
vn 0.000000 -1.000000 -0.000000
vn -0.317197 -0.866025 0.386505
vn -0.549401 -0.500000 0.669447
vn -0.634393 -0.000000 0.773010
vn -0.707107 0.000000 0.707107
vn -0.612372 0.500000 0.612372
vn -0.353553 0.866025 0.353553
vn -0.000000 1.000000 0.000000
vn 0.353553 0.866025 -0.353553
vn 0.612372 0.500000 -0.612372
vn 0.707107 0.000000 -0.707107
vn 0.612372 -0.500000 -0.612372
vn 0.353553 -0.866025 -0.353553
vn 0.000000 -1.000000 -0.000000
vn -0.353553 -0.866025 0.353553
vn -0.612372 -0.500000 0.612372
vn -0.707107 -0.000000 0.707107
vn -0.773010 0.000000 0.634393
vn -0.669447 0.500000 0.549401
vn -0.386505 0.866025 0.317197
vn -0.000000 1.000000 0.000000
vn 0.386505 0.866025 -0.317197
vn 0.669447 0.500000 -0.549401
vn 0.773010 0.000000 -0.634393
vn 0.669447 -0.500000 -0.549401
vn 0.386505 -0.866025 -0.317197
vn 0.000000 -1.000000 -0.000000
vn -0.386505 -0.866025 0.317197
vn -0.669447 -0.500000 0.549401
vn -0.773010 -0.000000 0.634393
vn -0.831470 0.000000 0.555570
vn -0.720074 0.500000 0.481138
vn -0.415735 0.866025 0.277785
vn -0.000000 1.000000 0.000000
vn 0.415735 0.866025 -0.277785
vn 0.720074 0.500000 -0.481138
vn 0.831470 0.000000 -0.555570
vn 0.720074 -0.500000 -0.481138
vn 0.415735 -0.866025 -0.277785
vn 0.000000 -1.000000 -0.000000
vn -0.415735 -0.866025 0.277785
vn -0.720074 -0.500000 0.481138
vn -0.831470 -0.000000 0.555570
vn -0.881921 0.000000 0.471397
vn -0.763766 0.500000 0.408242
vn -0.440961 0.866025 0.235698
vn -0.000000 1.000000 0.000000
vn 0.440961 0.866025 -0.235698
vn 0.763766 0.500000 -0.408242
vn 0.881921 0.000000 -0.471397
vn 0.763766 -0.500000 -0.408242
vn 0.440961 -0.866025 -0.235698
vn 0.000000 -1.000000 -0.000000
vn -0.440961 -0.866025 0.235698
vn -0.763766 -0.500000 0.408242
vn -0.881921 -0.000000 0.471397
vn -0.923880 0.000000 0.382683
vn -0.800103 0.500000 0.331414
vn -0.461940 0.866025 0.191342
vn -0.000000 1.000000 0.000000
vn 0.461940 0.866025 -0.191342
vn 0.800103 0.500000 -0.331414
vn 0.923880 0.000000 -0.382683
vn 0.800103 -0.500000 -0.331414
vn 0.461940 -0.866025 -0.191342
vn 0.000000 -1.000000 -0.000000
vn -0.461940 -0.866025 0.191342
vn -0.800103 -0.500000 0.331414
vn -0.923880 -0.000000 0.382683
vn -0.956940 0.000000 0.290285
vn -0.828735 0.500000 0.251394
vn -0.478470 0.866025 0.145142
vn -0.000000 1.000000 0.000000
vn 0.478470 0.866025 -0.145142
vn 0.828735 0.500000 -0.251394
vn 0.956940 0.000000 -0.290285
vn 0.828735 -0.500000 -0.251394
vn 0.478470 -0.866025 -0.145142
vn 0.000000 -1.000000 -0.000000
vn -0.478470 -0.866025 0.145142
vn -0.828735 -0.500000 0.251394
vn -0.956940 -0.000000 0.290285
vn -0.980785 0.000000 0.195090
vn -0.849385 0.500000 0.168953
vn -0.490393 0.866025 0.097545
vn -0.000000 1.000000 0.000000
vn 0.490393 0.866025 -0.097545
vn 0.849385 0.500000 -0.168953
vn 0.980785 0.000000 -0.195090
vn 0.849385 -0.500000 -0.168953
vn 0.490393 -0.866025 -0.097545
vn 0.000000 -1.000000 -0.000000
vn -0.490393 -0.866025 0.097545
vn -0.849385 -0.500000 0.168953
vn -0.980785 -0.000000 0.195090
vn -0.995185 0.000000 0.098017
vn -0.861855 0.500000 0.084885
vn -0.497592 0.866025 0.049009
vn -0.000000 1.000000 0.000000
vn 0.497592 0.866025 -0.049009
vn 0.861855 0.500000 -0.084885
vn 0.995185 0.000000 -0.098017
vn 0.861855 -0.500000 -0.084885
vn 0.497592 -0.866025 -0.049009
vn 0.000000 -1.000000 -0.000000
vn -0.497592 -0.866025 0.049009
vn -0.861855 -0.500000 0.084885
vn -0.995185 -0.000000 0.098017
vn -1.000000 0.000000 0.000000
vn -0.866025 0.500000 0.000000
vn -0.500000 0.866025 0.000000
vn -0.000000 1.000000 0.000000
vn 0.500000 0.866025 -0.000000
vn 0.866025 0.500000 -0.000000
vn 1.000000 0.000000 -0.000000
vn 0.866025 -0.500000 -0.000000
vn 0.500000 -0.866025 -0.000000
vn 0.000000 -1.000000 -0.000000
vn -0.500000 -0.866025 0.000000
vn -0.866025 -0.500000 0.000000
vn -1.000000 -0.000000 0.000000
vn -0.995185 0.000000 -0.098017
vn -0.861855 0.500000 -0.084885
vn -0.497592 0.866025 -0.049009
vn -0.000000 1.000000 -0.000000
vn 0.497592 0.866025 0.049009
vn 0.861855 0.500000 0.084885
vn 0.995185 0.000000 0.098017
vn 0.861855 -0.500000 0.084885
vn 0.497592 -0.866025 0.049009
vn 0.000000 -1.000000 0.000000
vn -0.497592 -0.866025 -0.049009
vn -0.861855 -0.500000 -0.084885
vn -0.995185 -0.000000 -0.098017
vn -0.980785 0.000000 -0.195090
vn -0.849385 0.500000 -0.168953
vn -0.490393 0.866025 -0.097545
vn -0.000000 1.000000 -0.000000
vn 0.490393 0.866025 0.097545
vn 0.849385 0.500000 0.168953
vn 0.980785 0.000000 0.195090
vn 0.849385 -0.500000 0.168953
vn 0.490393 -0.866025 0.097545
vn 0.000000 -1.000000 0.000000
vn -0.490393 -0.866025 -0.097545
vn -0.849385 -0.500000 -0.168953
vn -0.980785 -0.000000 -0.195090
vn -0.956940 0.000000 -0.290285
vn -0.828735 0.500000 -0.251394
vn -0.478470 0.866025 -0.145142
vn -0.000000 1.000000 -0.000000
vn 0.478470 0.866025 0.145142
vn 0.828735 0.500000 0.251394
vn 0.956940 0.000000 0.290285
vn 0.828735 -0.500000 0.251394
vn 0.478470 -0.866025 0.145142
vn 0.000000 -1.000000 0.000000
vn -0.478470 -0.866025 -0.145142
vn -0.828735 -0.500000 -0.251394
vn -0.956940 -0.000000 -0.290285
vn -0.923880 0.000000 -0.382683
vn -0.800103 0.500000 -0.331414
vn -0.461940 0.866025 -0.191342
vn -0.000000 1.000000 -0.000000
vn 0.461940 0.866025 0.191342
vn 0.800103 0.500000 0.331414
vn 0.923880 0.000000 0.382683
vn 0.800103 -0.500000 0.331414
vn 0.461940 -0.866025 0.191342
vn 0.000000 -1.000000 0.000000
vn -0.461940 -0.866025 -0.191342
vn -0.800103 -0.500000 -0.331414
vn -0.923880 -0.000000 -0.382683
vn -0.881921 0.000000 -0.471397
vn -0.763766 0.500000 -0.408242
vn -0.440961 0.866025 -0.235698
vn -0.000000 1.000000 -0.000000
vn 0.440961 0.866025 0.235698
vn 0.763766 0.500000 0.408242
vn 0.881921 0.000000 0.471397
vn 0.763766 -0.500000 0.408242
vn 0.440961 -0.866025 0.235698
vn 0.000000 -1.000000 0.000000
vn -0.440961 -0.866025 -0.235698
vn -0.763766 -0.500000 -0.408242
vn -0.881921 -0.000000 -0.471397
vn -0.831470 0.000000 -0.555570
vn -0.720074 0.500000 -0.481138
vn -0.415735 0.866025 -0.277785
vn -0.000000 1.000000 -0.000000
vn 0.415735 0.866025 0.277785
vn 0.720074 0.500000 0.481138
vn 0.831470 0.000000 0.555570
vn 0.720074 -0.500000 0.481138
vn 0.415735 -0.866025 0.277785
vn 0.000000 -1.000000 0.000000
vn -0.415735 -0.866025 -0.277785
vn -0.720074 -0.500000 -0.481138
vn -0.831470 -0.000000 -0.555570
vn -0.773010 0.000000 -0.634393
vn -0.669447 0.500000 -0.549401
vn -0.386505 0.866025 -0.317197
vn -0.000000 1.000000 -0.000000
vn 0.386505 0.866025 0.317197
vn 0.669447 0.500000 0.549401
vn 0.773010 0.000000 0.634393
vn 0.669447 -0.500000 0.549401
vn 0.386505 -0.866025 0.317197
vn 0.000000 -1.000000 0.000000
vn -0.386505 -0.866025 -0.317197
vn -0.669447 -0.500000 -0.549401
vn -0.773010 -0.000000 -0.634393
vn -0.707107 0.000000 -0.707107
vn -0.612372 0.500000 -0.612372
vn -0.353553 0.866025 -0.353553
vn -0.000000 1.000000 -0.000000
vn 0.353553 0.866025 0.353553
vn 0.612372 0.500000 0.612372
vn 0.707107 0.000000 0.707107
vn 0.612372 -0.500000 0.612372
vn 0.353553 -0.866025 0.353553
vn 0.000000 -1.000000 0.000000
vn -0.353553 -0.866025 -0.353553
vn -0.612372 -0.500000 -0.612372
vn -0.707107 -0.000000 -0.707107
vn -0.634393 0.000000 -0.773010
vn -0.549401 0.500000 -0.669447
vn -0.317197 0.866025 -0.386505
vn -0.000000 1.000000 -0.000000
vn 0.317197 0.866025 0.386505
vn 0.549401 0.500000 0.669447
vn 0.634393 0.000000 0.773010
vn 0.549401 -0.500000 0.669447
vn 0.317197 -0.866025 0.386505
vn 0.000000 -1.000000 0.000000
vn -0.317197 -0.866025 -0.386505
vn -0.549401 -0.500000 -0.669447
vn -0.634393 -0.000000 -0.773010
vn -0.555570 0.000000 -0.831470
vn -0.481138 0.500000 -0.720074
vn -0.277785 0.866025 -0.415735
vn -0.000000 1.000000 -0.000000
vn 0.277785 0.866025 0.415735
vn 0.481138 0.500000 0.720074
vn 0.555570 0.000000 0.831470
vn 0.481138 -0.500000 0.720074
vn 0.277785 -0.866025 0.415735
vn 0.000000 -1.000000 0.000000
vn -0.277785 -0.866025 -0.415735
vn -0.481138 -0.500000 -0.720074
vn -0.555570 -0.000000 -0.831470
vn -0.471397 0.000000 -0.881921
vn -0.408242 0.500000 -0.763766
vn -0.235698 0.866025 -0.440961
vn -0.000000 1.000000 -0.000000
vn 0.235698 0.866025 0.440961
vn 0.408242 0.500000 0.763766
vn 0.471397 0.000000 0.881921
vn 0.408242 -0.500000 0.763766
vn 0.235698 -0.866025 0.440961
vn 0.000000 -1.000000 0.000000
vn -0.235698 -0.866025 -0.440961
vn -0.408242 -0.500000 -0.763766
vn -0.471397 -0.000000 -0.881921
vn -0.382683 0.000000 -0.923880
vn -0.331414 0.500000 -0.800103
vn -0.191342 0.866025 -0.461940
vn -0.000000 1.000000 -0.000000
vn 0.191342 0.866025 0.461940
vn 0.331414 0.500000 0.800103
vn 0.382683 0.000000 0.923880
vn 0.331414 -0.500000 0.800103
vn 0.191342 -0.866025 0.461940
vn 0.000000 -1.000000 0.000000
vn -0.191342 -0.866025 -0.461940
vn -0.331414 -0.500000 -0.800103
vn -0.382683 -0.000000 -0.923880
vn -0.290285 0.000000 -0.956940
vn -0.251394 0.500000 -0.828735
vn -0.145142 0.866025 -0.478470
vn -0.000000 1.000000 -0.000000
vn 0.145142 0.866025 0.478470
vn 0.251394 0.500000 0.828735
vn 0.290285 0.000000 0.956940
vn 0.251394 -0.500000 0.828735
vn 0.145142 -0.866025 0.478470
vn 0.000000 -1.000000 0.000000
vn -0.145142 -0.866025 -0.478470
vn -0.251394 -0.500000 -0.828735
vn -0.290285 -0.000000 -0.956940
vn -0.195090 0.000000 -0.980785
vn -0.168953 0.500000 -0.849385
vn -0.097545 0.866025 -0.490393
vn -0.000000 1.000000 -0.000000
vn 0.097545 0.866025 0.490393
vn 0.168953 0.500000 0.849385
vn 0.195090 0.000000 0.980785
vn 0.168953 -0.500000 0.849385
vn 0.097545 -0.866025 0.490393
vn 0.000000 -1.000000 0.000000
vn -0.097545 -0.866025 -0.490393
vn -0.168953 -0.500000 -0.849385
vn -0.195090 -0.000000 -0.980785
vn -0.098017 0.000000 -0.995185
vn -0.084885 0.500000 -0.861855
vn -0.049009 0.866025 -0.497592
vn -0.000000 1.000000 -0.000000
vn 0.049009 0.866025 0.497592
vn 0.084885 0.500000 0.861855
vn 0.098017 0.000000 0.995185
vn 0.084885 -0.500000 0.861855
vn 0.049009 -0.866025 0.497592
vn 0.000000 -1.000000 0.000000
vn -0.049009 -0.866025 -0.497592
vn -0.084885 -0.500000 -0.861855
vn -0.098017 -0.000000 -0.995185
vn -0.000000 0.000000 -1.000000
vn -0.000000 0.500000 -0.866025
vn -0.000000 0.866025 -0.500000
vn -0.000000 1.000000 -0.000000
vn 0.000000 0.866025 0.500000
vn 0.000000 0.500000 0.866025
vn 0.000000 0.000000 1.000000
vn 0.000000 -0.500000 0.866025
vn 0.000000 -0.866025 0.500000
vn 0.000000 -1.000000 0.000000
vn -0.000000 -0.866025 -0.500000
vn -0.000000 -0.500000 -0.866025
vn -0.000000 -0.000000 -1.000000
vn 0.098017 0.000000 -0.995185
vn 0.084885 0.500000 -0.861855
vn 0.049009 0.866025 -0.497592
vn 0.000000 1.000000 -0.000000
vn -0.049009 0.866025 0.497592
vn -0.084885 0.500000 0.861855
vn -0.098017 0.000000 0.995185
vn -0.084885 -0.500000 0.861855
vn -0.049009 -0.866025 0.497592
vn -0.000000 -1.000000 0.000000
vn 0.049009 -0.866025 -0.497592
vn 0.084885 -0.500000 -0.861855
vn 0.098017 -0.000000 -0.995185
vn 0.195090 0.000000 -0.980785
vn 0.168953 0.500000 -0.849385
vn 0.097545 0.866025 -0.490393
vn 0.000000 1.000000 -0.000000
vn -0.097545 0.866025 0.490393
vn -0.168953 0.500000 0.849385
vn -0.195090 0.000000 0.980785
vn -0.168953 -0.500000 0.849385
vn -0.097545 -0.866025 0.490393
vn -0.000000 -1.000000 0.000000
vn 0.097545 -0.866025 -0.490393
vn 0.168953 -0.500000 -0.849385
vn 0.195090 -0.000000 -0.980785
vn 0.290285 0.000000 -0.956940
vn 0.251394 0.500000 -0.828735
vn 0.145142 0.866025 -0.478470
vn 0.000000 1.000000 -0.000000
vn -0.145142 0.866025 0.478470
vn -0.251394 0.500000 0.828735
vn -0.290285 0.000000 0.956940
vn -0.251394 -0.500000 0.828735
vn -0.145142 -0.866025 0.478470
vn -0.000000 -1.000000 0.000000
vn 0.145142 -0.866025 -0.478470
vn 0.251394 -0.500000 -0.828735
vn 0.290285 -0.000000 -0.956940
vn 0.382683 0.000000 -0.923880
vn 0.331414 0.500000 -0.800103
vn 0.191342 0.866025 -0.461940
vn 0.000000 1.000000 -0.000000
vn -0.191342 0.866025 0.461940
vn -0.331414 0.500000 0.800103
vn -0.382683 0.000000 0.923880
vn -0.331414 -0.500000 0.800103
vn -0.191342 -0.866025 0.461940
vn -0.000000 -1.000000 0.000000
vn 0.191342 -0.866025 -0.461940
vn 0.331414 -0.500000 -0.800103
vn 0.382683 -0.000000 -0.923880
vn 0.471397 0.000000 -0.881921
vn 0.408242 0.500000 -0.763766
vn 0.235698 0.866025 -0.440961
vn 0.000000 1.000000 -0.000000
vn -0.235698 0.866025 0.440961
vn -0.408242 0.500000 0.763766
vn -0.471397 0.000000 0.881921
vn -0.408242 -0.500000 0.763766
vn -0.235698 -0.866025 0.440961
vn -0.000000 -1.000000 0.000000
vn 0.235698 -0.866025 -0.440961
vn 0.408242 -0.500000 -0.763766
vn 0.471397 -0.000000 -0.881921
vn 0.555570 0.000000 -0.831470
vn 0.481138 0.500000 -0.720074
vn 0.277785 0.866025 -0.415735
vn 0.000000 1.000000 -0.000000
vn -0.277785 0.866025 0.415735
vn -0.481138 0.500000 0.720074
vn -0.555570 0.000000 0.831470
vn -0.481138 -0.500000 0.720074
vn -0.277785 -0.866025 0.415735
vn -0.000000 -1.000000 0.000000
vn 0.277785 -0.866025 -0.415735
vn 0.481138 -0.500000 -0.720074
vn 0.555570 -0.000000 -0.831470
vn 0.634393 0.000000 -0.773010
vn 0.549401 0.500000 -0.669447
vn 0.317197 0.866025 -0.386505
vn 0.000000 1.000000 -0.000000
vn -0.317197 0.866025 0.386505
vn -0.549401 0.500000 0.669447
vn -0.634393 0.000000 0.773010
vn -0.549401 -0.500000 0.669447
vn -0.317197 -0.866025 0.386505
vn -0.000000 -1.000000 0.000000
vn 0.317197 -0.866025 -0.386505
vn 0.549401 -0.500000 -0.669447
vn 0.634393 -0.000000 -0.773010
vn 0.707107 0.000000 -0.707107
vn 0.612372 0.500000 -0.612372
vn 0.353553 0.866025 -0.353553
vn 0.000000 1.000000 -0.000000
vn -0.353553 0.866025 0.353553
vn -0.612372 0.500000 0.612372
vn -0.707107 0.000000 0.707107
vn -0.612372 -0.500000 0.612372
vn -0.353553 -0.866025 0.353553
vn -0.000000 -1.000000 0.000000
vn 0.353553 -0.866025 -0.353553
vn 0.612372 -0.500000 -0.612372
vn 0.707107 -0.000000 -0.707107
vn 0.773010 0.000000 -0.634393
vn 0.669447 0.500000 -0.549401
vn 0.386505 0.866025 -0.317197
vn 0.000000 1.000000 -0.000000
vn -0.386505 0.866025 0.317197
vn -0.669447 0.500000 0.549401
vn -0.773010 0.000000 0.634393
vn -0.669447 -0.500000 0.549401
vn -0.386505 -0.866025 0.317197
vn -0.000000 -1.000000 0.000000
vn 0.386505 -0.866025 -0.317197
vn 0.669447 -0.500000 -0.549401
vn 0.773010 -0.000000 -0.634393
vn 0.831470 0.000000 -0.555570
vn 0.720074 0.500000 -0.481138
vn 0.415735 0.866025 -0.277785
vn 0.000000 1.000000 -0.000000
vn -0.415735 0.866025 0.277785
vn -0.720074 0.500000 0.481138
vn -0.831470 0.000000 0.555570
vn -0.720074 -0.500000 0.481138
vn -0.415735 -0.866025 0.277785
vn -0.000000 -1.000000 0.000000
vn 0.415735 -0.866025 -0.277785
vn 0.720074 -0.500000 -0.481138
vn 0.831470 -0.000000 -0.555570
vn 0.881921 0.000000 -0.471397
vn 0.763766 0.500000 -0.408242
vn 0.440961 0.866025 -0.235698
vn 0.000000 1.000000 -0.000000
vn -0.440961 0.866025 0.235698
vn -0.763766 0.500000 0.408242
vn -0.881921 0.000000 0.471397
vn -0.763766 -0.500000 0.408242
vn -0.440961 -0.866025 0.235698
vn -0.000000 -1.000000 0.000000
vn 0.440961 -0.866025 -0.235698
vn 0.763766 -0.500000 -0.408242
vn 0.881921 -0.000000 -0.471397
vn 0.923880 0.000000 -0.382683
vn 0.800103 0.500000 -0.331414
vn 0.461940 0.866025 -0.191342
vn 0.000000 1.000000 -0.000000
vn -0.461940 0.866025 0.191342
vn -0.800103 0.500000 0.331414
vn -0.923880 0.000000 0.382683
vn -0.800103 -0.500000 0.331414
vn -0.461940 -0.866025 0.191342
vn -0.000000 -1.000000 0.000000
vn 0.461940 -0.866025 -0.191342
vn 0.800103 -0.500000 -0.331414
vn 0.923880 -0.000000 -0.382683
vn 0.956940 0.000000 -0.290285
vn 0.828735 0.500000 -0.251394
vn 0.478470 0.866025 -0.145142
vn 0.000000 1.000000 -0.000000
vn -0.478470 0.866025 0.145142
vn -0.828735 0.500000 0.251394
vn -0.956940 0.000000 0.290285
vn -0.828735 -0.500000 0.251394
vn -0.478470 -0.866025 0.145142
vn -0.000000 -1.000000 0.000000
vn 0.478470 -0.866025 -0.145142
vn 0.828735 -0.500000 -0.251394
vn 0.956940 -0.000000 -0.290285
vn 0.980785 0.000000 -0.195090
vn 0.849385 0.500000 -0.168953
vn 0.490393 0.866025 -0.097545
vn 0.000000 1.000000 -0.000000
vn -0.490393 0.866025 0.097545
vn -0.849385 0.500000 0.168953
vn -0.980785 0.000000 0.195090
vn -0.849385 -0.500000 0.168953
vn -0.490393 -0.866025 0.097545
vn -0.000000 -1.000000 0.000000
vn 0.490393 -0.866025 -0.097545
vn 0.849385 -0.500000 -0.168953
vn 0.980785 -0.000000 -0.195090
vn 0.995185 0.000000 -0.098017
vn 0.861855 0.500000 -0.084885
vn 0.497592 0.866025 -0.049009
vn 0.000000 1.000000 -0.000000
vn -0.497592 0.866025 0.049009
vn -0.861855 0.500000 0.084885
vn -0.995185 0.000000 0.098017
vn -0.861855 -0.500000 0.084885
vn -0.497592 -0.866025 0.049009
vn -0.000000 -1.000000 0.000000
vn 0.497592 -0.866025 -0.049009
vn 0.861855 -0.500000 -0.084885
vn 0.995185 -0.000000 -0.098017
vn 1.000000 0.000000 -0.000000
vn 0.866025 0.500000 -0.000000
vn 0.500000 0.866025 -0.000000
vn 0.000000 1.000000 -0.000000
vn -0.500000 0.866025 0.000000
vn -0.866025 0.500000 0.000000
vn -1.000000 0.000000 0.000000
vn -0.866025 -0.500000 0.000000
vn -0.500000 -0.866025 0.000000
vn -0.000000 -1.000000 0.000000
vn 0.500000 -0.866025 -0.000000
vn 0.866025 -0.500000 -0.000000
vn 1.000000 -0.000000 -0.000000
f 1/1/1 2/2/2 14/14/14
f 2/2/2 15/15/15 14/14/14
f 2/2/2 3/3/3 15/15/15
f 3/3/3 16/16/16 15/15/15
f 3/3/3 4/4/4 16/16/16
f 4/4/4 17/17/17 16/16/16
f 4/4/4 5/5/5 17/17/17
f 5/5/5 18/18/18 17/17/17
f 5/5/5 6/6/6 18/18/18
f 6/6/6 19/19/19 18/18/18
f 6/6/6 7/7/7 19/19/19
f 7/7/7 20/20/20 19/19/19
f 7/7/7 8/8/8 20/20/20
f 8/8/8 21/21/21 20/20/20
f 8/8/8 9/9/9 21/21/21
f 9/9/9 22/22/22 21/21/21
f 9/9/9 10/10/10 22/22/22
f 10/10/10 23/23/23 22/22/22
f 10/10/10 11/11/11 23/23/23
f 11/11/11 24/24/24 23/23/23
f 11/11/11 12/12/12 24/24/24
f 12/12/12 25/25/25 24/24/24
f 12/12/12 13/13/13 25/25/25
f 13/13/13 26/26/26 25/25/25
f 14/14/14 15/15/15 27/27/27
f 15/15/15 28/28/28 27/27/27
f 15/15/15 16/16/16 28/28/28
f 16/16/16 29/29/29 28/28/28
f 16/16/16 17/17/17 29/29/29
f 17/17/17 30/30/30 29/29/29
f 17/17/17 18/18/18 30/30/30
f 18/18/18 31/31/31 30/30/30
f 18/18/18 19/19/19 31/31/31
f 19/19/19 32/32/32 31/31/31
f 19/19/19 20/20/20 32/32/32
f 20/20/20 33/33/33 32/32/32
f 20/20/20 21/21/21 33/33/33
f 21/21/21 34/34/34 33/33/33
f 21/21/21 22/22/22 34/34/34
f 22/22/22 35/35/35 34/34/34
f 22/22/22 23/23/23 35/35/35
f 23/23/23 36/36/36 35/35/35
f 23/23/23 24/24/24 36/36/36
f 24/24/24 37/37/37 36/36/36
f 24/24/24 25/25/25 37/37/37
f 25/25/25 38/38/38 37/37/37
f 25/25/25 26/26/26 38/38/38
f 26/26/26 39/39/39 38/38/38
f 27/27/27 28/28/28 40/40/40
f 28/28/28 41/41/41 40/40/40
f 28/28/28 29/29/29 41/41/41
f 29/29/29 42/42/42 41/41/41
f 29/29/29 30/30/30 42/42/42
f 30/30/30 43/43/43 42/42/42
f 30/30/30 31/31/31 43/43/43
f 31/31/31 44/44/44 43/43/43
f 31/31/31 32/32/32 44/44/44
f 32/32/32 45/45/45 44/44/44
f 32/32/32 33/33/33 45/45/45
f 33/33/33 46/46/46 45/45/45
f 33/33/33 34/34/34 46/46/46
f 34/34/34 47/47/47 46/46/46
f 34/34/34 35/35/35 47/47/47
f 35/35/35 48/48/48 47/47/47
f 35/35/35 36/36/36 48/48/48
f 36/36/36 49/49/49 48/48/48
f 36/36/36 37/37/37 49/49/49
f 37/37/37 50/50/50 49/49/49
f 37/37/37 38/38/38 50/50/50
f 38/38/38 51/51/51 50/50/50
f 38/38/38 39/39/39 51/51/51
f 39/39/39 52/52/52 51/51/51
f 40/40/40 41/41/41 53/53/53
f 41/41/41 54/54/54 53/53/53
f 41/41/41 42/42/42 54/54/54
f 42/42/42 55/55/55 54/54/54
f 42/42/42 43/43/43 55/55/55
f 43/43/43 56/56/56 55/55/55
f 43/43/43 44/44/44 56/56/56
f 44/44/44 57/57/57 56/56/56
f 44/44/44 45/45/45 57/57/57
f 45/45/45 58/58/58 57/57/57
f 45/45/45 46/46/46 58/58/58
f 46/46/46 59/59/59 58/58/58
f 46/46/46 47/47/47 59/59/59
f 47/47/47 60/60/60 59/59/59
f 47/47/47 48/48/48 60/60/60
f 48/48/48 61/61/61 60/60/60
f 48/48/48 49/49/49 61/61/61
f 49/49/49 62/62/62 61/61/61
f 49/49/49 50/50/50 62/62/62
f 50/50/50 63/63/63 62/62/62
f 50/50/50 51/51/51 63/63/63
f 51/51/51 64/64/64 63/63/63
f 51/51/51 52/52/52 64/64/64
f 52/52/52 65/65/65 64/64/64
f 53/53/53 54/54/54 66/66/66
f 54/54/54 67/67/67 66/66/66
f 54/54/54 55/55/55 67/67/67
f 55/55/55 68/68/68 67/67/67
f 55/55/55 56/56/56 68/68/68
f 56/56/56 69/69/69 68/68/68
f 56/56/56 57/57/57 69/69/69
f 57/57/57 70/70/70 69/69/69
f 57/57/57 58/58/58 70/70/70
f 58/58/58 71/71/71 70/70/70
f 58/58/58 59/59/59 71/71/71
f 59/59/59 72/72/72 71/71/71
f 59/59/59 60/60/60 72/72/72
f 60/60/60 73/73/73 72/72/72
f 60/60/60 61/61/61 73/73/73
f 61/61/61 74/74/74 73/73/73
f 61/61/61 62/62/62 74/74/74
f 62/62/62 75/75/75 74/74/74
f 62/62/62 63/63/63 75/75/75
f 63/63/63 76/76/76 75/75/75
f 63/63/63 64/64/64 76/76/76
f 64/64/64 77/77/77 76/76/76
f 64/64/64 65/65/65 77/77/77
f 65/65/65 78/78/78 77/77/77
f 66/66/66 67/67/67 79/79/79
f 67/67/67 80/80/80 79/79/79
f 67/67/67 68/68/68 80/80/80
f 68/68/68 81/81/81 80/80/80
f 68/68/68 69/69/69 81/81/81
f 69/69/69 82/82/82 81/81/81
f 69/69/69 70/70/70 82/82/82
f 70/70/70 83/83/83 82/82/82
f 70/70/70 71/71/71 83/83/83
f 71/71/71 84/84/84 83/83/83
f 71/71/71 72/72/72 84/84/84
f 72/72/72 85/85/85 84/84/84
f 72/72/72 73/73/73 85/85/85
f 73/73/73 86/86/86 85/85/85
f 73/73/73 74/74/74 86/86/86
f 74/74/74 87/87/87 86/86/86
f 74/74/74 75/75/75 87/87/87
f 75/75/75 88/88/88 87/87/87
f 75/75/75 76/76/76 88/88/88
f 76/76/76 89/89/89 88/88/88
f 76/76/76 77/77/77 89/89/89
f 77/77/77 90/90/90 89/89/89
f 77/77/77 78/78/78 90/90/90
f 78/78/78 91/91/91 90/90/90
f 79/79/79 80/80/80 92/92/92
f 80/80/80 93/93/93 92/92/92
f 80/80/80 81/81/81 93/93/93
f 81/81/81 94/94/94 93/93/93
f 81/81/81 82/82/82 94/94/94
f 82/82/82 95/95/95 94/94/94
f 82/82/82 83/83/83 95/95/95
f 83/83/83 96/96/96 95/95/95
f 83/83/83 84/84/84 96/96/96
f 84/84/84 97/97/97 96/96/96
f 84/84/84 85/85/85 97/97/97
f 85/85/85 98/98/98 97/97/97
f 85/85/85 86/86/86 98/98/98
f 86/86/86 99/99/99 98/98/98
f 86/86/86 87/87/87 99/99/99
f 87/87/87 100/100/100 99/99/99
f 87/87/87 88/88/88 100/100/100
f 88/88/88 101/101/101 100/100/100
f 88/88/88 89/89/89 101/101/101
f 89/89/89 102/102/102 101/101/101
f 89/89/89 90/90/90 102/102/102
f 90/90/90 103/103/103 102/102/102
f 90/90/90 91/91/91 103/103/103
f 91/91/91 104/104/104 103/103/103
f 92/92/92 93/93/93 105/105/105
f 93/93/93 106/106/106 105/105/105
f 93/93/93 94/94/94 106/106/106
f 94/94/94 107/107/107 106/106/106
f 94/94/94 95/95/95 107/107/107
f 95/95/95 108/108/108 107/107/107
f 95/95/95 96/96/96 108/108/108
f 96/96/96 109/109/109 108/108/108
f 96/96/96 97/97/97 109/109/109
f 97/97/97 110/110/110 109/109/109
f 97/97/97 98/98/98 110/110/110
f 98/98/98 111/111/111 110/110/110
f 98/98/98 99/99/99 111/111/111
f 99/99/99 112/112/112 111/111/111
f 99/99/99 100/100/100 112/112/112
f 100/100/100 113/113/113 112/112/112
f 100/100/100 101/101/101 113/113/113
f 101/101/101 114/114/114 113/113/113
f 101/101/101 102/102/102 114/114/114
f 102/102/102 115/115/115 114/114/114
f 102/102/102 103/103/103 115/115/115
f 103/103/103 116/116/116 115/115/115
f 103/103/103 104/104/104 116/116/116
f 104/104/104 117/117/117 116/116/116
f 105/105/105 106/106/106 118/118/118
f 106/106/106 119/119/119 118/118/118
f 106/106/106 107/107/107 119/119/119
f 107/107/107 120/120/120 119/119/119
f 107/107/107 108/108/108 120/120/120
f 108/108/108 121/121/121 120/120/120
f 108/108/108 109/109/109 121/121/121
f 109/109/109 122/122/122 121/121/121
f 109/109/109 110/110/110 122/122/122
f 110/110/110 123/123/123 122/122/122
f 110/110/110 111/111/111 123/123/123
f 111/111/111 124/124/124 123/123/123
f 111/111/111 112/112/112 124/124/124
f 112/112/112 125/125/125 124/124/124
f 112/112/112 113/113/113 125/125/125
f 113/113/113 126/126/126 125/125/125
f 113/113/113 114/114/114 126/126/126
f 114/114/114 127/127/127 126/126/126
f 114/114/114 115/115/115 127/127/127
f 115/115/115 128/128/128 127/127/127
f 115/115/115 116/116/116 128/128/128
f 116/116/116 129/129/129 128/128/128
f 116/116/116 117/117/117 129/129/129
f 117/117/117 130/130/130 129/129/129
f 118/118/118 119/119/119 131/131/131
f 119/119/119 132/132/132 131/131/131
f 119/119/119 120/120/120 132/132/132
f 120/120/120 133/133/133 132/132/132
f 120/120/120 121/121/121 133/133/133
f 121/121/121 134/134/134 133/133/133
f 121/121/121 122/122/122 134/134/134
f 122/122/122 135/135/135 134/134/134
f 122/122/122 123/123/123 135/135/135
f 123/123/123 136/136/136 135/135/135
f 123/123/123 124/124/124 136/136/136
f 124/124/124 137/137/137 136/136/136
f 124/124/124 125/125/125 137/137/137
f 125/125/125 138/138/138 137/137/137
f 125/125/125 126/126/126 138/138/138
f 126/126/126 139/139/139 138/138/138
f 126/126/126 127/127/127 139/139/139
f 127/127/127 140/140/140 139/139/139
f 127/127/127 128/128/128 140/140/140
f 128/128/128 141/141/141 140/140/140
f 128/128/128 129/129/129 141/141/141
f 129/129/129 142/142/142 141/141/141
f 129/129/129 130/130/130 142/142/142
f 130/130/130 143/143/143 142/142/142
f 131/131/131 132/132/132 144/144/144
f 132/132/132 145/145/145 144/144/144
f 132/132/132 133/133/133 145/145/145
f 133/133/133 146/146/146 145/145/145
f 133/133/133 134/134/134 146/146/146
f 134/134/134 147/147/147 146/146/146
f 134/134/134 135/135/135 147/147/147
f 135/135/135 148/148/148 147/147/147
f 135/135/135 136/136/136 148/148/148
f 136/136/136 149/149/149 148/148/148
f 136/136/136 137/137/137 149/149/149
f 137/137/137 150/150/150 149/149/149
f 137/137/137 138/138/138 150/150/150
f 138/138/138 151/151/151 150/150/150
f 138/138/138 139/139/139 151/151/151
f 139/139/139 152/152/152 151/151/151
f 139/139/139 140/140/140 152/152/152
f 140/140/140 153/153/153 152/152/152
f 140/140/140 141/141/141 153/153/153
f 141/141/141 154/154/154 153/153/153
f 141/141/141 142/142/142 154/154/154
f 142/142/142 155/155/155 154/154/154
f 142/142/142 143/143/143 155/155/155
f 143/143/143 156/156/156 155/155/155
f 144/144/144 145/145/145 157/157/157
f 145/145/145 158/158/158 157/157/157
f 145/145/145 146/146/146 158/158/158
f 146/146/146 159/159/159 158/158/158
f 146/146/146 147/147/147 159/159/159
f 147/147/147 160/160/160 159/159/159
f 147/147/147 148/148/148 160/160/160
f 148/148/148 161/161/161 160/160/160
f 148/148/148 149/149/149 161/161/161
f 149/149/149 162/162/162 161/161/161
f 149/149/149 150/150/150 162/162/162
f 150/150/150 163/163/163 162/162/162
f 150/150/150 151/151/151 163/163/163
f 151/151/151 164/164/164 163/163/163
f 151/151/151 152/152/152 164/164/164
f 152/152/152 165/165/165 164/164/164
f 152/152/152 153/153/153 165/165/165
f 153/153/153 166/166/166 165/165/165
f 153/153/153 154/154/154 166/166/166
f 154/154/154 167/167/167 166/166/166
f 154/154/154 155/155/155 167/167/167
f 155/155/155 168/168/168 167/167/167
f 155/155/155 156/156/156 168/168/168
f 156/156/156 169/169/169 168/168/168
f 157/157/157 158/158/158 170/170/170
f 158/158/158 171/171/171 170/170/170
f 158/158/158 159/159/159 171/171/171
f 159/159/159 172/172/172 171/171/171
f 159/159/159 160/160/160 172/172/172
f 160/160/160 173/173/173 172/172/172
f 160/160/160 161/161/161 173/173/173
f 161/161/161 174/174/174 173/173/173
f 161/161/161 162/162/162 174/174/174
f 162/162/162 175/175/175 174/174/174
f 162/162/162 163/163/163 175/175/175
f 163/163/163 176/176/176 175/175/175
f 163/163/163 164/164/164 176/176/176
f 164/164/164 177/177/177 176/176/176
f 164/164/164 165/165/165 177/177/177
f 165/165/165 178/178/178 177/177/177
f 165/165/165 166/166/166 178/178/178
f 166/166/166 179/179/179 178/178/178
f 166/166/166 167/167/167 179/179/179
f 167/167/167 180/180/180 179/179/179
f 167/167/167 168/168/168 180/180/180
f 168/168/168 181/181/181 180/180/180
f 168/168/168 169/169/169 181/181/181
f 169/169/169 182/182/182 181/181/181
f 170/170/170 171/171/171 183/183/183
f 171/171/171 184/184/184 183/183/183
f 171/171/171 172/172/172 184/184/184
f 172/172/172 185/185/185 184/184/184
f 172/172/172 173/173/173 185/185/185
f 173/173/173 186/186/186 185/185/185
f 173/173/173 174/174/174 186/186/186
f 174/174/174 187/187/187 186/186/186
f 174/174/174 175/175/175 187/187/187
f 175/175/175 188/188/188 187/187/187
f 175/175/175 176/176/176 188/188/188
f 176/176/176 189/189/189 188/188/188
f 176/176/176 177/177/177 189/189/189
f 177/177/177 190/190/190 189/189/189
f 177/177/177 178/178/178 190/190/190
f 178/178/178 191/191/191 190/190/190
f 178/178/178 179/179/179 191/191/191
f 179/179/179 192/192/192 191/191/191
f 179/179/179 180/180/180 192/192/192
f 180/180/180 193/193/193 192/192/192
f 180/180/180 181/181/181 193/193/193
f 181/181/181 194/194/194 193/193/193
f 181/181/181 182/182/182 194/194/194
f 182/182/182 195/195/195 194/194/194
f 183/183/183 184/184/184 196/196/196
f 184/184/184 197/197/197 196/196/196
f 184/184/184 185/185/185 197/197/197
f 185/185/185 198/198/198 197/197/197
f 185/185/185 186/186/186 198/198/198
f 186/186/186 199/199/199 198/198/198
f 186/186/186 187/187/187 199/199/199
f 187/187/187 200/200/200 199/199/199
f 187/187/187 188/188/188 200/200/200
f 188/188/188 201/201/201 200/200/200
f 188/188/188 189/189/189 201/201/201
f 189/189/189 202/202/202 201/201/201
f 189/189/189 190/190/190 202/202/202
f 190/190/190 203/203/203 202/202/202
f 190/190/190 191/191/191 203/203/203
f 191/191/191 204/204/204 203/203/203
f 191/191/191 192/192/192 204/204/204
f 192/192/192 205/205/205 204/204/204
f 192/192/192 193/193/193 205/205/205
f 193/193/193 206/206/206 205/205/205
f 193/193/193 194/194/194 206/206/206
f 194/194/194 207/207/207 206/206/206
f 194/194/194 195/195/195 207/207/207
f 195/195/195 208/208/208 207/207/207
f 196/196/196 197/197/197 209/209/209
f 197/197/197 210/210/210 209/209/209
f 197/197/197 198/198/198 210/210/210
f 198/198/198 211/211/211 210/210/210
f 198/198/198 199/199/199 211/211/211
f 199/199/199 212/212/212 211/211/211
f 199/199/199 200/200/200 212/212/212
f 200/200/200 213/213/213 212/212/212
f 200/200/200 201/201/201 213/213/213
f 201/201/201 214/214/214 213/213/213
f 201/201/201 202/202/202 214/214/214
f 202/202/202 215/215/215 214/214/214
f 202/202/202 203/203/203 215/215/215
f 203/203/203 216/216/216 215/215/215
f 203/203/203 204/204/204 216/216/216
f 204/204/204 217/217/217 216/216/216
f 204/204/204 205/205/205 217/217/217
f 205/205/205 218/218/218 217/217/217
f 205/205/205 206/206/206 218/218/218
f 206/206/206 219/219/219 218/218/218
f 206/206/206 207/207/207 219/219/219
f 207/207/207 220/220/220 219/219/219
f 207/207/207 208/208/208 220/220/220
f 208/208/208 221/221/221 220/220/220
f 209/209/209 210/210/210 222/222/222
f 210/210/210 223/223/223 222/222/222
f 210/210/210 211/211/211 223/223/223
f 211/211/211 224/224/224 223/223/223
f 211/211/211 212/212/212 224/224/224
f 212/212/212 225/225/225 224/224/224
f 212/212/212 213/213/213 225/225/225
f 213/213/213 226/226/226 225/225/225
f 213/213/213 214/214/214 226/226/226
f 214/214/214 227/227/227 226/226/226
f 214/214/214 215/215/215 227/227/227
f 215/215/215 228/228/228 227/227/227
f 215/215/215 216/216/216 228/228/228
f 216/216/216 229/229/229 228/228/228
f 216/216/216 217/217/217 229/229/229
f 217/217/217 230/230/230 229/229/229
f 217/217/217 218/218/218 230/230/230
f 218/218/218 231/231/231 230/230/230
f 218/218/218 219/219/219 231/231/231
f 219/219/219 232/232/232 231/231/231
f 219/219/219 220/220/220 232/232/232
f 220/220/220 233/233/233 232/232/232
f 220/220/220 221/221/221 233/233/233
f 221/221/221 234/234/234 233/233/233
f 222/222/222 223/223/223 235/235/235
f 223/223/223 236/236/236 235/235/235
f 223/223/223 224/224/224 236/236/236
f 224/224/224 237/237/237 236/236/236
f 224/224/224 225/225/225 237/237/237
f 225/225/225 238/238/238 237/237/237
f 225/225/225 226/226/226 238/238/238
f 226/226/226 239/239/239 238/238/238
f 226/226/226 227/227/227 239/239/239
f 227/227/227 240/240/240 239/239/239
f 227/227/227 228/228/228 240/240/240
f 228/228/228 241/241/241 240/240/240
f 228/228/228 229/229/229 241/241/241
f 229/229/229 242/242/242 241/241/241
f 229/229/229 230/230/230 242/242/242
f 230/230/230 243/243/243 242/242/242
f 230/230/230 231/231/231 243/243/243
f 231/231/231 244/244/244 243/243/243
f 231/231/231 232/232/232 244/244/244
f 232/232/232 245/245/245 244/244/244
f 232/232/232 233/233/233 245/245/245
f 233/233/233 246/246/246 245/245/245
f 233/233/233 234/234/234 246/246/246
f 234/234/234 247/247/247 246/246/246
f 235/235/235 236/236/236 248/248/248
f 236/236/236 249/249/249 248/248/248
f 236/236/236 237/237/237 249/249/249
f 237/237/237 250/250/250 249/249/249
f 237/237/237 238/238/238 250/250/250
f 238/238/238 251/251/251 250/250/250
f 238/238/238 239/239/239 251/251/251
f 239/239/239 252/252/252 251/251/251
f 239/239/239 240/240/240 252/252/252
f 240/240/240 253/253/253 252/252/252
f 240/240/240 241/241/241 253/253/253
f 241/241/241 254/254/254 253/253/253
f 241/241/241 242/242/242 254/254/254
f 242/242/242 255/255/255 254/254/254
f 242/242/242 243/243/243 255/255/255
f 243/243/243 256/256/256 255/255/255
f 243/243/243 244/244/244 256/256/256
f 244/244/244 257/257/257 256/256/256
f 244/244/244 245/245/245 257/257/257
f 245/245/245 258/258/258 257/257/257
f 245/245/245 246/246/246 258/258/258
f 246/246/246 259/259/259 258/258/258
f 246/246/246 247/247/247 259/259/259
f 247/247/247 260/260/260 259/259/259
f 248/248/248 249/249/249 261/261/261
f 249/249/249 262/262/262 261/261/261
f 249/249/249 250/250/250 262/262/262
f 250/250/250 263/263/263 262/262/262
f 250/250/250 251/251/251 263/263/263
f 251/251/251 264/264/264 263/263/263
f 251/251/251 252/252/252 264/264/264
f 252/252/252 265/265/265 264/264/264
f 252/252/252 253/253/253 265/265/265
f 253/253/253 266/266/266 265/265/265
f 253/253/253 254/254/254 266/266/266
f 254/254/254 267/267/267 266/266/266
f 254/254/254 255/255/255 267/267/267
f 255/255/255 268/268/268 267/267/267
f 255/255/255 256/256/256 268/268/268
f 256/256/256 269/269/269 268/268/268
f 256/256/256 257/257/257 269/269/269
f 257/257/257 270/270/270 269/269/269
f 257/257/257 258/258/258 270/270/270
f 258/258/258 271/271/271 270/270/270
f 258/258/258 259/259/259 271/271/271
f 259/259/259 272/272/272 271/271/271
f 259/259/259 260/260/260 272/272/272
f 260/260/260 273/273/273 272/272/272
f 261/261/261 262/262/262 274/274/274
f 262/262/262 275/275/275 274/274/274
f 262/262/262 263/263/263 275/275/275
f 263/263/263 276/276/276 275/275/275
f 263/263/263 264/264/264 276/276/276
f 264/264/264 277/277/277 276/276/276
f 264/264/264 265/265/265 277/277/277
f 265/265/265 278/278/278 277/277/277
f 265/265/265 266/266/266 278/278/278
f 266/266/266 279/279/279 278/278/278
f 266/266/266 267/267/267 279/279/279
f 267/267/267 280/280/280 279/279/279
f 267/267/267 268/268/268 280/280/280
f 268/268/268 281/281/281 280/280/280
f 268/268/268 269/269/269 281/281/281
f 269/269/269 282/282/282 281/281/281
f 269/269/269 270/270/270 282/282/282
f 270/270/270 283/283/283 282/282/282
f 270/270/270 271/271/271 283/283/283
f 271/271/271 284/284/284 283/283/283
f 271/271/271 272/272/272 284/284/284
f 272/272/272 285/285/285 284/284/284
f 272/272/272 273/273/273 285/285/285
f 273/273/273 286/286/286 285/285/285
f 274/274/274 275/275/275 287/287/287
f 275/275/275 288/288/288 287/287/287
f 275/275/275 276/276/276 288/288/288
f 276/276/276 289/289/289 288/288/288
f 276/276/276 277/277/277 289/289/289
f 277/277/277 290/290/290 289/289/289
f 277/277/277 278/278/278 290/290/290
f 278/278/278 291/291/291 290/290/290
f 278/278/278 279/279/279 291/291/291
f 279/279/279 292/292/292 291/291/291
f 279/279/279 280/280/280 292/292/292
f 280/280/280 293/293/293 292/292/292
f 280/280/280 281/281/281 293/293/293
f 281/281/281 294/294/294 293/293/293
f 281/281/281 282/282/282 294/294/294
f 282/282/282 295/295/295 294/294/294
f 282/282/282 283/283/283 295/295/295
f 283/283/283 296/296/296 295/295/295
f 283/283/283 284/284/284 296/296/296
f 284/284/284 297/297/297 296/296/296
f 284/284/284 285/285/285 297/297/297
f 285/285/285 298/298/298 297/297/297
f 285/285/285 286/286/286 298/298/298
f 286/286/286 299/299/299 298/298/298
f 287/287/287 288/288/288 300/300/300
f 288/288/288 301/301/301 300/300/300
f 288/288/288 289/289/289 301/301/301
f 289/289/289 302/302/302 301/301/301
f 289/289/289 290/290/290 302/302/302
f 290/290/290 303/303/303 302/302/302
f 290/290/290 291/291/291 303/303/303
f 291/291/291 304/304/304 303/303/303
f 291/291/291 292/292/292 304/304/304
f 292/292/292 305/305/305 304/304/304
f 292/292/292 293/293/293 305/305/305
f 293/293/293 306/306/306 305/305/305
f 293/293/293 294/294/294 306/306/306
f 294/294/294 307/307/307 306/306/306
f 294/294/294 295/295/295 307/307/307
f 295/295/295 308/308/308 307/307/307
f 295/295/295 296/296/296 308/308/308
f 296/296/296 309/309/309 308/308/308
f 296/296/296 297/297/297 309/309/309
f 297/297/297 310/310/310 309/309/309
f 297/297/297 298/298/298 310/310/310
f 298/298/298 311/311/311 310/310/310
f 298/298/298 299/299/299 311/311/311
f 299/299/299 312/312/312 311/311/311
f 300/300/300 301/301/301 313/313/313
f 301/301/301 314/314/314 313/313/313
f 301/301/301 302/302/302 314/314/314
f 302/302/302 315/315/315 314/314/314
f 302/302/302 303/303/303 315/315/315
f 303/303/303 316/316/316 315/315/315
f 303/303/303 304/304/304 316/316/316
f 304/304/304 317/317/317 316/316/316
f 304/304/304 305/305/305 317/317/317
f 305/305/305 318/318/318 317/317/317
f 305/305/305 306/306/306 318/318/318
f 306/306/306 319/319/319 318/318/318
f 306/306/306 307/307/307 319/319/319
f 307/307/307 320/320/320 319/319/319
f 307/307/307 308/308/308 320/320/320
f 308/308/308 321/321/321 320/320/320
f 308/308/308 309/309/309 321/321/321
f 309/309/309 322/322/322 321/321/321
f 309/309/309 310/310/310 322/322/322
f 310/310/310 323/323/323 322/322/322
f 310/310/310 311/311/311 323/323/323
f 311/311/311 324/324/324 323/323/323
f 311/311/311 312/312/312 324/324/324
f 312/312/312 325/325/325 324/324/324
f 313/313/313 314/314/314 326/326/326
f 314/314/314 327/327/327 326/326/326
f 314/314/314 315/315/315 327/327/327
f 315/315/315 328/328/328 327/327/327
f 315/315/315 316/316/316 328/328/328
f 316/316/316 329/329/329 328/328/328
f 316/316/316 317/317/317 329/329/329
f 317/317/317 330/330/330 329/329/329
f 317/317/317 318/318/318 330/330/330
f 318/318/318 331/331/331 330/330/330
f 318/318/318 319/319/319 331/331/331
f 319/319/319 332/332/332 331/331/331
f 319/319/319 320/320/320 332/332/332
f 320/320/320 333/333/333 332/332/332
f 320/320/320 321/321/321 333/333/333
f 321/321/321 334/334/334 333/333/333
f 321/321/321 322/322/322 334/334/334
f 322/322/322 335/335/335 334/334/334
f 322/322/322 323/323/323 335/335/335
f 323/323/323 336/336/336 335/335/335
f 323/323/323 324/324/324 336/336/336
f 324/324/324 337/337/337 336/336/336
f 324/324/324 325/325/325 337/337/337
f 325/325/325 338/338/338 337/337/337
f 326/326/326 327/327/327 339/339/339
f 327/327/327 340/340/340 339/339/339
f 327/327/327 328/328/328 340/340/340
f 328/328/328 341/341/341 340/340/340
f 328/328/328 329/329/329 341/341/341
f 329/329/329 342/342/342 341/341/341
f 329/329/329 330/330/330 342/342/342
f 330/330/330 343/343/343 342/342/342
f 330/330/330 331/331/331 343/343/343
f 331/331/331 344/344/344 343/343/343
f 331/331/331 332/332/332 344/344/344
f 332/332/332 345/345/345 344/344/344
f 332/332/332 333/333/333 345/345/345
f 333/333/333 346/346/346 345/345/345
f 333/333/333 334/334/334 346/346/346
f 334/334/334 347/347/347 346/346/346
f 334/334/334 335/335/335 347/347/347
f 335/335/335 348/348/348 347/347/347
f 335/335/335 336/336/336 348/348/348
f 336/336/336 349/349/349 348/348/348
f 336/336/336 337/337/337 349/349/349
f 337/337/337 350/350/350 349/349/349
f 337/337/337 338/338/338 350/350/350
f 338/338/338 351/351/351 350/350/350
f 339/339/339 340/340/340 352/352/352
f 340/340/340 353/353/353 352/352/352
f 340/340/340 341/341/341 353/353/353
f 341/341/341 354/354/354 353/353/353
f 341/341/341 342/342/342 354/354/354
f 342/342/342 355/355/355 354/354/354
f 342/342/342 343/343/343 355/355/355
f 343/343/343 356/356/356 355/355/355
f 343/343/343 344/344/344 356/356/356
f 344/344/344 357/357/357 356/356/356
f 344/344/344 345/345/345 357/357/357
f 345/345/345 358/358/358 357/357/357
f 345/345/345 346/346/346 358/358/358
f 346/346/346 359/359/359 358/358/358
f 346/346/346 347/347/347 359/359/359
f 347/347/347 360/360/360 359/359/359
f 347/347/347 348/348/348 360/360/360
f 348/348/348 361/361/361 360/360/360
f 348/348/348 349/349/349 361/361/361
f 349/349/349 362/362/362 361/361/361
f 349/349/349 350/350/350 362/362/362
f 350/350/350 363/363/363 362/362/362
f 350/350/350 351/351/351 363/363/363
f 351/351/351 364/364/364 363/363/363
f 352/352/352 353/353/353 365/365/365
f 353/353/353 366/366/366 365/365/365
f 353/353/353 354/354/354 366/366/366
f 354/354/354 367/367/367 366/366/366
f 354/354/354 355/355/355 367/367/367
f 355/355/355 368/368/368 367/367/367
f 355/355/355 356/356/356 368/368/368
f 356/356/356 369/369/369 368/368/368
f 356/356/356 357/357/357 369/369/369
f 357/357/357 370/370/370 369/369/369
f 357/357/357 358/358/358 370/370/370
f 358/358/358 371/371/371 370/370/370
f 358/358/358 359/359/359 371/371/371
f 359/359/359 372/372/372 371/371/371
f 359/359/359 360/360/360 372/372/372
f 360/360/360 373/373/373 372/372/372
f 360/360/360 361/361/361 373/373/373
f 361/361/361 374/374/374 373/373/373
f 361/361/361 362/362/362 374/374/374
f 362/362/362 375/375/375 374/374/374
f 362/362/362 363/363/363 375/375/375
f 363/363/363 376/376/376 375/375/375
f 363/363/363 364/364/364 376/376/376
f 364/364/364 377/377/377 376/376/376
f 365/365/365 366/366/366 378/378/378
f 366/366/366 379/379/379 378/378/378
f 366/366/366 367/367/367 379/379/379
f 367/367/367 380/380/380 379/379/379
f 367/367/367 368/368/368 380/380/380
f 368/368/368 381/381/381 380/380/380
f 368/368/368 369/369/369 381/381/381
f 369/369/369 382/382/382 381/381/381
f 369/369/369 370/370/370 382/382/382
f 370/370/370 383/383/383 382/382/382
f 370/370/370 371/371/371 383/383/383
f 371/371/371 384/384/384 383/383/383
f 371/371/371 372/372/372 384/384/384
f 372/372/372 385/385/385 384/384/384
f 372/372/372 373/373/373 385/385/385
f 373/373/373 386/386/386 385/385/385
f 373/373/373 374/374/374 386/386/386
f 374/374/374 387/387/387 386/386/386
f 374/374/374 375/375/375 387/387/387
f 375/375/375 388/388/388 387/387/387
f 375/375/375 376/376/376 388/388/388
f 376/376/376 389/389/389 388/388/388
f 376/376/376 377/377/377 389/389/389
f 377/377/377 390/390/390 389/389/389
f 378/378/378 379/379/379 391/391/391
f 379/379/379 392/392/392 391/391/391
f 379/379/379 380/380/380 392/392/392
f 380/380/380 393/393/393 392/392/392
f 380/380/380 381/381/381 393/393/393
f 381/381/381 394/394/394 393/393/393
f 381/381/381 382/382/382 394/394/394
f 382/382/382 395/395/395 394/394/394
f 382/382/382 383/383/383 395/395/395
f 383/383/383 396/396/396 395/395/395
f 383/383/383 384/384/384 396/396/396
f 384/384/384 397/397/397 396/396/396
f 384/384/384 385/385/385 397/397/397
f 385/385/385 398/398/398 397/397/397
f 385/385/385 386/386/386 398/398/398
f 386/386/386 399/399/399 398/398/398
f 386/386/386 387/387/387 399/399/399
f 387/387/387 400/400/400 399/399/399
f 387/387/387 388/388/388 400/400/400
f 388/388/388 401/401/401 400/400/400
f 388/388/388 389/389/389 401/401/401
f 389/389/389 402/402/402 401/401/401
f 389/389/389 390/390/390 402/402/402
f 390/390/390 403/403/403 402/402/402
f 391/391/391 392/392/392 404/404/404
f 392/392/392 405/405/405 404/404/404
f 392/392/392 393/393/393 405/405/405
f 393/393/393 406/406/406 405/405/405
f 393/393/393 394/394/394 406/406/406
f 394/394/394 407/407/407 406/406/406
f 394/394/394 395/395/395 407/407/407
f 395/395/395 408/408/408 407/407/407
f 395/395/395 396/396/396 408/408/408
f 396/396/396 409/409/409 408/408/408
f 396/396/396 397/397/397 409/409/409
f 397/397/397 410/410/410 409/409/409
f 397/397/397 398/398/398 410/410/410
f 398/398/398 411/411/411 410/410/410
f 398/398/398 399/399/399 411/411/411
f 399/399/399 412/412/412 411/411/411
f 399/399/399 400/400/400 412/412/412
f 400/400/400 413/413/413 412/412/412
f 400/400/400 401/401/401 413/413/413
f 401/401/401 414/414/414 413/413/413
f 401/401/401 402/402/402 414/414/414
f 402/402/402 415/415/415 414/414/414
f 402/402/402 403/403/403 415/415/415
f 403/403/403 416/416/416 415/415/415
f 404/404/404 405/405/405 417/417/417
f 405/405/405 418/418/418 417/417/417
f 405/405/405 406/406/406 418/418/418
f 406/406/406 419/419/419 418/418/418
f 406/406/406 407/407/407 419/419/419
f 407/407/407 420/420/420 419/419/419
f 407/407/407 408/408/408 420/420/420
f 408/408/408 421/421/421 420/420/420
f 408/408/408 409/409/409 421/421/421
f 409/409/409 422/422/422 421/421/421
f 409/409/409 410/410/410 422/422/422
f 410/410/410 423/423/423 422/422/422
f 410/410/410 411/411/411 423/423/423
f 411/411/411 424/424/424 423/423/423
f 411/411/411 412/412/412 424/424/424
f 412/412/412 425/425/425 424/424/424
f 412/412/412 413/413/413 425/425/425
f 413/413/413 426/426/426 425/425/425
f 413/413/413 414/414/414 426/426/426
f 414/414/414 427/427/427 426/426/426
f 414/414/414 415/415/415 427/427/427
f 415/415/415 428/428/428 427/427/427
f 415/415/415 416/416/416 428/428/428
f 416/416/416 429/429/429 428/428/428
f 417/417/417 418/418/418 430/430/430
f 418/418/418 431/431/431 430/430/430
f 418/418/418 419/419/419 431/431/431
f 419/419/419 432/432/432 431/431/431
f 419/419/419 420/420/420 432/432/432
f 420/420/420 433/433/433 432/432/432
f 420/420/420 421/421/421 433/433/433
f 421/421/421 434/434/434 433/433/433
f 421/421/421 422/422/422 434/434/434
f 422/422/422 435/435/435 434/434/434
f 422/422/422 423/423/423 435/435/435
f 423/423/423 436/436/436 435/435/435
f 423/423/423 424/424/424 436/436/436
f 424/424/424 437/437/437 436/436/436
f 424/424/424 425/425/425 437/437/437
f 425/425/425 438/438/438 437/437/437
f 425/425/425 426/426/426 438/438/438
f 426/426/426 439/439/439 438/438/438
f 426/426/426 427/427/427 439/439/439
f 427/427/427 440/440/440 439/439/439
f 427/427/427 428/428/428 440/440/440
f 428/428/428 441/441/441 440/440/440
f 428/428/428 429/429/429 441/441/441
f 429/429/429 442/442/442 441/441/441
f 430/430/430 431/431/431 443/443/443
f 431/431/431 444/444/444 443/443/443
f 431/431/431 432/432/432 444/444/444
f 432/432/432 445/445/445 444/444/444
f 432/432/432 433/433/433 445/445/445
f 433/433/433 446/446/446 445/445/445
f 433/433/433 434/434/434 446/446/446
f 434/434/434 447/447/447 446/446/446
f 434/434/434 435/435/435 447/447/447
f 435/435/435 448/448/448 447/447/447
f 435/435/435 436/436/436 448/448/448
f 436/436/436 449/449/449 448/448/448
f 436/436/436 437/437/437 449/449/449
f 437/437/437 450/450/450 449/449/449
f 437/437/437 438/438/438 450/450/450
f 438/438/438 451/451/451 450/450/450
f 438/438/438 439/439/439 451/451/451
f 439/439/439 452/452/452 451/451/451
f 439/439/439 440/440/440 452/452/452
f 440/440/440 453/453/453 452/452/452
f 440/440/440 441/441/441 453/453/453
f 441/441/441 454/454/454 453/453/453
f 441/441/441 442/442/442 454/454/454
f 442/442/442 455/455/455 454/454/454
f 443/443/443 444/444/444 456/456/456
f 444/444/444 457/457/457 456/456/456
f 444/444/444 445/445/445 457/457/457
f 445/445/445 458/458/458 457/457/457
f 445/445/445 446/446/446 458/458/458
f 446/446/446 459/459/459 458/458/458
f 446/446/446 447/447/447 459/459/459
f 447/447/447 460/460/460 459/459/459
f 447/447/447 448/448/448 460/460/460
f 448/448/448 461/461/461 460/460/460
f 448/448/448 449/449/449 461/461/461
f 449/449/449 462/462/462 461/461/461
f 449/449/449 450/450/450 462/462/462
f 450/450/450 463/463/463 462/462/462
f 450/450/450 451/451/451 463/463/463
f 451/451/451 464/464/464 463/463/463
f 451/451/451 452/452/452 464/464/464
f 452/452/452 465/465/465 464/464/464
f 452/452/452 453/453/453 465/465/465
f 453/453/453 466/466/466 465/465/465
f 453/453/453 454/454/454 466/466/466
f 454/454/454 467/467/467 466/466/466
f 454/454/454 455/455/455 467/467/467
f 455/455/455 468/468/468 467/467/467
f 456/456/456 457/457/457 469/469/469
f 457/457/457 470/470/470 469/469/469
f 457/457/457 458/458/458 470/470/470
f 458/458/458 471/471/471 470/470/470
f 458/458/458 459/459/459 471/471/471
f 459/459/459 472/472/472 471/471/471
f 459/459/459 460/460/460 472/472/472
f 460/460/460 473/473/473 472/472/472
f 460/460/460 461/461/461 473/473/473
f 461/461/461 474/474/474 473/473/473
f 461/461/461 462/462/462 474/474/474
f 462/462/462 475/475/475 474/474/474
f 462/462/462 463/463/463 475/475/475
f 463/463/463 476/476/476 475/475/475
f 463/463/463 464/464/464 476/476/476
f 464/464/464 477/477/477 476/476/476
f 464/464/464 465/465/465 477/477/477
f 465/465/465 478/478/478 477/477/477
f 465/465/465 466/466/466 478/478/478
f 466/466/466 479/479/479 478/478/478
f 466/466/466 467/467/467 479/479/479
f 467/467/467 480/480/480 479/479/479
f 467/467/467 468/468/468 480/480/480
f 468/468/468 481/481/481 480/480/480
f 469/469/469 470/470/470 482/482/482
f 470/470/470 483/483/483 482/482/482
f 470/470/470 471/471/471 483/483/483
f 471/471/471 484/484/484 483/483/483
f 471/471/471 472/472/472 484/484/484
f 472/472/472 485/485/485 484/484/484
f 472/472/472 473/473/473 485/485/485
f 473/473/473 486/486/486 485/485/485
f 473/473/473 474/474/474 486/486/486
f 474/474/474 487/487/487 486/486/486
f 474/474/474 475/475/475 487/487/487
f 475/475/475 488/488/488 487/487/487
f 475/475/475 476/476/476 488/488/488
f 476/476/476 489/489/489 488/488/488
f 476/476/476 477/477/477 489/489/489
f 477/477/477 490/490/490 489/489/489
f 477/477/477 478/478/478 490/490/490
f 478/478/478 491/491/491 490/490/490
f 478/478/478 479/479/479 491/491/491
f 479/479/479 492/492/492 491/491/491
f 479/479/479 480/480/480 492/492/492
f 480/480/480 493/493/493 492/492/492
f 480/480/480 481/481/481 493/493/493
f 481/481/481 494/494/494 493/493/493
f 482/482/482 483/483/483 495/495/495
f 483/483/483 496/496/496 495/495/495
f 483/483/483 484/484/484 496/496/496
f 484/484/484 497/497/497 496/496/496
f 484/484/484 485/485/485 497/497/497
f 485/485/485 498/498/498 497/497/497
f 485/485/485 486/486/486 498/498/498
f 486/486/486 499/499/499 498/498/498
f 486/486/486 487/487/487 499/499/499
f 487/487/487 500/500/500 499/499/499
f 487/487/487 488/488/488 500/500/500
f 488/488/488 501/501/501 500/500/500
f 488/488/488 489/489/489 501/501/501
f 489/489/489 502/502/502 501/501/501
f 489/489/489 490/490/490 502/502/502
f 490/490/490 503/503/503 502/502/502
f 490/490/490 491/491/491 503/503/503
f 491/491/491 504/504/504 503/503/503
f 491/491/491 492/492/492 504/504/504
f 492/492/492 505/505/505 504/504/504
f 492/492/492 493/493/493 505/505/505
f 493/493/493 506/506/506 505/505/505
f 493/493/493 494/494/494 506/506/506
f 494/494/494 507/507/507 506/506/506
f 495/495/495 496/496/496 508/508/508
f 496/496/496 509/509/509 508/508/508
f 496/496/496 497/497/497 509/509/509
f 497/497/497 510/510/510 509/509/509
f 497/497/497 498/498/498 510/510/510
f 498/498/498 511/511/511 510/510/510
f 498/498/498 499/499/499 511/511/511
f 499/499/499 512/512/512 511/511/511
f 499/499/499 500/500/500 512/512/512
f 500/500/500 513/513/513 512/512/512
f 500/500/500 501/501/501 513/513/513
f 501/501/501 514/514/514 513/513/513
f 501/501/501 502/502/502 514/514/514
f 502/502/502 515/515/515 514/514/514
f 502/502/502 503/503/503 515/515/515
f 503/503/503 516/516/516 515/515/515
f 503/503/503 504/504/504 516/516/516
f 504/504/504 517/517/517 516/516/516
f 504/504/504 505/505/505 517/517/517
f 505/505/505 518/518/518 517/517/517
f 505/505/505 506/506/506 518/518/518
f 506/506/506 519/519/519 518/518/518
f 506/506/506 507/507/507 519/519/519
f 507/507/507 520/520/520 519/519/519
f 508/508/508 509/509/509 521/521/521
f 509/509/509 522/522/522 521/521/521
f 509/509/509 510/510/510 522/522/522
f 510/510/510 523/523/523 522/522/522
f 510/510/510 511/511/511 523/523/523
f 511/511/511 524/524/524 523/523/523
f 511/511/511 512/512/512 524/524/524
f 512/512/512 525/525/525 524/524/524
f 512/512/512 513/513/513 525/525/525
f 513/513/513 526/526/526 525/525/525
f 513/513/513 514/514/514 526/526/526
f 514/514/514 527/527/527 526/526/526
f 514/514/514 515/515/515 527/527/527
f 515/515/515 528/528/528 527/527/527
f 515/515/515 516/516/516 528/528/528
f 516/516/516 529/529/529 528/528/528
f 516/516/516 517/517/517 529/529/529
f 517/517/517 530/530/530 529/529/529
f 517/517/517 518/518/518 530/530/530
f 518/518/518 531/531/531 530/530/530
f 518/518/518 519/519/519 531/531/531
f 519/519/519 532/532/532 531/531/531
f 519/519/519 520/520/520 532/532/532
f 520/520/520 533/533/533 532/532/532
f 521/521/521 522/522/522 534/534/534
f 522/522/522 535/535/535 534/534/534
f 522/522/522 523/523/523 535/535/535
f 523/523/523 536/536/536 535/535/535
f 523/523/523 524/524/524 536/536/536
f 524/524/524 537/537/537 536/536/536
f 524/524/524 525/525/525 537/537/537
f 525/525/525 538/538/538 537/537/537
f 525/525/525 526/526/526 538/538/538
f 526/526/526 539/539/539 538/538/538
f 526/526/526 527/527/527 539/539/539
f 527/527/527 540/540/540 539/539/539
f 527/527/527 528/528/528 540/540/540
f 528/528/528 541/541/541 540/540/540
f 528/528/528 529/529/529 541/541/541
f 529/529/529 542/542/542 541/541/541
f 529/529/529 530/530/530 542/542/542
f 530/530/530 543/543/543 542/542/542
f 530/530/530 531/531/531 543/543/543
f 531/531/531 544/544/544 543/543/543
f 531/531/531 532/532/532 544/544/544
f 532/532/532 545/545/545 544/544/544
f 532/532/532 533/533/533 545/545/545
f 533/533/533 546/546/546 545/545/545
f 534/534/534 535/535/535 547/547/547
f 535/535/535 548/548/548 547/547/547
f 535/535/535 536/536/536 548/548/548
f 536/536/536 549/549/549 548/548/548
f 536/536/536 537/537/537 549/549/549
f 537/537/537 550/550/550 549/549/549
f 537/537/537 538/538/538 550/550/550
f 538/538/538 551/551/551 550/550/550
f 538/538/538 539/539/539 551/551/551
f 539/539/539 552/552/552 551/551/551
f 539/539/539 540/540/540 552/552/552
f 540/540/540 553/553/553 552/552/552
f 540/540/540 541/541/541 553/553/553
f 541/541/541 554/554/554 553/553/553
f 541/541/541 542/542/542 554/554/554
f 542/542/542 555/555/555 554/554/554
f 542/542/542 543/543/543 555/555/555
f 543/543/543 556/556/556 555/555/555
f 543/543/543 544/544/544 556/556/556
f 544/544/544 557/557/557 556/556/556
f 544/544/544 545/545/545 557/557/557
f 545/545/545 558/558/558 557/557/557
f 545/545/545 546/546/546 558/558/558
f 546/546/546 559/559/559 558/558/558
f 547/547/547 548/548/548 560/560/560
f 548/548/548 561/561/561 560/560/560
f 548/548/548 549/549/549 561/561/561
f 549/549/549 562/562/562 561/561/561
f 549/549/549 550/550/550 562/562/562
f 550/550/550 563/563/563 562/562/562
f 550/550/550 551/551/551 563/563/563
f 551/551/551 564/564/564 563/563/563
f 551/551/551 552/552/552 564/564/564
f 552/552/552 565/565/565 564/564/564
f 552/552/552 553/553/553 565/565/565
f 553/553/553 566/566/566 565/565/565
f 553/553/553 554/554/554 566/566/566
f 554/554/554 567/567/567 566/566/566
f 554/554/554 555/555/555 567/567/567
f 555/555/555 568/568/568 567/567/567
f 555/555/555 556/556/556 568/568/568
f 556/556/556 569/569/569 568/568/568
f 556/556/556 557/557/557 569/569/569
f 557/557/557 570/570/570 569/569/569
f 557/557/557 558/558/558 570/570/570
f 558/558/558 571/571/571 570/570/570
f 558/558/558 559/559/559 571/571/571
f 559/559/559 572/572/572 571/571/571
f 560/560/560 561/561/561 573/573/573
f 561/561/561 574/574/574 573/573/573
f 561/561/561 562/562/562 574/574/574
f 562/562/562 575/575/575 574/574/574
f 562/562/562 563/563/563 575/575/575
f 563/563/563 576/576/576 575/575/575
f 563/563/563 564/564/564 576/576/576
f 564/564/564 577/577/577 576/576/576
f 564/564/564 565/565/565 577/577/577
f 565/565/565 578/578/578 577/577/577
f 565/565/565 566/566/566 578/578/578
f 566/566/566 579/579/579 578/578/578
f 566/566/566 567/567/567 579/579/579
f 567/567/567 580/580/580 579/579/579
f 567/567/567 568/568/568 580/580/580
f 568/568/568 581/581/581 580/580/580
f 568/568/568 569/569/569 581/581/581
f 569/569/569 582/582/582 581/581/581
f 569/569/569 570/570/570 582/582/582
f 570/570/570 583/583/583 582/582/582
f 570/570/570 571/571/571 583/583/583
f 571/571/571 584/584/584 583/583/583
f 571/571/571 572/572/572 584/584/584
f 572/572/572 585/585/585 584/584/584
f 573/573/573 574/574/574 586/586/586
f 574/574/574 587/587/587 586/586/586
f 574/574/574 575/575/575 587/587/587
f 575/575/575 588/588/588 587/587/587
f 575/575/575 576/576/576 588/588/588
f 576/576/576 589/589/589 588/588/588
f 576/576/576 577/577/577 589/589/589
f 577/577/577 590/590/590 589/589/589
f 577/577/577 578/578/578 590/590/590
f 578/578/578 591/591/591 590/590/590
f 578/578/578 579/579/579 591/591/591
f 579/579/579 592/592/592 591/591/591
f 579/579/579 580/580/580 592/592/592
f 580/580/580 593/593/593 592/592/592
f 580/580/580 581/581/581 593/593/593
f 581/581/581 594/594/594 593/593/593
f 581/581/581 582/582/582 594/594/594
f 582/582/582 595/595/595 594/594/594
f 582/582/582 583/583/583 595/595/595
f 583/583/583 596/596/596 595/595/595
f 583/583/583 584/584/584 596/596/596
f 584/584/584 597/597/597 596/596/596
f 584/584/584 585/585/585 597/597/597
f 585/585/585 598/598/598 597/597/597
f 586/586/586 587/587/587 599/599/599
f 587/587/587 600/600/600 599/599/599
f 587/587/587 588/588/588 600/600/600
f 588/588/588 601/601/601 600/600/600
f 588/588/588 589/589/589 601/601/601
f 589/589/589 602/602/602 601/601/601
f 589/589/589 590/590/590 602/602/602
f 590/590/590 603/603/603 602/602/602
f 590/590/590 591/591/591 603/603/603
f 591/591/591 604/604/604 603/603/603
f 591/591/591 592/592/592 604/604/604
f 592/592/592 605/605/605 604/604/604
f 592/592/592 593/593/593 605/605/605
f 593/593/593 606/606/606 605/605/605
f 593/593/593 594/594/594 606/606/606
f 594/594/594 607/607/607 606/606/606
f 594/594/594 595/595/595 607/607/607
f 595/595/595 608/608/608 607/607/607
f 595/595/595 596/596/596 608/608/608
f 596/596/596 609/609/609 608/608/608
f 596/596/596 597/597/597 609/609/609
f 597/597/597 610/610/610 609/609/609
f 597/597/597 598/598/598 610/610/610
f 598/598/598 611/611/611 610/610/610
f 599/599/599 600/600/600 612/612/612
f 600/600/600 613/613/613 612/612/612
f 600/600/600 601/601/601 613/613/613
f 601/601/601 614/614/614 613/613/613
f 601/601/601 602/602/602 614/614/614
f 602/602/602 615/615/615 614/614/614
f 602/602/602 603/603/603 615/615/615
f 603/603/603 616/616/616 615/615/615
f 603/603/603 604/604/604 616/616/616
f 604/604/604 617/617/617 616/616/616
f 604/604/604 605/605/605 617/617/617
f 605/605/605 618/618/618 617/617/617
f 605/605/605 606/606/606 618/618/618
f 606/606/606 619/619/619 618/618/618
f 606/606/606 607/607/607 619/619/619
f 607/607/607 620/620/620 619/619/619
f 607/607/607 608/608/608 620/620/620
f 608/608/608 621/621/621 620/620/620
f 608/608/608 609/609/609 621/621/621
f 609/609/609 622/622/622 621/621/621
f 609/609/609 610/610/610 622/622/622
f 610/610/610 623/623/623 622/622/622
f 610/610/610 611/611/611 623/623/623
f 611/611/611 624/624/624 623/623/623
f 612/612/612 613/613/613 625/625/625
f 613/613/613 626/626/626 625/625/625
f 613/613/613 614/614/614 626/626/626
f 614/614/614 627/627/627 626/626/626
f 614/614/614 615/615/615 627/627/627
f 615/615/615 628/628/628 627/627/627
f 615/615/615 616/616/616 628/628/628
f 616/616/616 629/629/629 628/628/628
f 616/616/616 617/617/617 629/629/629
f 617/617/617 630/630/630 629/629/629
f 617/617/617 618/618/618 630/630/630
f 618/618/618 631/631/631 630/630/630
f 618/618/618 619/619/619 631/631/631
f 619/619/619 632/632/632 631/631/631
f 619/619/619 620/620/620 632/632/632
f 620/620/620 633/633/633 632/632/632
f 620/620/620 621/621/621 633/633/633
f 621/621/621 634/634/634 633/633/633
f 621/621/621 622/622/622 634/634/634
f 622/622/622 635/635/635 634/634/634
f 622/622/622 623/623/623 635/635/635
f 623/623/623 636/636/636 635/635/635
f 623/623/623 624/624/624 636/636/636
f 624/624/624 637/637/637 636/636/636
f 625/625/625 626/626/626 638/638/638
f 626/626/626 639/639/639 638/638/638
f 626/626/626 627/627/627 639/639/639
f 627/627/627 640/640/640 639/639/639
f 627/627/627 628/628/628 640/640/640
f 628/628/628 641/641/641 640/640/640
f 628/628/628 629/629/629 641/641/641
f 629/629/629 642/642/642 641/641/641
f 629/629/629 630/630/630 642/642/642
f 630/630/630 643/643/643 642/642/642
f 630/630/630 631/631/631 643/643/643
f 631/631/631 644/644/644 643/643/643
f 631/631/631 632/632/632 644/644/644
f 632/632/632 645/645/645 644/644/644
f 632/632/632 633/633/633 645/645/645
f 633/633/633 646/646/646 645/645/645
f 633/633/633 634/634/634 646/646/646
f 634/634/634 647/647/647 646/646/646
f 634/634/634 635/635/635 647/647/647
f 635/635/635 648/648/648 647/647/647
f 635/635/635 636/636/636 648/648/648
f 636/636/636 649/649/649 648/648/648
f 636/636/636 637/637/637 649/649/649
f 637/637/637 650/650/650 649/649/649
f 638/638/638 639/639/639 651/651/651
f 639/639/639 652/652/652 651/651/651
f 639/639/639 640/640/640 652/652/652
f 640/640/640 653/653/653 652/652/652
f 640/640/640 641/641/641 653/653/653
f 641/641/641 654/654/654 653/653/653
f 641/641/641 642/642/642 654/654/654
f 642/642/642 655/655/655 654/654/654
f 642/642/642 643/643/643 655/655/655
f 643/643/643 656/656/656 655/655/655
f 643/643/643 644/644/644 656/656/656
f 644/644/644 657/657/657 656/656/656
f 644/644/644 645/645/645 657/657/657
f 645/645/645 658/658/658 657/657/657
f 645/645/645 646/646/646 658/658/658
f 646/646/646 659/659/659 658/658/658
f 646/646/646 647/647/647 659/659/659
f 647/647/647 660/660/660 659/659/659
f 647/647/647 648/648/648 660/660/660
f 648/648/648 661/661/661 660/660/660
f 648/648/648 649/649/649 661/661/661
f 649/649/649 662/662/662 661/661/661
f 649/649/649 650/650/650 662/662/662
f 650/650/650 663/663/663 662/662/662
f 651/651/651 652/652/652 664/664/664
f 652/652/652 665/665/665 664/664/664
f 652/652/652 653/653/653 665/665/665
f 653/653/653 666/666/666 665/665/665
f 653/653/653 654/654/654 666/666/666
f 654/654/654 667/667/667 666/666/666
f 654/654/654 655/655/655 667/667/667
f 655/655/655 668/668/668 667/667/667
f 655/655/655 656/656/656 668/668/668
f 656/656/656 669/669/669 668/668/668
f 656/656/656 657/657/657 669/669/669
f 657/657/657 670/670/670 669/669/669
f 657/657/657 658/658/658 670/670/670
f 658/658/658 671/671/671 670/670/670
f 658/658/658 659/659/659 671/671/671
f 659/659/659 672/672/672 671/671/671
f 659/659/659 660/660/660 672/672/672
f 660/660/660 673/673/673 672/672/672
f 660/660/660 661/661/661 673/673/673
f 661/661/661 674/674/674 673/673/673
f 661/661/661 662/662/662 674/674/674
f 662/662/662 675/675/675 674/674/674
f 662/662/662 663/663/663 675/675/675
f 663/663/663 676/676/676 675/675/675
f 664/664/664 665/665/665 677/677/677
f 665/665/665 678/678/678 677/677/677
f 665/665/665 666/666/666 678/678/678
f 666/666/666 679/679/679 678/678/678
f 666/666/666 667/667/667 679/679/679
f 667/667/667 680/680/680 679/679/679
f 667/667/667 668/668/668 680/680/680
f 668/668/668 681/681/681 680/680/680
f 668/668/668 669/669/669 681/681/681
f 669/669/669 682/682/682 681/681/681
f 669/669/669 670/670/670 682/682/682
f 670/670/670 683/683/683 682/682/682
f 670/670/670 671/671/671 683/683/683
f 671/671/671 684/684/684 683/683/683
f 671/671/671 672/672/672 684/684/684
f 672/672/672 685/685/685 684/684/684
f 672/672/672 673/673/673 685/685/685
f 673/673/673 686/686/686 685/685/685
f 673/673/673 674/674/674 686/686/686
f 674/674/674 687/687/687 686/686/686
f 674/674/674 675/675/675 687/687/687
f 675/675/675 688/688/688 687/687/687
f 675/675/675 676/676/676 688/688/688
f 676/676/676 689/689/689 688/688/688
f 677/677/677 678/678/678 690/690/690
f 678/678/678 691/691/691 690/690/690
f 678/678/678 679/679/679 691/691/691
f 679/679/679 692/692/692 691/691/691
f 679/679/679 680/680/680 692/692/692
f 680/680/680 693/693/693 692/692/692
f 680/680/680 681/681/681 693/693/693
f 681/681/681 694/694/694 693/693/693
f 681/681/681 682/682/682 694/694/694
f 682/682/682 695/695/695 694/694/694
f 682/682/682 683/683/683 695/695/695
f 683/683/683 696/696/696 695/695/695
f 683/683/683 684/684/684 696/696/696
f 684/684/684 697/697/697 696/696/696
f 684/684/684 685/685/685 697/697/697
f 685/685/685 698/698/698 697/697/697
f 685/685/685 686/686/686 698/698/698
f 686/686/686 699/699/699 698/698/698
f 686/686/686 687/687/687 699/699/699
f 687/687/687 700/700/700 699/699/699
f 687/687/687 688/688/688 700/700/700
f 688/688/688 701/701/701 700/700/700
f 688/688/688 689/689/689 701/701/701
f 689/689/689 702/702/702 701/701/701
f 690/690/690 691/691/691 703/703/703
f 691/691/691 704/704/704 703/703/703
f 691/691/691 692/692/692 704/704/704
f 692/692/692 705/705/705 704/704/704
f 692/692/692 693/693/693 705/705/705
f 693/693/693 706/706/706 705/705/705
f 693/693/693 694/694/694 706/706/706
f 694/694/694 707/707/707 706/706/706
f 694/694/694 695/695/695 707/707/707
f 695/695/695 708/708/708 707/707/707
f 695/695/695 696/696/696 708/708/708
f 696/696/696 709/709/709 708/708/708
f 696/696/696 697/697/697 709/709/709
f 697/697/697 710/710/710 709/709/709
f 697/697/697 698/698/698 710/710/710
f 698/698/698 711/711/711 710/710/710
f 698/698/698 699/699/699 711/711/711
f 699/699/699 712/712/712 711/711/711
f 699/699/699 700/700/700 712/712/712
f 700/700/700 713/713/713 712/712/712
f 700/700/700 701/701/701 713/713/713
f 701/701/701 714/714/714 713/713/713
f 701/701/701 702/702/702 714/714/714
f 702/702/702 715/715/715 714/714/714
f 703/703/703 704/704/704 716/716/716
f 704/704/704 717/717/717 716/716/716
f 704/704/704 705/705/705 717/717/717
f 705/705/705 718/718/718 717/717/717
f 705/705/705 706/706/706 718/718/718
f 706/706/706 719/719/719 718/718/718
f 706/706/706 707/707/707 719/719/719
f 707/707/707 720/720/720 719/719/719
f 707/707/707 708/708/708 720/720/720
f 708/708/708 721/721/721 720/720/720
f 708/708/708 709/709/709 721/721/721
f 709/709/709 722/722/722 721/721/721
f 709/709/709 710/710/710 722/722/722
f 710/710/710 723/723/723 722/722/722
f 710/710/710 711/711/711 723/723/723
f 711/711/711 724/724/724 723/723/723
f 711/711/711 712/712/712 724/724/724
f 712/712/712 725/725/725 724/724/724
f 712/712/712 713/713/713 725/725/725
f 713/713/713 726/726/726 725/725/725
f 713/713/713 714/714/714 726/726/726
f 714/714/714 727/727/727 726/726/726
f 714/714/714 715/715/715 727/727/727
f 715/715/715 728/728/728 727/727/727
f 716/716/716 717/717/717 729/729/729
f 717/717/717 730/730/730 729/729/729
f 717/717/717 718/718/718 730/730/730
f 718/718/718 731/731/731 730/730/730
f 718/718/718 719/719/719 731/731/731
f 719/719/719 732/732/732 731/731/731
f 719/719/719 720/720/720 732/732/732
f 720/720/720 733/733/733 732/732/732
f 720/720/720 721/721/721 733/733/733
f 721/721/721 734/734/734 733/733/733
f 721/721/721 722/722/722 734/734/734
f 722/722/722 735/735/735 734/734/734
f 722/722/722 723/723/723 735/735/735
f 723/723/723 736/736/736 735/735/735
f 723/723/723 724/724/724 736/736/736
f 724/724/724 737/737/737 736/736/736
f 724/724/724 725/725/725 737/737/737
f 725/725/725 738/738/738 737/737/737
f 725/725/725 726/726/726 738/738/738
f 726/726/726 739/739/739 738/738/738
f 726/726/726 727/727/727 739/739/739
f 727/727/727 740/740/740 739/739/739
f 727/727/727 728/728/728 740/740/740
f 728/728/728 741/741/741 740/740/740
f 729/729/729 730/730/730 742/742/742
f 730/730/730 743/743/743 742/742/742
f 730/730/730 731/731/731 743/743/743
f 731/731/731 744/744/744 743/743/743
f 731/731/731 732/732/732 744/744/744
f 732/732/732 745/745/745 744/744/744
f 732/732/732 733/733/733 745/745/745
f 733/733/733 746/746/746 745/745/745
f 733/733/733 734/734/734 746/746/746
f 734/734/734 747/747/747 746/746/746
f 734/734/734 735/735/735 747/747/747
f 735/735/735 748/748/748 747/747/747
f 735/735/735 736/736/736 748/748/748
f 736/736/736 749/749/749 748/748/748
f 736/736/736 737/737/737 749/749/749
f 737/737/737 750/750/750 749/749/749
f 737/737/737 738/738/738 750/750/750
f 738/738/738 751/751/751 750/750/750
f 738/738/738 739/739/739 751/751/751
f 739/739/739 752/752/752 751/751/751
f 739/739/739 740/740/740 752/752/752
f 740/740/740 753/753/753 752/752/752
f 740/740/740 741/741/741 753/753/753
f 741/741/741 754/754/754 753/753/753
f 742/742/742 743/743/743 755/755/755
f 743/743/743 756/756/756 755/755/755
f 743/743/743 744/744/744 756/756/756
f 744/744/744 757/757/757 756/756/756
f 744/744/744 745/745/745 757/757/757
f 745/745/745 758/758/758 757/757/757
f 745/745/745 746/746/746 758/758/758
f 746/746/746 759/759/759 758/758/758
f 746/746/746 747/747/747 759/759/759
f 747/747/747 760/760/760 759/759/759
f 747/747/747 748/748/748 760/760/760
f 748/748/748 761/761/761 760/760/760
f 748/748/748 749/749/749 761/761/761
f 749/749/749 762/762/762 761/761/761
f 749/749/749 750/750/750 762/762/762
f 750/750/750 763/763/763 762/762/762
f 750/750/750 751/751/751 763/763/763
f 751/751/751 764/764/764 763/763/763
f 751/751/751 752/752/752 764/764/764
f 752/752/752 765/765/765 764/764/764
f 752/752/752 753/753/753 765/765/765
f 753/753/753 766/766/766 765/765/765
f 753/753/753 754/754/754 766/766/766
f 754/754/754 767/767/767 766/766/766
f 755/755/755 756/756/756 768/768/768
f 756/756/756 769/769/769 768/768/768
f 756/756/756 757/757/757 769/769/769
f 757/757/757 770/770/770 769/769/769
f 757/757/757 758/758/758 770/770/770
f 758/758/758 771/771/771 770/770/770
f 758/758/758 759/759/759 771/771/771
f 759/759/759 772/772/772 771/771/771
f 759/759/759 760/760/760 772/772/772
f 760/760/760 773/773/773 772/772/772
f 760/760/760 761/761/761 773/773/773
f 761/761/761 774/774/774 773/773/773
f 761/761/761 762/762/762 774/774/774
f 762/762/762 775/775/775 774/774/774
f 762/762/762 763/763/763 775/775/775
f 763/763/763 776/776/776 775/775/775
f 763/763/763 764/764/764 776/776/776
f 764/764/764 777/777/777 776/776/776
f 764/764/764 765/765/765 777/777/777
f 765/765/765 778/778/778 777/777/777
f 765/765/765 766/766/766 778/778/778
f 766/766/766 779/779/779 778/778/778
f 766/766/766 767/767/767 779/779/779
f 767/767/767 780/780/780 779/779/779
f 768/768/768 769/769/769 781/781/781
f 769/769/769 782/782/782 781/781/781
f 769/769/769 770/770/770 782/782/782
f 770/770/770 783/783/783 782/782/782
f 770/770/770 771/771/771 783/783/783
f 771/771/771 784/784/784 783/783/783
f 771/771/771 772/772/772 784/784/784
f 772/772/772 785/785/785 784/784/784
f 772/772/772 773/773/773 785/785/785
f 773/773/773 786/786/786 785/785/785
f 773/773/773 774/774/774 786/786/786
f 774/774/774 787/787/787 786/786/786
f 774/774/774 775/775/775 787/787/787
f 775/775/775 788/788/788 787/787/787
f 775/775/775 776/776/776 788/788/788
f 776/776/776 789/789/789 788/788/788
f 776/776/776 777/777/777 789/789/789
f 777/777/777 790/790/790 789/789/789
f 777/777/777 778/778/778 790/790/790
f 778/778/778 791/791/791 790/790/790
f 778/778/778 779/779/779 791/791/791
f 779/779/779 792/792/792 791/791/791
f 779/779/779 780/780/780 792/792/792
f 780/780/780 793/793/793 792/792/792
f 781/781/781 782/782/782 794/794/794
f 782/782/782 795/795/795 794/794/794
f 782/782/782 783/783/783 795/795/795
f 783/783/783 796/796/796 795/795/795
f 783/783/783 784/784/784 796/796/796
f 784/784/784 797/797/797 796/796/796
f 784/784/784 785/785/785 797/797/797
f 785/785/785 798/798/798 797/797/797
f 785/785/785 786/786/786 798/798/798
f 786/786/786 799/799/799 798/798/798
f 786/786/786 787/787/787 799/799/799
f 787/787/787 800/800/800 799/799/799
f 787/787/787 788/788/788 800/800/800
f 788/788/788 801/801/801 800/800/800
f 788/788/788 789/789/789 801/801/801
f 789/789/789 802/802/802 801/801/801
f 789/789/789 790/790/790 802/802/802
f 790/790/790 803/803/803 802/802/802
f 790/790/790 791/791/791 803/803/803
f 791/791/791 804/804/804 803/803/803
f 791/791/791 792/792/792 804/804/804
f 792/792/792 805/805/805 804/804/804
f 792/792/792 793/793/793 805/805/805
f 793/793/793 806/806/806 805/805/805
f 794/794/794 795/795/795 807/807/807
f 795/795/795 808/808/808 807/807/807
f 795/795/795 796/796/796 808/808/808
f 796/796/796 809/809/809 808/808/808
f 796/796/796 797/797/797 809/809/809
f 797/797/797 810/810/810 809/809/809
f 797/797/797 798/798/798 810/810/810
f 798/798/798 811/811/811 810/810/810
f 798/798/798 799/799/799 811/811/811
f 799/799/799 812/812/812 811/811/811
f 799/799/799 800/800/800 812/812/812
f 800/800/800 813/813/813 812/812/812
f 800/800/800 801/801/801 813/813/813
f 801/801/801 814/814/814 813/813/813
f 801/801/801 802/802/802 814/814/814
f 802/802/802 815/815/815 814/814/814
f 802/802/802 803/803/803 815/815/815
f 803/803/803 816/816/816 815/815/815
f 803/803/803 804/804/804 816/816/816
f 804/804/804 817/817/817 816/816/816
f 804/804/804 805/805/805 817/817/817
f 805/805/805 818/818/818 817/817/817
f 805/805/805 806/806/806 818/818/818
f 806/806/806 819/819/819 818/818/818
f 807/807/807 808/808/808 820/820/820
f 808/808/808 821/821/821 820/820/820
f 808/808/808 809/809/809 821/821/821
f 809/809/809 822/822/822 821/821/821
f 809/809/809 810/810/810 822/822/822
f 810/810/810 823/823/823 822/822/822
f 810/810/810 811/811/811 823/823/823
f 811/811/811 824/824/824 823/823/823
f 811/811/811 812/812/812 824/824/824
f 812/812/812 825/825/825 824/824/824
f 812/812/812 813/813/813 825/825/825
f 813/813/813 826/826/826 825/825/825
f 813/813/813 814/814/814 826/826/826
f 814/814/814 827/827/827 826/826/826
f 814/814/814 815/815/815 827/827/827
f 815/815/815 828/828/828 827/827/827
f 815/815/815 816/816/816 828/828/828
f 816/816/816 829/829/829 828/828/828
f 816/816/816 817/817/817 829/829/829
f 817/817/817 830/830/830 829/829/829
f 817/817/817 818/818/818 830/830/830
f 818/818/818 831/831/831 830/830/830
f 818/818/818 819/819/819 831/831/831
f 819/819/819 832/832/832 831/831/831
f 820/820/820 821/821/821 833/833/833
f 821/821/821 834/834/834 833/833/833
f 821/821/821 822/822/822 834/834/834
f 822/822/822 835/835/835 834/834/834
f 822/822/822 823/823/823 835/835/835
f 823/823/823 836/836/836 835/835/835
f 823/823/823 824/824/824 836/836/836
f 824/824/824 837/837/837 836/836/836
f 824/824/824 825/825/825 837/837/837
f 825/825/825 838/838/838 837/837/837
f 825/825/825 826/826/826 838/838/838
f 826/826/826 839/839/839 838/838/838
f 826/826/826 827/827/827 839/839/839
f 827/827/827 840/840/840 839/839/839
f 827/827/827 828/828/828 840/840/840
f 828/828/828 841/841/841 840/840/840
f 828/828/828 829/829/829 841/841/841
f 829/829/829 842/842/842 841/841/841
f 829/829/829 830/830/830 842/842/842
f 830/830/830 843/843/843 842/842/842
f 830/830/830 831/831/831 843/843/843
f 831/831/831 844/844/844 843/843/843
f 831/831/831 832/832/832 844/844/844
f 832/832/832 845/845/845 844/844/844
